Genus,genome_count,fraction,percentage
Begomovirus,842,0.04251881028127052,4.251881028127052
Orthobunyavirus,564,0.028480533252537493,2.8480533252537494
Hodnevirus,467,0.023582285512296117,2.3582285512296117
Enterovirus,336,0.016967126193001062,1.6967126193001063
Phlebovirus,242,0.012220370650911479,1.2220370650911478
Potyvirus,229,0.011563904458920365,1.1563904458920364
Orthonairovirus,190,0.009594505882947028,0.9594505882947028
Orbivirus,187,0.009443013684795233,0.9443013684795233
Mastadenovirus,184,0.009291521486643438,0.9291521486643438
Orthoreovirus,173,0.008736050093420189,0.8736050093420189
Przondovirus,130,0.006564661919911125,0.6564661919911124
Orthohantavirus,128,0.006463667121143261,0.6463667121143262
Gemycircularvirus,126,0.006362672322375398,0.6362672322375398
Mammarenavirus,119,0.006009190526687876,0.6009190526687875
Ilarvirus,107,0.005403221734080695,0.5403221734080695
Cheoctovirus,106,0.005352724334696763,0.5352724334696763
Webervirus,100,0.005049739938393172,0.5049739938393172
Drulisvirus,97,0.004898247740241377,0.48982477402413777
Felixounavirus,97,0.004898247740241377,0.48982477402413777
Skunavirus,94,0.0047467555420895825,0.47467555420895824
Nepovirus,90,0.004544765944553855,0.4544765944553855
Rotavirus,89,0.004494268545169924,0.4494268545169924
Cyclovirus,88,0.004443771145785992,0.4443771145785992
Porprismacovirus,88,0.004443771145785992,0.4443771145785992
Varicosavirus,86,0.004342776347018128,0.4342776347018128
Mastrevirus,83,0.004191284148866333,0.4191284148866333
Tequatrovirus,82,0.004140786749482402,0.4140786749482402
Moineauvirus,81,0.00409028935009847,0.409028935009847
Polerovirus,79,0.003989294551330606,0.3989294551330606
Orthotospovirus,79,0.003989294551330606,0.3989294551330606
Orthoflavivirus,79,0.003989294551330606,0.3989294551330606
Alphapapillomavirus,78,0.003938797151946675,0.39387971519466747
Epseptimavirus,78,0.003938797151946675,0.39387971519466747
Alphabaculovirus,74,0.0037368075544109477,0.37368075544109475
Badnavirus,72,0.0036358127556430845,0.36358127556430847
Alphacytorhabdovirus,72,0.0036358127556430845,0.36358127556430847
Carlavirus,71,0.0035853153562591528,0.3585315356259153
Alphachrysovirus,70,0.003534817956875221,0.3534817956875221
Tequintavirus,70,0.003534817956875221,0.3534817956875221
Kayfunavirus,70,0.003534817956875221,0.3534817956875221
Circovirus,70,0.003534817956875221,0.3534817956875221
Gammapapillomavirus,69,0.003484320557491289,0.34843205574912894
Nanovirus,69,0.003484320557491289,0.34843205574912894
Friunavirus,65,0.0032823309599555625,0.3282330959955562
Jerseyvirus,64,0.0032318335605716307,0.3231833560571631
Alehxovirus,64,0.0032318335605716307,0.3231833560571631
Betacytorhabdovirus,60,0.0030298439630359036,0.30298439630359036
Huhbevirus,60,0.0030298439630359036,0.30298439630359036
Pahexavirus,57,0.0028783517648841087,0.28783517648841084
Uukuvirus,54,0.0027268595667323133,0.2726859566732313
Alphapolyomavirus,54,0.0027268595667323133,0.2726859566732313
Potexvirus,54,0.0027268595667323133,0.2726859566732313
Alphavirus,53,0.0026763621673483815,0.2676362167348382
Gemykibivirus,50,0.002524869969196586,0.2524869969196586
Teetrevirus,50,0.002524869969196586,0.2524869969196586
Duamitovirus,49,0.002474372569812655,0.24743725698126548
Magoulivirus,49,0.002474372569812655,0.24743725698126548
Betapapillomavirus,49,0.002474372569812655,0.24743725698126548
Dhillonvirus,49,0.002474372569812655,0.24743725698126548
Aquareovirus,48,0.002423875170428723,0.2423875170428723
Unuamitovirus,46,0.0023228803716608595,0.23228803716608595
Pbunavirus,45,0.0022723829722769277,0.22723829722769276
Namikivirus,45,0.0022723829722769277,0.22723829722769276
Koteshevirus,44,0.002221885572892996,0.2221885572892996
Betapolyomavirus,42,0.0021208907741251328,0.2120890774125133
Emaravirus,41,0.002070393374741201,0.2070393374741201
Hohrdovirus,40,0.002019895975357269,0.20198959753572693
Kuttervirus,40,0.002019895975357269,0.20198959753572693
Fromanvirus,39,0.0019693985759733374,0.19693985759733373
Mihkrovirus,39,0.0019693985759733374,0.19693985759733373
Cypovirus,39,0.0019693985759733374,0.19693985759733373
Giliycovirus,38,0.0019189011765894056,0.19189011765894057
Tikiyavirus,38,0.0019189011765894056,0.19189011765894057
Betatorquevirus,38,0.0019189011765894056,0.19189011765894057
Orthohepadnavirus,37,0.0018684037772054738,0.18684037772054737
Aviadenovirus,37,0.0018684037772054738,0.18684037772054737
Tobamovirus,36,0.0018179063778215423,0.18179063778215424
Bocaparvovirus,36,0.0018179063778215423,0.18179063778215424
Vequintavirus,36,0.0018179063778215423,0.18179063778215424
Radbaivirus,35,0.0017674089784376105,0.17674089784376104
Ceduovirus,34,0.0017169115790536787,0.17169115790536787
Brussowvirus,34,0.0017169115790536787,0.17169115790536787
Fijivirus,34,0.0017169115790536787,0.17169115790536787
Chaphamaparvovirus,34,0.0017169115790536787,0.17169115790536787
Pakpunavirus,34,0.0017169115790536787,0.17169115790536787
Bicehmovirus,33,0.001666414179669747,0.16664141796697468
Cosavirus,33,0.001666414179669747,0.16664141796697468
Waikavirus,33,0.001666414179669747,0.16664141796697468
Jeilongvirus,32,0.0016159167802858154,0.16159167802858154
Totivirus,32,0.0016159167802858154,0.16159167802858154
Victorivirus,32,0.0016159167802858154,0.16159167802858154
Orthophasmavirus,31,0.0015654193809018836,0.15654193809018835
Sclerotimonavirus,31,0.0015654193809018836,0.15654193809018835
Phietavirus,30,0.0015149219815179518,0.15149219815179518
Berlinvirus,30,0.0015149219815179518,0.15149219815179518
Peduovirus,30,0.0015149219815179518,0.15149219815179518
Babuvirus,30,0.0015149219815179518,0.15149219815179518
Ranavirus,29,0.00146442458213402,0.146442458213402
Betapartitivirus,29,0.00146442458213402,0.146442458213402
Phikmvvirus,29,0.00146442458213402,0.146442458213402
Penoulivirus,29,0.00146442458213402,0.146442458213402
Teseptimavirus,28,0.0014139271827500884,0.14139271827500885
Betabaculovirus,28,0.0014139271827500884,0.14139271827500885
Comovirus,28,0.0014139271827500884,0.14139271827500885
Anayavirus,28,0.0014139271827500884,0.14139271827500885
Crinivirus,28,0.0014139271827500884,0.14139271827500885
Parechovirus,28,0.0014139271827500884,0.14139271827500885
Bandavirus,27,0.0013634297833661567,0.13634297833661566
Barthadenovirus,27,0.0013634297833661567,0.13634297833661566
Tenuivirus,27,0.0013634297833661567,0.13634297833661566
Sobemovirus,27,0.0013634297833661567,0.13634297833661566
Colecusatellite,27,0.0013634297833661567,0.13634297833661566
Dependoparvovirus,27,0.0013634297833661567,0.13634297833661566
Scleroulivirus,27,0.0013634297833661567,0.13634297833661566
Alphacoronavirus,27,0.0013634297833661567,0.13634297833661566
Hepacivirus,26,0.0013129323839822249,0.1312932383982225
Alphatorquevirus,26,0.0013129323839822249,0.1312932383982225
Torbevirus,26,0.0013129323839822249,0.1312932383982225
Fabavirus,26,0.0013129323839822249,0.1312932383982225
Cardiovirus,26,0.0013129323839822249,0.1312932383982225
Kayvirus,25,0.001262434984598293,0.1262434984598293
Casadabanvirus,24,0.0012119375852143615,0.12119375852143616
Tunavirus,24,0.0012119375852143615,0.12119375852143616
Aquambidensovirus,24,0.0012119375852143615,0.12119375852143616
Sigmavirus,24,0.0012119375852143615,0.12119375852143616
Betachrysovirus,24,0.0012119375852143615,0.12119375852143616
Alphaendornavirus,24,0.0012119375852143615,0.12119375852143616
Ninurtavirus,24,0.0012119375852143615,0.12119375852143616
Yeziwivirus,23,0.0011614401858304297,0.11614401858304298
Gihfavirus,23,0.0011614401858304297,0.11614401858304298
Betanodavirus,23,0.0011614401858304297,0.11614401858304298
Alphapartitivirus,23,0.0011614401858304297,0.11614401858304298
Protoparvovirus,23,0.0011614401858304297,0.11614401858304298
Vohsuavirus,23,0.0011614401858304297,0.11614401858304298
Botoulivirus,23,0.0011614401858304297,0.11614401858304298
Triavirus,23,0.0011614401858304297,0.11614401858304298
Felismacovirus,23,0.0011614401858304297,0.11614401858304298
Korravirus,22,0.001110942786446498,0.1110942786446498
Coltivirus,22,0.001110942786446498,0.1110942786446498
Thogotovirus,22,0.001110942786446498,0.1110942786446498
Hartmanivirus,22,0.001110942786446498,0.1110942786446498
Pegivirus,22,0.001110942786446498,0.1110942786446498
Hihlwovirus,22,0.001110942786446498,0.1110942786446498
Kuravirus,22,0.001110942786446498,0.1110942786446498
Vesiculovirus,22,0.001110942786446498,0.1110942786446498
Torradovirus,22,0.001110942786446498,0.1110942786446498
Qoptorquevirus,22,0.001110942786446498,0.1110942786446498
Alphafusarivirus,22,0.001110942786446498,0.1110942786446498
Tlsvirus,22,0.001110942786446498,0.1110942786446498
Ledantevirus,21,0.0010604453870625664,0.10604453870625664
Septimatrevirus,21,0.0010604453870625664,0.10604453870625664
Bromovirus,21,0.0010604453870625664,0.10604453870625664
Blinduvirus,21,0.0010604453870625664,0.10604453870625664
Phasivirus,21,0.0010604453870625664,0.10604453870625664
Pestivirus,21,0.0010604453870625664,0.10604453870625664
Kobuvirus,20,0.0010099479876786346,0.10099479876786346
Asfivirus,20,0.0010099479876786346,0.10099479876786346
Wizardvirus,20,0.0010099479876786346,0.10099479876786346
Vividuovirus,20,0.0010099479876786346,0.10099479876786346
Hanrivervirus,20,0.0010099479876786346,0.10099479876786346
Tombusvirus,20,0.0010099479876786346,0.10099479876786346
Varicellovirus,20,0.0010099479876786346,0.10099479876786346
Fusagravirus,20,0.0010099479876786346,0.10099479876786346
Schiekvirus,20,0.0010099479876786346,0.10099479876786346
Betanucleorhabdovirus,19,0.0009594505882947028,0.09594505882947028
Vitivirus,19,0.0009594505882947028,0.09594505882947028
Mamastrovirus,19,0.0009594505882947028,0.09594505882947028
Tymovirus,19,0.0009594505882947028,0.09594505882947028
Mobatvirus,19,0.0009594505882947028,0.09594505882947028
Orthobornavirus,19,0.0009594505882947028,0.09594505882947028
Alphanucleorhabdovirus,18,0.0009089531889107711,0.09089531889107712
Alphaplatrhavirus,18,0.0009089531889107711,0.09089531889107712
Lyssavirus,18,0.0009089531889107711,0.09089531889107712
Lohngkovirus,18,0.0009089531889107711,0.09089531889107712
Sugarlandvirus,18,0.0009089531889107711,0.09089531889107712
Vectrevirus,18,0.0009089531889107711,0.09089531889107712
Spinunavirus,18,0.0009089531889107711,0.09089531889107712
Dubowvirus,18,0.0009089531889107711,0.09089531889107712
Hinxtonvirus,18,0.0009089531889107711,0.09089531889107712
Warwickvirus,18,0.0009089531889107711,0.09089531889107712
Parajeilongvirus,18,0.0009089531889107711,0.09089531889107712
Hapavirus,18,0.0009089531889107711,0.09089531889107712
Bixzunavirus,18,0.0009089531889107711,0.09089531889107712
Charlievirus,18,0.0009089531889107711,0.09089531889107712
Mooglevirus,18,0.0009089531889107711,0.09089531889107712
Fernvirus,18,0.0009089531889107711,0.09089531889107712
Gammacytorhabdovirus,18,0.0009089531889107711,0.09089531889107712
Maculvirus,17,0.0008584557895268394,0.08584557895268394
Betacoronavirus,17,0.0008584557895268394,0.08584557895268394
Alpharicinrhavirus,17,0.0008584557895268394,0.08584557895268394
Seadornavirus,17,0.0008584557895268394,0.08584557895268394
Enamovirus,17,0.0008584557895268394,0.08584557895268394
Alphanodavirus,17,0.0008584557895268394,0.08584557895268394
Oxychlovirus,17,0.0008584557895268394,0.08584557895268394
Rosenblumvirus,17,0.0008584557895268394,0.08584557895268394
Chivirus,17,0.0008584557895268394,0.08584557895268394
Teschovirus,17,0.0008584557895268394,0.08584557895268394
Simplexvirus,17,0.0008584557895268394,0.08584557895268394
Zayintorquevirus,17,0.0008584557895268394,0.08584557895268394
Fishburnevirus,16,0.0008079583901429077,0.08079583901429077
Lambovirus,16,0.0008079583901429077,0.08079583901429077
Gemykolovirus,16,0.0008079583901429077,0.08079583901429077
Cilevirus,16,0.0008079583901429077,0.08079583901429077
Sadwavirus,16,0.0008079583901429077,0.08079583901429077
Yangvirus,16,0.0008079583901429077,0.08079583901429077
Insevirus,16,0.0008079583901429077,0.08079583901429077
Reptarenavirus,16,0.0008079583901429077,0.08079583901429077
Penicillimonavirus,16,0.0008079583901429077,0.08079583901429077
Backyardiganvirus,16,0.0008079583901429077,0.08079583901429077
Iflavirus,16,0.0008079583901429077,0.08079583901429077
Pradovirus,16,0.0008079583901429077,0.08079583901429077
Pacuvirus,15,0.0007574609907589759,0.07574609907589759
Aphthovirus,15,0.0007574609907589759,0.07574609907589759
Hysdruvirus,15,0.0007574609907589759,0.07574609907589759
Deltapapillomavirus,15,0.0007574609907589759,0.07574609907589759
Wibpevirus,15,0.0007574609907589759,0.07574609907589759
Andhaxevirus,15,0.0007574609907589759,0.07574609907589759
Ephemerovirus,15,0.0007574609907589759,0.07574609907589759
Etatorquevirus,15,0.0007574609907589759,0.07574609907589759
Chahsmivirus,15,0.0007574609907589759,0.07574609907589759
Gammatorquevirus,15,0.0007574609907589759,0.07574609907589759
Goukovirus,15,0.0007574609907589759,0.07574609907589759
Lohwivirus,15,0.0007574609907589759,0.07574609907589759
Pomovirus,15,0.0007574609907589759,0.07574609907589759
Sunrhavirus,15,0.0007574609907589759,0.07574609907589759
Aquabirnavirus,15,0.0007574609907589759,0.07574609907589759
Mosigvirus,15,0.0007574609907589759,0.07574609907589759
Yuhrihovirus,15,0.0007574609907589759,0.07574609907589759
Simiispumavirus,15,0.0007574609907589759,0.07574609907589759
Closterovirus,15,0.0007574609907589759,0.07574609907589759
Coguvirus,14,0.0007069635913750442,0.07069635913750442
Biseptimavirus,14,0.0007069635913750442,0.07069635913750442
Rubodvirus,14,0.0007069635913750442,0.07069635913750442
Orthodiscovirus,14,0.0007069635913750442,0.07069635913750442
Clecrusatellite,14,0.0007069635913750442,0.07069635913750442
Furovirus,14,0.0007069635913750442,0.07069635913750442
Betascleroulivirus,14,0.0007069635913750442,0.07069635913750442
Shanivirus,14,0.0007069635913750442,0.07069635913750442
Gamaleyavirus,14,0.0007069635913750442,0.07069635913750442
Bymovirus,14,0.0007069635913750442,0.07069635913750442
Likavirus,14,0.0007069635913750442,0.07069635913750442
Gyrovirus,14,0.0007069635913750442,0.07069635913750442
Pecentumvirus,14,0.0007069635913750442,0.07069635913750442
Efquatrovirus,14,0.0007069635913750442,0.07069635913750442
Metaavulavirus,14,0.0007069635913750442,0.07069635913750442
Medawarvirus,14,0.0007069635913750442,0.07069635913750442
Gulmivirus,14,0.0007069635913750442,0.07069635913750442
Hepatovirus,14,0.0007069635913750442,0.07069635913750442
Carltongylesvirus,14,0.0007069635913750442,0.07069635913750442
Luteovirus,14,0.0007069635913750442,0.07069635913750442
Allexivirus,14,0.0007069635913750442,0.07069635913750442
Polymycovirus,14,0.0007069635913750442,0.07069635913750442
Kochikohdavirus,14,0.0007069635913750442,0.07069635913750442
Benedictvirus,14,0.0007069635913750442,0.07069635913750442
Chipapillomavirus,13,0.0006564661919911124,0.06564661919911124
Avoomyvirus,13,0.0006564661919911124,0.06564661919911124
Fletchervirus,13,0.0006564661919911124,0.06564661919911124
Kecuhnavirus,13,0.0006564661919911124,0.06564661919911124
Gemykrogvirus,13,0.0006564661919911124,0.06564661919911124
Gansuvirus,13,0.0006564661919911124,0.06564661919911124
Spicivirus,13,0.0006564661919911124,0.06564661919911124
Rhadinovirus,13,0.0006564661919911124,0.06564661919911124
Turbidovirus,13,0.0006564661919911124,0.06564661919911124
Gordonvirus,13,0.0006564661919911124,0.06564661919911124
Wahrwivirus,13,0.0006564661919911124,0.06564661919911124
Caulimovirus,13,0.0006564661919911124,0.06564661919911124
Ampelovirus,13,0.0006564661919911124,0.06564661919911124
Copernicusvirus,13,0.0006564661919911124,0.06564661919911124
Phapecoctavirus,13,0.0006564661919911124,0.06564661919911124
Whispovirus,13,0.0006564661919911124,0.06564661919911124
Inovirus,13,0.0006564661919911124,0.06564661919911124
Kungsnevirus,13,0.0006564661919911124,0.06564661919911124
Unirnavirus,13,0.0006564661919911124,0.06564661919911124
Lidtloavirus,13,0.0006564661919911124,0.06564661919911124
Quihndovirus,13,0.0006564661919911124,0.06564661919911124
Quaranjavirus,13,0.0006564661919911124,0.06564661919911124
Traversvirus,13,0.0006564661919911124,0.06564661919911124
Betaplatrhavirus,12,0.0006059687926071808,0.06059687926071808
Alphahypovirus,12,0.0006059687926071808,0.06059687926071808
Dhakavirus,12,0.0006059687926071808,0.06059687926071808
Paclarkvirus,12,0.0006059687926071808,0.06059687926071808
Orthopoxvirus,12,0.0006059687926071808,0.06059687926071808
Botybirnavirus,12,0.0006059687926071808,0.06059687926071808
Siadenovirus,12,0.0006059687926071808,0.06059687926071808
Nymphadoravirus,12,0.0006059687926071808,0.06059687926071808
Gemyduguivirus,12,0.0006059687926071808,0.06059687926071808
Anulavirus,12,0.0006059687926071808,0.06059687926071808
Ghunavirus,12,0.0006059687926071808,0.06059687926071808
Shilevirus,12,0.0006059687926071808,0.06059687926071808
Coopervirus,12,0.0006059687926071808,0.06059687926071808
Macluravirus,12,0.0006059687926071808,0.06059687926071808
Dichorhavirus,12,0.0006059687926071808,0.06059687926071808
Thalassavirus,12,0.0006059687926071808,0.06059687926071808
Longovirus,12,0.0006059687926071808,0.06059687926071808
Cucumovirus,12,0.0006059687926071808,0.06059687926071808
Divipalmivirus,12,0.0006059687926071808,0.06059687926071808
Kagunavirus,12,0.0006059687926071808,0.06059687926071808
Alkesdovirus,12,0.0006059687926071808,0.06059687926071808
Alexandravirus,12,0.0006059687926071808,0.06059687926071808
Xipapillomavirus,12,0.0006059687926071808,0.06059687926071808
Wbetavirus,12,0.0006059687926071808,0.06059687926071808
Amdoparvovirus,12,0.0006059687926071808,0.06059687926071808
Phimunavirus,12,0.0006059687926071808,0.06059687926071808
Mudcatvirus,12,0.0006059687926071808,0.06059687926071808
Blunervirus,12,0.0006059687926071808,0.06059687926071808
Sopolycivirus,12,0.0006059687926071808,0.06059687926071808
Foveavirus,12,0.0006059687926071808,0.06059687926071808
Nicoomyvirus,12,0.0006059687926071808,0.06059687926071808
Betafusarivirus,11,0.000555471393223249,0.0555471393223249
Alphamesonivirus,11,0.000555471393223249,0.0555471393223249
Luthavirus,11,0.000555471393223249,0.0555471393223249
Cytomegalovirus,11,0.000555471393223249,0.0555471393223249
Lughthovirus,11,0.000555471393223249,0.0555471393223249
Lobdovirus,11,0.000555471393223249,0.0555471393223249
Marafivirus,11,0.000555471393223249,0.0555471393223249
Cauhldivirus,11,0.000555471393223249,0.0555471393223249
Mivirus,11,0.000555471393223249,0.0555471393223249
Parahenipavirus,11,0.000555471393223249,0.0555471393223249
Megrivirus,11,0.000555471393223249,0.0555471393223249
Pararubulavirus,11,0.000555471393223249,0.0555471393223249
Curtovirus,11,0.000555471393223249,0.0555471393223249
Andromedavirus,11,0.000555471393223249,0.0555471393223249
Otagovirus,11,0.000555471393223249,0.0555471393223249
Orthoavulavirus,11,0.000555471393223249,0.0555471393223249
Rogunavirus,11,0.000555471393223249,0.0555471393223249
Norovirus,11,0.000555471393223249,0.0555471393223249
Laulavirus,11,0.000555471393223249,0.0555471393223249
Ollusvirus,11,0.000555471393223249,0.0555471393223249
Aveparvovirus,11,0.000555471393223249,0.0555471393223249
Samistivirus,11,0.000555471393223249,0.0555471393223249
Vansinderenvirus,11,0.000555471393223249,0.0555471393223249
Lambdapapillomavirus,10,0.0005049739938393173,0.05049739938393173
Gammaretrovirus,10,0.0005049739938393173,0.05049739938393173
Camvirus,10,0.0005049739938393173,0.05049739938393173
Garnievirus,10,0.0005049739938393173,0.05049739938393173
Umbravirus,10,0.0005049739938393173,0.05049739938393173
Montyvirus,10,0.0005049739938393173,0.05049739938393173
Pohlevirus,10,0.0005049739938393173,0.05049739938393173
Betahypovirus,10,0.0005049739938393173,0.05049739938393173
Lentivirus,10,0.0005049739938393173,0.05049739938393173
Paslahepevirus,10,0.0005049739938393173,0.05049739938393173
Moriyavirus,10,0.0005049739938393173,0.05049739938393173
Endehruvirus,10,0.0005049739938393173,0.05049739938393173
Trotivirus,10,0.0005049739938393173,0.05049739938393173
Morbillivirus,10,0.0005049739938393173,0.05049739938393173
Bexdevirus,10,0.0005049739938393173,0.05049739938393173
Wifcevirus,10,0.0005049739938393173,0.05049739938393173
Claudivirus,10,0.0005049739938393173,0.05049739938393173
Gladiatorvirus,10,0.0005049739938393173,0.05049739938393173
Gammapartitivirus,10,0.0005049739938393173,0.05049739938393173
Copiparvovirus,10,0.0005049739938393173,0.05049739938393173
Gammapolyomavirus,10,0.0005049739938393173,0.05049739938393173
Avihepadnavirus,10,0.0005049739938393173,0.05049739938393173
Ohlsrhavirus,10,0.0005049739938393173,0.05049739938393173
Alphatrevirus,10,0.0005049739938393173,0.05049739938393173
Peeveelvirus,10,0.0005049739938393173,0.05049739938393173
Phytoreovirus,10,0.0005049739938393173,0.05049739938393173
Pirifovirus,10,0.0005049739938393173,0.05049739938393173
Wohtovirus,10,0.0005049739938393173,0.05049739938393173
Beenievirus,10,0.0005049739938393173,0.05049739938393173
Betabotoulivirus,10,0.0005049739938393173,0.05049739938393173
Trichovirus,10,0.0005049739938393173,0.05049739938393173
Bruncluvirus,9,0.00045447659445538557,0.04544765944553856
Botrytimonavirus,9,0.00045447659445538557,0.04544765944553856
Artivirus,9,0.00045447659445538557,0.04544765944553856
Velarivirus,9,0.00045447659445538557,0.04544765944553856
Attisvirus,9,0.00045447659445538557,0.04544765944553856
Rosavirus,9,0.00045447659445538557,0.04544765944553856
Sicinivirus,9,0.00045447659445538557,0.04544765944553856
Fagihyuvirus,9,0.00045447659445538557,0.04544765944553856
Respirovirus,9,0.00045447659445538557,0.04544765944553856
Versovirus,9,0.00045447659445538557,0.04544765944553856
Triamitovirus,9,0.00045447659445538557,0.04544765944553856
Peropuvirus,9,0.00045447659445538557,0.04544765944553856
Phaeovirus,9,0.00045447659445538557,0.04544765944553856
Higrevirus,9,0.00045447659445538557,0.04544765944553856
Herbevirus,9,0.00045447659445538557,0.04544765944553856
Antennavirus,9,0.00045447659445538557,0.04544765944553856
Mycoreovirus,9,0.00045447659445538557,0.04544765944553856
Orthorubulavirus,9,0.00045447659445538557,0.04544765944553856
Paopuvirus,9,0.00045447659445538557,0.04544765944553856
Tupavirus,9,0.00045447659445538557,0.04544765944553856
Pahspavirus,9,0.00045447659445538557,0.04544765944553856
Wahlkovirus,9,0.00045447659445538557,0.04544765944553856
Cheravirus,9,0.00045447659445538557,0.04544765944553856
Cornellvirus,9,0.00045447659445538557,0.04544765944553856
Megalocytivirus,9,0.00045447659445538557,0.04544765944553856
Amalgavirus,9,0.00045447659445538557,0.04544765944553856
Bonnellvirus,9,0.00045447659445538557,0.04544765944553856
Lymphocryptovirus,9,0.00045447659445538557,0.04544765944553856
Litunavirus,9,0.00045447659445538557,0.04544765944553856
Tibrovirus,9,0.00045447659445538557,0.04544765944553856
Betapleolipovirus,9,0.00045447659445538557,0.04544765944553856
Quhwahvirus,9,0.00045447659445538557,0.04544765944553856
Alphagymnorhavirus,9,0.00045447659445538557,0.04544765944553856
Loptevirus,9,0.00045447659445538557,0.04544765944553856
Ipomovirus,9,0.00045447659445538557,0.04544765944553856
Pseudotevenvirus,9,0.00045447659445538557,0.04544765944553856
Thetatorquevirus,9,0.00045447659445538557,0.04544765944553856
Kostyavirus,9,0.00045447659445538557,0.04544765944553856
Kratiovirus,9,0.00045447659445538557,0.04544765944553856
Kroosvirus,8,0.00040397919507145384,0.040397919507145386
Ahphunavirus,8,0.00040397919507145384,0.040397919507145386
Yingvirus,8,0.00040397919507145384,0.040397919507145386
Buchavirus,8,0.00040397919507145384,0.040397919507145386
Sripuvirus,8,0.00040397919507145384,0.040397919507145386
Adrianbuildvirus,8,0.00040397919507145384,0.040397919507145386
Rabovirus,8,0.00040397919507145384,0.040397919507145386
Thottimvirus,8,0.00040397919507145384,0.040397919507145386
Tetraparvovirus,8,0.00040397919507145384,0.040397919507145386
Upsilontorquevirus,8,0.00040397919507145384,0.040397919507145386
Orthocurvulavirus,8,0.00040397919507145384,0.040397919507145386
Pegunavirus,8,0.00040397919507145384,0.040397919507145386
Pelarspovirus,8,0.00040397919507145384,0.040397919507145386
Tulanevirus,8,0.00040397919507145384,0.040397919507145386
Epsilonhypovirus,8,0.00040397919507145384,0.040397919507145386
Obolenskvirus,8,0.00040397919507145384,0.040397919507145386
Benyvirus,8,0.00040397919507145384,0.040397919507145386
Trirhavirus,8,0.00040397919507145384,0.040397919507145386
Veracruzvirus,8,0.00040397919507145384,0.040397919507145386
Acamarivirus,8,0.00040397919507145384,0.040397919507145386
Honmavirus,8,0.00040397919507145384,0.040397919507145386
Macavirus,8,0.00040397919507145384,0.040397919507145386
Lowsuvirus,8,0.00040397919507145384,0.040397919507145386
Hunnivirus,8,0.00040397919507145384,0.040397919507145386
Ignaciovirus,8,0.00040397919507145384,0.040397919507145386
Megabirnavirus,8,0.00040397919507145384,0.040397919507145386
Capillovirus,8,0.00040397919507145384,0.040397919507145386
Lincruvirus,8,0.00040397919507145384,0.040397919507145386
Lebotivirus,8,0.00040397919507145384,0.040397919507145386
Alphacarmovirus,8,0.00040397919507145384,0.040397919507145386
Lazarusvirus,8,0.00040397919507145384,0.040397919507145386
Almendravirus,8,0.00040397919507145384,0.040397919507145386
Jakapalmivirus,8,0.00040397919507145384,0.040397919507145386
Lyejrivirus,8,0.00040397919507145384,0.040397919507145386
Alphahymrhavirus,8,0.00040397919507145384,0.040397919507145386
Bocivirus,8,0.00040397919507145384,0.040397919507145386
Taipeivirus,8,0.00040397919507145384,0.040397919507145386
Mobuvirus,8,0.00040397919507145384,0.040397919507145386
Molucevirus,8,0.00040397919507145384,0.040397919507145386
Taupapillomavirus,8,0.00040397919507145384,0.040397919507145386
Gosmusatellite,8,0.00040397919507145384,0.040397919507145386
Cahtebovirus,8,0.00040397919507145384,0.040397919507145386
Mersevirus,8,0.00040397919507145384,0.040397919507145386
Gemygorvirus,8,0.00040397919507145384,0.040397919507145386
Betaentomopoxvirus,7,0.0003534817956875221,0.03534817956875221
Berhavirus,7,0.0003534817956875221,0.03534817956875221
Coventryvirus,7,0.0003534817956875221,0.03534817956875221
Protoambidensovirus,7,0.0003534817956875221,0.03534817956875221
Protobacilladnavirus,7,0.0003534817956875221,0.03534817956875221
Betaendornavirus,7,0.0003534817956875221,0.03534817956875221
Keghovirus,7,0.0003534817956875221,0.03534817956875221
Fibrovirus,7,0.0003534817956875221,0.03534817956875221
Firehammervirus,7,0.0003534817956875221,0.03534817956875221
Clavevirus,7,0.0003534817956875221,0.03534817956875221
Upsilonpapillomavirus,7,0.0003534817956875221,0.03534817956875221
Orthopicobirnavirus,7,0.0003534817956875221,0.03534817956875221
Avipoxvirus,7,0.0003534817956875221,0.03534817956875221
Audreyjarvisvirus,7,0.0003534817956875221,0.03534817956875221
Faithunavirus,7,0.0003534817956875221,0.03534817956875221
Erythroparvovirus,7,0.0003534817956875221,0.03534817956875221
Torentivirus,7,0.0003534817956875221,0.03534817956875221
Phobpsivirus,7,0.0003534817956875221,0.03534817956875221
Drosmacovirus,7,0.0003534817956875221,0.03534817956875221
Piorkowskivirus,7,0.0003534817956875221,0.03534817956875221
Pihngevirus,7,0.0003534817956875221,0.03534817956875221
Pipapillomavirus,7,0.0003534817956875221,0.03534817956875221
Percavirus,7,0.0003534817956875221,0.03534817956875221
Bequatrovirus,7,0.0003534817956875221,0.03534817956875221
Deltacoronavirus,7,0.0003534817956875221,0.03534817956875221
Ponsvirus,7,0.0003534817956875221,0.03534817956875221
Pitorquevirus,7,0.0003534817956875221,0.03534817956875221
Deltapolyomavirus,7,0.0003534817956875221,0.03534817956875221
Torontovirus,7,0.0003534817956875221,0.03534817956875221
Bruynoghevirus,7,0.0003534817956875221,0.03534817956875221
Kenoshavirus,7,0.0003534817956875221,0.03534817956875221
Soymovirus,7,0.0003534817956875221,0.03534817956875221
Bovismacovirus,7,0.0003534817956875221,0.03534817956875221
Nyavirus,7,0.0003534817956875221,0.03534817956875221
Gemykroznavirus,7,0.0003534817956875221,0.03534817956875221
Ningirsuvirus,7,0.0003534817956875221,0.03534817956875221
Artemvirus,7,0.0003534817956875221,0.03534817956875221
Ootivirus,7,0.0003534817956875221,0.03534817956875221
Tehnicivirus,7,0.0003534817956875221,0.03534817956875221
Hollowayvirus,7,0.0003534817956875221,0.03534817956875221
Mitdiwavirus,7,0.0003534817956875221,0.03534817956875221
Microwolfvirus,7,0.0003534817956875221,0.03534817956875221
Metavirus,7,0.0003534817956875221,0.03534817956875221
Metamorphoovirus,7,0.0003534817956875221,0.03534817956875221
Merhavirus,7,0.0003534817956875221,0.03534817956875221
Scarabeuvirus,7,0.0003534817956875221,0.03534817956875221
Hahsevirus,7,0.0003534817956875221,0.03534817956875221
Haloferacalesvirus,7,0.0003534817956875221,0.03534817956875221
Hampduvirus,7,0.0003534817956875221,0.03534817956875221
Mivedwarsatellite,7,0.0003534817956875221,0.03534817956875221
Anthevirus,7,0.0003534817956875221,0.03534817956875221
Chloriridovirus,7,0.0003534817956875221,0.03534817956875221
Rydonovirus,7,0.0003534817956875221,0.03534817956875221
Chlorovirus,7,0.0003534817956875221,0.03534817956875221
Aquingentivirus,7,0.0003534817956875221,0.03534817956875221
Formivirus,7,0.0003534817956875221,0.03534817956875221
Shihovirus,7,0.0003534817956875221,0.03534817956875221
Alphayadokarivirus,7,0.0003534817956875221,0.03534817956875221
Manhattanvirus,7,0.0003534817956875221,0.03534817956875221
Alphanudivirus,7,0.0003534817956875221,0.03534817956875221
Hordeivirus,7,0.0003534817956875221,0.03534817956875221
Horwuvirus,7,0.0003534817956875221,0.03534817956875221
Suseptimavirus,7,0.0003534817956875221,0.03534817956875221
Alpharetrovirus,7,0.0003534817956875221,0.03534817956875221
Alphafusellovirus,7,0.0003534817956875221,0.03534817956875221
Iteradensovirus,7,0.0003534817956875221,0.03534817956875221
Limdunavirus,7,0.0003534817956875221,0.03534817956875221
Campduvirus,7,0.0003534817956875221,0.03534817956875221
Cahdavirus,7,0.0003534817956875221,0.03534817956875221
Skatevirus,7,0.0003534817956875221,0.03534817956875221
Zitchvirus,7,0.0003534817956875221,0.03534817956875221
Acadevirus,6,0.0003029843963035904,0.03029843963035904
Aparavirus,6,0.0003029843963035904,0.03029843963035904
Gryffinivirus,6,0.0003029843963035904,0.03029843963035904
Wawtorquevirus,6,0.0003029843963035904,0.03029843963035904
Gregsiragusavirus,6,0.0003029843963035904,0.03029843963035904
Aureusvirus,6,0.0003029843963035904,0.03029843963035904
Fipivirus,6,0.0003029843963035904,0.03029843963035904
Usarudivirus,6,0.0003029843963035904,0.03029843963035904
Sircambvirus,6,0.0003029843963035904,0.03029843963035904
Cronosvirus,6,0.0003029843963035904,0.03029843963035904
Brucesealvirus,6,0.0003029843963035904,0.03029843963035904
Bronvirus,6,0.0003029843963035904,0.03029843963035904
Habenivirus,6,0.0003029843963035904,0.03029843963035904
Bosavirus,6,0.0003029843963035904,0.03029843963035904
Kaohsiungvirus,6,0.0003029843963035904,0.03029843963035904
Avanivirus,6,0.0003029843963035904,0.03029843963035904
Quihndavirus,6,0.0003029843963035904,0.03029843963035904
Narmovirus,6,0.0003029843963035904,0.03029843963035904
Ophiovirus,6,0.0003029843963035904,0.03029843963035904
Omegavirus,6,0.0003029843963035904,0.03029843963035904
Aldormivirus,6,0.0003029843963035904,0.03029843963035904
Bahrchivirus,6,0.0003029843963035904,0.03029843963035904
Parabovirus,6,0.0003029843963035904,0.03029843963035904
Stritovirus,6,0.0003029843963035904,0.03029843963035904
Caeruleovirus,6,0.0003029843963035904,0.03029843963035904
Sherbrookevirus,6,0.0003029843963035904,0.03029843963035904
Oslovirus,6,0.0003029843963035904,0.03029843963035904
Betaarterivirus,6,0.0003029843963035904,0.03029843963035904
Mintuvirus,6,0.0003029843963035904,0.03029843963035904
Crabreovirus,6,0.0003029843963035904,0.03029843963035904
Mydovirus,6,0.0003029843963035904,0.03029843963035904
Turncurtovirus,6,0.0003029843963035904,0.03029843963035904
Betayadokarivirus,6,0.0003029843963035904,0.03029843963035904
Betatectivirus,6,0.0003029843963035904,0.03029843963035904
Jiaodavirus,6,0.0003029843963035904,0.03029843963035904
Orthoebolavirus,6,0.0003029843963035904,0.03029843963035904
Agricanvirus,6,0.0003029843963035904,0.03029843963035904
Wphvirus,6,0.0003029843963035904,0.03029843963035904
Torovirus,6,0.0003029843963035904,0.03029843963035904
Mahqeavirus,6,0.0003029843963035904,0.03029843963035904
Persevirus,6,0.0003029843963035904,0.03029843963035904
Pinlevirus,6,0.0003029843963035904,0.03029843963035904
Pidchovirus,6,0.0003029843963035904,0.03029843963035904
Nipunavirus,6,0.0003029843963035904,0.03029843963035904
Rockefellervirus,6,0.0003029843963035904,0.03029843963035904
Ashucavirus,6,0.0003029843963035904,0.03029843963035904
Scindoambidensovirus,6,0.0003029843963035904,0.03029843963035904
Tobravirus,6,0.0003029843963035904,0.03029843963035904
Nehwtovirus,6,0.0003029843963035904,0.03029843963035904
Amubhivirus,6,0.0003029843963035904,0.03029843963035904
Mechnikovvirus,6,0.0003029843963035904,0.03029843963035904
Nehumivirus,6,0.0003029843963035904,0.03029843963035904
Eganvirus,6,0.0003029843963035904,0.03029843963035904
Rodentiumvirus,6,0.0003029843963035904,0.03029843963035904
Marseillevirus,6,0.0003029843963035904,0.03029843963035904
Pepevirus,6,0.0003029843963035904,0.03029843963035904
Gaprivervirus,6,0.0003029843963035904,0.03029843963035904
Mardivirus,6,0.0003029843963035904,0.03029843963035904
Citlodavirus,6,0.0003029843963035904,0.03029843963035904
Gammacoronavirus,6,0.0003029843963035904,0.03029843963035904
Gammacystovirus,6,0.0003029843963035904,0.03029843963035904
Dianthovirus,6,0.0003029843963035904,0.03029843963035904
Deltapartitivirus,6,0.0003029843963035904,0.03029843963035904
Mehraxmevirus,6,0.0003029843963035904,0.03029843963035904
Lillamyvirus,6,0.0003029843963035904,0.03029843963035904
Ixovirus,6,0.0003029843963035904,0.03029843963035904
Cbunavirus,6,0.0003029843963035904,0.03029843963035904
Longmavirus,6,0.0003029843963035904,0.03029843963035904
Cequinquevirus,6,0.0003029843963035904,0.03029843963035904
Justusliebigvirus,6,0.0003029843963035904,0.03029843963035904
Elemovirus,6,0.0003029843963035904,0.03029843963035904
Jujuvirus,6,0.0003029843963035904,0.03029843963035904
Liefievirus,6,0.0003029843963035904,0.03029843963035904
Jonvirus,6,0.0003029843963035904,0.03029843963035904
Leishmaniavirus,6,0.0003029843963035904,0.03029843963035904
Lederbergvirus,6,0.0003029843963035904,0.03029843963035904
Tritimovirus,6,0.0003029843963035904,0.03029843963035904
Sapovirus,6,0.0003029843963035904,0.03029843963035904
Blattambidensovirus,6,0.0003029843963035904,0.03029843963035904
Saothovirus,6,0.0003029843963035904,0.03029843963035904
Chiruvirus,6,0.0003029843963035904,0.03029843963035904
Ludtovirus,6,0.0003029843963035904,0.03029843963035904
Gammaplatrhavirus,6,0.0003029843963035904,0.03029843963035904
Roseolovirus,6,0.0003029843963035904,0.03029843963035904
Saphexavirus,6,0.0003029843963035904,0.03029843963035904
Scythevirus,6,0.0003029843963035904,0.03029843963035904
Betalipothrixvirus,6,0.0003029843963035904,0.03029843963035904
Orthocystovirus,6,0.0003029843963035904,0.03029843963035904
Becurtovirus,6,0.0003029843963035904,0.03029843963035904
Krischvirus,6,0.0003029843963035904,0.03029843963035904
Sogarnavirus,6,0.0003029843963035904,0.03029843963035904
Klausavirus,6,0.0003029843963035904,0.03029843963035904
Shutovirus,5,0.00025248699691965865,0.025248699691965866
Firunevirus,5,0.00025248699691965865,0.025248699691965866
Henipavirus,5,0.00025248699691965865,0.025248699691965866
Rhizoulivirus,5,0.00025248699691965865,0.025248699691965866
Hennigervirus,5,0.00025248699691965865,0.025248699691965866
Betasclernavirus,5,0.00025248699691965865,0.025248699691965866
Betaricinrhavirus,5,0.00025248699691965865,0.025248699691965866
Quadrivirus,5,0.00025248699691965865,0.025248699691965866
Whahdcavirus,5,0.00025248699691965865,0.025248699691965866
Leonardvirus,5,0.00025248699691965865,0.025248699691965866
Lambdavirus,5,0.00025248699691965865,0.025248699691965866
Kayeltresvirus,5,0.00025248699691965865,0.025248699691965866
Karimacvirus,5,0.00025248699691965865,0.025248699691965866
Felsduovirus,5,0.00025248699691965865,0.025248699691965866
Pagevirus,5,0.00025248699691965865,0.025248699691965866
Pacehavirus,5,0.00025248699691965865,0.025248699691965866
Caelumvirus,5,0.00025248699691965865,0.025248699691965866
Ulipvirus,5,0.00025248699691965865,0.025248699691965866
Kanagawavirus,5,0.00025248699691965865,0.025248699691965866
Siniperhavirus,5,0.00025248699691965865,0.025248699691965866
Kajamanuvirus,5,0.00025248699691965865,0.025248699691965866
Skrubnovirus,5,0.00025248699691965865,0.025248699691965866
Teubervirus,5,0.00025248699691965865,0.025248699691965866
Unicornvirus,5,0.00025248699691965865,0.025248699691965866
Unaquatrovirus,5,0.00025248699691965865,0.025248699691965866
Fionnbharthvirus,5,0.00025248699691965865,0.025248699691965866
Harbinvirus,5,0.00025248699691965865,0.025248699691965866
Mischivirus,5,0.00025248699691965865,0.025248699691965866
Thetahypovirus,5,0.00025248699691965865,0.025248699691965866
Pankowvirus,5,0.00025248699691965865,0.025248699691965866
Foxborovirus,5,0.00025248699691965865,0.025248699691965866
Cripavirus,5,0.00025248699691965865,0.025248699691965866
Palantirivirus,5,0.00025248699691965865,0.025248699691965866
Halcyonevirus,5,0.00025248699691965865,0.025248699691965866
Muminvirus,5,0.00025248699691965865,0.025248699691965866
Delepalmivirus,5,0.00025248699691965865,0.025248699691965866
Cuernavacavirus,5,0.00025248699691965865,0.025248699691965866
Haasevirus,5,0.00025248699691965865,0.025248699691965866
Prihavirus,5,0.00025248699691965865,0.025248699691965866
Pregotovirus,5,0.00025248699691965865,0.025248699691965866
Cultervirus,5,0.00025248699691965865,0.025248699691965866
Stangrhavirus,5,0.00025248699691965865,0.025248699691965866
Hetorquevirus,5,0.00025248699691965865,0.025248699691965866
Innesvirus,5,0.00025248699691965865,0.025248699691965866
Nankokuvirus,5,0.00025248699691965865,0.025248699691965866
Nanditavirus,5,0.00025248699691965865,0.025248699691965866
Jawnskivirus,5,0.00025248699691965865,0.025248699691965866
Ponderosavirus,5,0.00025248699691965865,0.025248699691965866
Vedamuthuvirus,5,0.00025248699691965865,0.025248699691965866
Trichomonasvirus,5,0.00025248699691965865,0.025248699691965866
Perhabdovirus,5,0.00025248699691965865,0.025248699691965866
Malkevirus,5,0.00025248699691965865,0.025248699691965866
Alternavirus,5,0.00025248699691965865,0.025248699691965866
Clostunsatellite,5,0.00025248699691965865,0.025248699691965866
Robigovirus,5,0.00025248699691965865,0.025248699691965866
Marefusivirus,5,0.00025248699691965865,0.025248699691965866
Tepovirus,5,0.00025248699691965865,0.025248699691965866
Vetruanivirus,5,0.00025248699691965865,0.025248699691965866
Piscichuvirus,5,0.00025248699691965865,0.025248699691965866
Amginevirus,5,0.00025248699691965865,0.025248699691965866
Tohvovirus,5,0.00025248699691965865,0.025248699691965866
Certrevirus,5,0.00025248699691965865,0.025248699691965866
Novosibovirus,5,0.00025248699691965865,0.025248699691965866
Andhasavirus,5,0.00025248699691965865,0.025248699691965866
Mechlorovirus,5,0.00025248699691965865,0.025248699691965866
Homburgvirus,5,0.00025248699691965865,0.025248699691965866
Nonagvirus,5,0.00025248699691965865,0.025248699691965866
Tsamsavirus,5,0.00025248699691965865,0.025248699691965866
Barbavirus,5,0.00025248699691965865,0.025248699691965866
Omegatetravirus,5,0.00025248699691965865,0.025248699691965866
Parapoxvirus,5,0.00025248699691965865,0.025248699691965866
Capulavirus,5,0.00025248699691965865,0.025248699691965866
Olpivirus,5,0.00025248699691965865,0.025248699691965866
Rerduovirus,5,0.00025248699691965865,0.025248699691965866
Colneyvirus,5,0.00025248699691965865,0.025248699691965866
Restivirus,5,0.00025248699691965865,0.025248699691965866
Alphanemrhavirus,5,0.00025248699691965865,0.025248699691965866
Triatovirus,5,0.00025248699691965865,0.025248699691965866
Ceetrepovirus,5,0.00025248699691965865,0.025248699691965866
Huylevirus,5,0.00025248699691965865,0.025248699691965866
Ilzatvirus,5,0.00025248699691965865,0.025248699691965866
Gammahypovirus,5,0.00025248699691965865,0.025248699691965866
Perrunavirus,5,0.00025248699691965865,0.025248699691965866
Huchismacovirus,5,0.00025248699691965865,0.025248699691965866
Dyokappapapillomavirus,5,0.00025248699691965865,0.025248699691965866
Alphapleolipovirus,5,0.00025248699691965865,0.025248699691965866
Veterinaerplatzvirus,5,0.00025248699691965865,0.025248699691965866
Rocahepevirus,5,0.00025248699691965865,0.025248699691965866
Tehnexuvirus,5,0.00025248699691965865,0.025248699691965866
Pipefishvirus,5,0.00025248699691965865,0.025248699691965866
Ashcevirus,5,0.00025248699691965865,0.025248699691965866
Ascovirus,5,0.00025248699691965865,0.025248699691965866
Villovirus,5,0.00025248699691965865,0.025248699691965866
Rosemountvirus,5,0.00025248699691965865,0.025248699691965866
Gelderlandvirus,5,0.00025248699691965865,0.025248699691965866
Samwavirus,5,0.00025248699691965865,0.025248699691965866
Gehrmavirus,5,0.00025248699691965865,0.025248699691965866
Bridgettevirus,5,0.00025248699691965865,0.025248699691965866
Yuavirus,5,0.00025248699691965865,0.025248699691965866
Chiunvirus,5,0.00025248699691965865,0.025248699691965866
Sakkuthvirus,5,0.00025248699691965865,0.025248699691965866
Nohrdovirus,5,0.00025248699691965865,0.025248699691965866
Hubramonavirus,5,0.00025248699691965865,0.025248699691965866
Cimandefvirus,5,0.00025248699691965865,0.025248699691965866
Koroslivirus,5,0.00025248699691965865,0.025248699691965866
Slopekvirus,5,0.00025248699691965865,0.025248699691965866
Smasvirus,5,0.00025248699691965865,0.025248699691965866
Keshuvirus,5,0.00025248699691965865,0.025248699691965866
Zindervirus,5,0.00025248699691965865,0.025248699691965866
Avihepevirus,5,0.00025248699691965865,0.025248699691965866
Fagihovirus,5,0.00025248699691965865,0.025248699691965866
Kotilavirus,5,0.00025248699691965865,0.025248699691965866
Agtrevirus,5,0.00025248699691965865,0.025248699691965866
Agatevirus,4,0.00020198959753572692,0.020198959753572693
Abidjanvirus,4,0.00020198959753572692,0.020198959753572693
Aarhusvirus,4,0.00020198959753572692,0.020198959753572693
Koutsourovirus,4,0.00020198959753572692,0.020198959753572693
Avibirnavirus,4,0.00020198959753572692,0.020198959753572693
Oryzavirus,4,0.00020198959753572692,0.020198959753572693
Apihcavirus,4,0.00020198959753572692,0.020198959753572693
Wahspovirus,4,0.00020198959753572692,0.020198959753572693
Prunevirus,4,0.00020198959753572692,0.020198959753572693
Acanvirus,4,0.00020198959753572692,0.020198959753572693
Kempsvovirus,4,0.00020198959753572692,0.020198959753572693
Brevihamaparvovirus,4,0.00020198959753572692,0.020198959753572693
Bridfovirus,4,0.00020198959753572692,0.020198959753572693
Karamvirus,4,0.00020198959753572692,0.020198959753572693
Chlamydiamicrovirus,4,0.00020198959753572692,0.020198959753572693
Chordovirus,4,0.00020198959753572692,0.020198959753572693
Salasvirus,4,0.00020198959753572692,0.020198959753572693
Phlegivirus,4,0.00020198959753572692,0.020198959753572693
Nohmivirus,4,0.00020198959753572692,0.020198959753572693
Santhisvirus,4,0.00020198959753572692,0.020198959753572693
Icumivirus,4,0.00020198959753572692,0.020198959753572693
Gammanudivirus,4,0.00020198959753572692,0.020198959753572693
Dyoomikronpapillomavirus,4,0.00020198959753572692,0.020198959753572693
Hurlivirus,4,0.00020198959753572692,0.020198959753572693
Alphapaprhavirus,4,0.00020198959753572692,0.020198959753572693
Rubivirus,4,0.00020198959753572692,0.020198959753572693
Tartuvirus,4,0.00020198959753572692,0.020198959753572693
Temblevirus,4,0.00020198959753572692,0.020198959753572693
Getalongvirus,4,0.00020198959753572692,0.020198959753572693
Doucettevirus,4,0.00020198959753572692,0.020198959753572693
Pifdecavirus,4,0.00020198959753572692,0.020198959753572693
Niwtuvirus,4,0.00020198959753572692,0.020198959753572693
Sapelovirus,4,0.00020198959753572692,0.020198959753572693
Sawgrhavirus,4,0.00020198959753572692,0.020198959753572693
Iltovirus,4,0.00020198959753572692,0.020198959753572693
Lumosvirus,4,0.00020198959753572692,0.020198959753572693
Lymphocystivirus,4,0.00020198959753572692,0.020198959753572693
Salisharnavirus,4,0.00020198959753572692,0.020198959753572693
Samektorquevirus,4,0.00020198959753572692,0.020198959753572693
Schifferlevirus,4,0.00020198959753572692,0.020198959753572693
Percilovirus,4,0.00020198959753572692,0.020198959753572693
Percyvirus,4,0.00020198959753572692,0.020198959753572693
Alphaglobulovirus,4,0.00020198959753572692,0.020198959753572693
Alphanecrovirus,4,0.00020198959753572692,0.020198959753572693
Hohnivirus,4,0.00020198959753572692,0.020198959753572693
Alphasphaerolipovirus,4,0.00020198959753572692,0.020198959753572693
Citexvirus,4,0.00020198959753572692,0.020198959753572693
Hoswirudivirus,4,0.00020198959753572692,0.020198959753572693
Rosebushvirus,4,0.00020198959753572692,0.020198959753572693
Cocosatellite,4,0.00020198959753572692,0.020198959753572693
Armandvirus,4,0.00020198959753572692,0.020198959753572693
Dexdertvirus,4,0.00020198959753572692,0.020198959753572693
Dongdastvirus,4,0.00020198959753572692,0.020198959753572693
Piponevirus,4,0.00020198959753572692,0.020198959753572693
Pistolvirus,4,0.00020198959753572692,0.020198959753572693
Timquatrovirus,4,0.00020198959753572692,0.020198959753572693
Timshelvirus,4,0.00020198959753572692,0.020198959753572693
Menderavirus,4,0.00020198959753572692,0.020198959753572693
Himalivirus,4,0.00020198959753572692,0.020198959753572693
Andhravirus,4,0.00020198959753572692,0.020198959753572693
Subclovsatellite,4,0.00020198959753572692,0.020198959753572693
Suhnsivirus,4,0.00020198959753572692,0.020198959753572693
Sukkupivirus,4,0.00020198959753572692,0.020198959753572693
Loanvirus,4,0.00020198959753572692,0.020198959753572693
Norwavirus,4,0.00020198959753572692,0.020198959753572693
Novirhabdovirus,4,0.00020198959753572692,0.020198959753572693
Bastillevirus,4,0.00020198959753572692,0.020198959753572693
Arurhavirus,4,0.00020198959753572692,0.020198959753572693
Blosnavirus,4,0.00020198959753572692,0.020198959753572693
Bolihivirus,4,0.00020198959753572692,0.020198959753572693
Marthavirus,4,0.00020198959753572692,0.020198959753572693
Rhopapillomavirus,4,0.00020198959753572692,0.020198959753572693
Bifseptvirus,4,0.00020198959753572692,0.020198959753572693
Benllochvirus,4,0.00020198959753572692,0.020198959753572693
Nerthusvirus,4,0.00020198959753572692,0.020198959753572693
Plasmopamonavirus,4,0.00020198959753572692,0.020198959753572693
Plateaulakevirus,4,0.00020198959753572692,0.020198959753572693
Dinovernavirus,4,0.00020198959753572692,0.020198959753572693
Dewhirstvirus,4,0.00020198959753572692,0.020198959753572693
Alohovirus,4,0.00020198959753572692,0.020198959753572693
Alphacedratvirus,4,0.00020198959753572692,0.020198959753572693
Lihtdlivirus,4,0.00020198959753572692,0.020198959753572693
Lilmacvirus,4,0.00020198959753572692,0.020198959753572693
Limnipivirus,4,0.00020198959753572692,0.020198959753572693
Jahgtovirus,4,0.00020198959753572692,0.020198959753572693
Iotapapillomavirus,4,0.00020198959753572692,0.020198959753572693
Lophivirus,4,0.00020198959753572692,0.020198959753572693
Serkorvirus,4,0.00020198959753572692,0.020198959753572693
Hexartovirus,4,0.00020198959753572692,0.020198959753572693
Mementomorivirus,4,0.00020198959753572692,0.020198959753572693
Corndogvirus,4,0.00020198959753572692,0.020198959753572693
Nevevirus,4,0.00020198959753572692,0.020198959753572693
Naesvirus,4,0.00020198959753572692,0.020198959753572693
Vojvodinavirus,4,0.00020198959753572692,0.020198959753572693
Poncivirus,4,0.00020198959753572692,0.020198959753572693
Lessievirus,4,0.00020198959753572692,0.020198959753572693
Camdisavirus,4,0.00020198959753572692,0.020198959753572693
Casfovirus,4,0.00020198959753572692,0.020198959753572693
Octobienvirus,4,0.00020198959753572692,0.020198959753572693
Audaxivirus,4,0.00020198959753572692,0.020198959753572693
Pasivirus,4,0.00020198959753572692,0.020198959753572693
Pecluvirus,4,0.00020198959753572692,0.020198959753572693
Emalynvirus,4,0.00020198959753572692,0.020198959753572693
Gammacarmovirus,4,0.00020198959753572692,0.020198959753572693
Locarnavirus,4,0.00020198959753572692,0.020198959753572693
Sharonstreetvirus,4,0.00020198959753572692,0.020198959753572693
Foxunavirus,4,0.00020198959753572692,0.020198959753572693
Fudhoevirus,4,0.00020198959753572692,0.020198959753572693
Omarvirus,4,0.00020198959753572692,0.020198959753572693
Sequivirus,4,0.00020198959753572692,0.020198959753572693
Hemphillvirus,4,0.00020198959753572692,0.020198959753572693
Henuseptimavirus,4,0.00020198959753572692,0.020198959753572693
Reyvirus,4,0.00020198959753572692,0.020198959753572693
Coughduvirus,4,0.00020198959753572692,0.020198959753572693
Betaretrovirus,4,0.00020198959753572692,0.020198959753572693
Bonzeevirus,4,0.00020198959753572692,0.020198959753572693
Boosepivirus,4,0.00020198959753572692,0.020198959753572693
Laroyevirus,4,0.00020198959753572692,0.020198959753572693
Entomobirnavirus,4,0.00020198959753572692,0.020198959753572693
Pamexvirus,4,0.00020198959753572692,0.020198959753572693
Seunavirus,4,0.00020198959753572692,0.020198959753572693
Jupbevirus,4,0.00020198959753572692,0.020198959753572693
Harbevirus,4,0.00020198959753572692,0.020198959753572693
Helsettvirus,4,0.00020198959753572692,0.020198959753572693
Mutledovirus,4,0.00020198959753572692,0.020198959753572693
Deltaflexivirus,4,0.00020198959753572692,0.020198959753572693
Betacarmovirus,4,0.00020198959753572692,0.020198959753572693
Tigrvirus,4,0.00020198959753572692,0.020198959753572693
Slashvirus,4,0.00020198959753572692,0.020198959753572693
Cafassovirus,4,0.00020198959753572692,0.020198959753572693
Silviavirus,4,0.00020198959753572692,0.020198959753572693
Paramorbillivirus,4,0.00020198959753572692,0.020198959753572693
Omikronpapillomavirus,4,0.00020198959753572692,0.020198959753572693
Feravirus,4,0.00020198959753572692,0.020198959753572693
Lahexavirus,4,0.00020198959753572692,0.020198959753572693
Brujitavirus,4,0.00020198959753572692,0.020198959753572693
Lazuovirus,4,0.00020198959753572692,0.020198959753572693
Xuanwuvirus,4,0.00020198959753572692,0.020198959753572693
Cyvirus,4,0.00020198959753572692,0.020198959753572693
Culicidavirus,4,0.00020198959753572692,0.020198959753572693
Cunavirus,4,0.00020198959753572692,0.020198959753572693
Curiovirus,4,0.00020198959753572692,0.020198959753572693
Deltaretrovirus,4,0.00020198959753572692,0.020198959753572693
Primrhavirus,4,0.00020198959753572692,0.020198959753572693
Privateervirus,4,0.00020198959753572692,0.020198959753572693
Proboscivirus,4,0.00020198959753572692,0.020198959753572693
Goravirus,4,0.00020198959753572692,0.020198959753572693
Snitdevirus,4,0.00020198959753572692,0.020198959753572693
Sprivivirus,4,0.00020198959753572692,0.020198959753572693
Bourtovirus,4,0.00020198959753572692,0.020198959753572693
Yongloolinvirus,4,0.00020198959753572692,0.020198959753572693
Uetakevirus,4,0.00020198959753572692,0.020198959753572693
Unahavirus,4,0.00020198959753572692,0.020198959753572693
Valentivirus,4,0.00020198959753572692,0.020198959753572693
Thetapolyomavirus,4,0.00020198959753572692,0.020198959753572693
Psiaduvirus,4,0.00020198959753572692,0.020198959753572693
Psimevirus,4,0.00020198959753572692,0.020198959753572693
Pteridovirus,4,0.00020198959753572692,0.020198959753572693
Puahadnavirus,4,0.00020198959753572692,0.020198959753572693
Pukovnikvirus,4,0.00020198959753572692,0.020198959753572693
Gruunavirus,4,0.00020198959753572692,0.020198959753572693
Mukerjeevirus,4,0.00020198959753572692,0.020198959753572693
Moonvirus,4,0.00020198959753572692,0.020198959753572693
Aphroditevirus,4,0.00020198959753572692,0.020198959753572693
Acadianvirus,4,0.00020198959753572692,0.020198959753572693
Afonbuvirus,3,0.0001514921981517952,0.01514921981517952
Sozzivirus,3,0.0001514921981517952,0.01514921981517952
Soupsvirus,3,0.0001514921981517952,0.01514921981517952
Broedwivirus,3,0.0001514921981517952,0.01514921981517952
Brizovirus,3,0.0001514921981517952,0.01514921981517952
Lahcomavirus,3,0.0001514921981517952,0.01514921981517952
Kieseladnavirus,3,0.0001514921981517952,0.01514921981517952
Khurdivirus,3,0.0001514921981517952,0.01514921981517952
Stanolovirus,3,0.0001514921981517952,0.01514921981517952
Yonseivirus,3,0.0001514921981517952,0.01514921981517952
Kunsagivirus,3,0.0001514921981517952,0.01514921981517952
Ulinhavirus,3,0.0001514921981517952,0.01514921981517952
Eurybiavirus,3,0.0001514921981517952,0.01514921981517952
Ourmiavirus,3,0.0001514921981517952,0.01514921981517952
Kehishuvirus,3,0.0001514921981517952,0.01514921981517952
Lakivirus,3,0.0001514921981517952,0.01514921981517952
Lambavirus,3,0.0001514921981517952,0.01514921981517952
Bundooravirus,3,0.0001514921981517952,0.01514921981517952
Siovirus,3,0.0001514921981517952,0.01514921981517952
Xipdecavirus,3,0.0001514921981517952,0.01514921981517952
Xylivirus,3,0.0001514921981517952,0.01514921981517952
Burrovirus,3,0.0001514921981517952,0.01514921981517952
Burzaovirus,3,0.0001514921981517952,0.01514921981517952
Siminovitchvirus,3,0.0001514921981517952,0.01514921981517952
Cullenvirus,3,0.0001514921981517952,0.01514921981517952
Culoivirus,3,0.0001514921981517952,0.01514921981517952
Deltascleroulivirus,3,0.0001514921981517952,0.01514921981517952
Decadevirus,3,0.0001514921981517952,0.01514921981517952
Gyeongsanvirus,3,0.0001514921981517952,0.01514921981517952
Morrisvirus,3,0.0001514921981517952,0.01514921981517952
Mosavirus,3,0.0001514921981517952,0.01514921981517952
Moumouvirus,3,0.0001514921981517952,0.01514921981517952
Tetuambidensovirus,3,0.0001514921981517952,0.01514921981517952
Thamnovirus,3,0.0001514921981517952,0.01514921981517952
Mocruvirus,3,0.0001514921981517952,0.01514921981517952
Qubevirus,3,0.0001514921981517952,0.01514921981517952
Pseudovirus,3,0.0001514921981517952,0.01514921981517952
Psipapillomavirus,3,0.0001514921981517952,0.01514921981517952
Puduphavirus,3,0.0001514921981517952,0.01514921981517952
Grusopivirus,3,0.0001514921981517952,0.01514921981517952
Quadragintavirus,3,0.0001514921981517952,0.01514921981517952
Quwivirus,3,0.0001514921981517952,0.01514921981517952
Betacystovirus,3,0.0001514921981517952,0.01514921981517952
Mixstovirus,3,0.0001514921981517952,0.01514921981517952
Helsingorvirus,3,0.0001514921981517952,0.01514921981517952
Mupapillomavirus,3,0.0001514921981517952,0.01514921981517952
Muromegalovirus,3,0.0001514921981517952,0.01514921981517952
Muscarsatellite,3,0.0001514921981517952,0.01514921981517952
Myosmarvirus,3,0.0001514921981517952,0.01514921981517952
Thurlavirus,3,0.0001514921981517952,0.01514921981517952
Deltainfluenzavirus,3,0.0001514921981517952,0.01514921981517952
Thetabobvirus,3,0.0001514921981517952,0.01514921981517952
Hardshivirus,3,0.0001514921981517952,0.01514921981517952
Mimoreovirus,3,0.0001514921981517952,0.01514921981517952
Minipunavirus,3,0.0001514921981517952,0.01514921981517952
Minusuvirus,3,0.0001514921981517952,0.01514921981517952
Conareevirus,3,0.0001514921981517952,0.01514921981517952
Copasivirus,3,0.0001514921981517952,0.01514921981517952
Grablovirus,3,0.0001514921981517952,0.01514921981517952
Naiadivirus,3,0.0001514921981517952,0.01514921981517952
Vipetofemvirus,3,0.0001514921981517952,0.01514921981517952
Dibbivirus,3,0.0001514921981517952,0.01514921981517952
Diciambidensovirus,3,0.0001514921981517952,0.01514921981517952
Pokkenvirus,3,0.0001514921981517952,0.01514921981517952
Hemiambidensovirus,3,0.0001514921981517952,0.01514921981517952
Crustavirus,3,0.0001514921981517952,0.01514921981517952
Rafivirus,3,0.0001514921981517952,0.01514921981517952
Ravarandavirus,3,0.0001514921981517952,0.01514921981517952
Readingvirus,3,0.0001514921981517952,0.01514921981517952
Betanecrovirus,3,0.0001514921981517952,0.01514921981517952
Wenrivirus,3,0.0001514921981517952,0.01514921981517952
Cursavirus,3,0.0001514921981517952,0.01514921981517952
Memtorquevirus,3,0.0001514921981517952,0.01514921981517952
Hirbovirus,3,0.0001514921981517952,0.01514921981517952
Andorivirus,3,0.0001514921981517952,0.01514921981517952
Amaruvirus,3,0.0001514921981517952,0.01514921981517952
Arnovirus,3,0.0001514921981517952,0.01514921981517952
Gettysburgvirus,3,0.0001514921981517952,0.01514921981517952
Gimeltorquevirus,3,0.0001514921981517952,0.01514921981517952
Plazymidvirus,3,0.0001514921981517952,0.01514921981517952
Divavirus,3,0.0001514921981517952,0.01514921981517952
Poacevirus,3,0.0001514921981517952,0.01514921981517952
Higashivirus,3,0.0001514921981517952,0.01514921981517952
Megavirus,3,0.0001514921981517952,0.01514921981517952
Melianvirus,3,0.0001514921981517952,0.01514921981517952
Redjacvirus,3,0.0001514921981517952,0.01514921981517952
Reminisvirus,3,0.0001514921981517952,0.01514921981517952
Colunavirus,3,0.0001514921981517952,0.01514921981517952
Bimevirus,3,0.0001514921981517952,0.01514921981517952
Maxstovirus,3,0.0001514921981517952,0.01514921981517952
Manuelvirus,3,0.0001514921981517952,0.01514921981517952
Marchewkavirus,3,0.0001514921981517952,0.01514921981517952
Tethysvirus,3,0.0001514921981517952,0.01514921981517952
Ringilvirus,3,0.0001514921981517952,0.01514921981517952
Rivavirus,3,0.0001514921981517952,0.01514921981517952
Coetzeevirus,3,0.0001514921981517952,0.01514921981517952
Cofodevirus,3,0.0001514921981517952,0.01514921981517952
Vhmlvirus,3,0.0001514921981517952,0.01514921981517952
Arequatrovirus,3,0.0001514921981517952,0.01514921981517952
Aretevirus,3,0.0001514921981517952,0.01514921981517952
Arlivirus,3,0.0001514921981517952,0.01514921981517952
Dordavirus,3,0.0001514921981517952,0.01514921981517952
Dosmizivirus,3,0.0001514921981517952,0.01514921981517952
Beidivirus,3,0.0001514921981517952,0.01514921981517952
Mahrtovirus,3,0.0001514921981517952,0.01514921981517952
Rtpvirus,3,0.0001514921981517952,0.01514921981517952
Bixiavirus,3,0.0001514921981517952,0.01514921981517952
Tegunavirus,3,0.0001514921981517952,0.01514921981517952
Gervaisevirus,3,0.0001514921981517952,0.01514921981517952
Nitmarvirus,3,0.0001514921981517952,0.01514921981517952
Nitunavirus,3,0.0001514921981517952,0.01514921981517952
Phyllomonavirus,3,0.0001514921981517952,0.01514921981517952
Dragsmacovirus,3,0.0001514921981517952,0.01514921981517952
Pijolavirus,3,0.0001514921981517952,0.01514921981517952
Nevillevirus,3,0.0001514921981517952,0.01514921981517952
Hudivirus,3,0.0001514921981517952,0.01514921981517952
Hudovirus,3,0.0001514921981517952,0.01514921981517952
Huleruivirus,3,0.0001514921981517952,0.01514921981517952
Maldovirus,3,0.0001514921981517952,0.01514921981517952
Citricivirus,3,0.0001514921981517952,0.01514921981517952
Chatterjeevirus,3,0.0001514921981517952,0.01514921981517952
Rymovirus,3,0.0001514921981517952,0.01514921981517952
Saclayvirus,3,0.0001514921981517952,0.01514921981517952
Phadecavirus,3,0.0001514921981517952,0.01514921981517952
Phikzvirus,3,0.0001514921981517952,0.01514921981517952
Dugnivirus,3,0.0001514921981517952,0.01514921981517952
Duonihilunusvirus,3,0.0001514921981517952,0.01514921981517952
Dursuvirus,3,0.0001514921981517952,0.01514921981517952
Dynamenevirus,3,0.0001514921981517952,0.01514921981517952
Beecentumtrevirus,3,0.0001514921981517952,0.01514921981517952
Gemyvongvirus,3,0.0001514921981517952,0.01514921981517952
Geogavirus,3,0.0001514921981517952,0.01514921981517952
Gequatrovirus,3,0.0001514921981517952,0.01514921981517952
Horusivirus,3,0.0001514921981517952,0.01514921981517952
Icerudivirus,3,0.0001514921981517952,0.01514921981517952
Maenadvirus,3,0.0001514921981517952,0.01514921981517952
Wumivirus,3,0.0001514921981517952,0.01514921981517952
Infratovirus,3,0.0001514921981517952,0.01514921981517952
Ictavirus,3,0.0001514921981517952,0.01514921981517952
Tanzavirus,3,0.0001514921981517952,0.01514921981517952
Tapikevirus,3,0.0001514921981517952,0.01514921981517952
Chirohepevirus,3,0.0001514921981517952,0.01514921981517952
Gammahymrhavirus,3,0.0001514921981517952,0.01514921981517952
Gammainfluenzavirus,3,0.0001514921981517952,0.01514921981517952
Gammascleroulivirus,3,0.0001514921981517952,0.01514921981517952
Tremovirus,3,0.0001514921981517952,0.01514921981517952
Petorquevirus,3,0.0001514921981517952,0.01514921981517952
Dyoiotapapillomavirus,3,0.0001514921981517952,0.01514921981517952
Dyorhopapillomavirus,3,0.0001514921981517952,0.01514921981517952
Hudisavirus,3,0.0001514921981517952,0.01514921981517952
Alphapermutotetravirus,3,0.0001514921981517952,0.01514921981517952
Wruxavirus,3,0.0001514921981517952,0.01514921981517952
Seawadnavirus,3,0.0001514921981517952,0.01514921981517952
Sebastisaurusvirus,3,0.0001514921981517952,0.01514921981517952
Wumptrevirus,3,0.0001514921981517952,0.01514921981517952
Lomovskayavirus,3,0.0001514921981517952,0.01514921981517952
Iotaarterivirus,3,0.0001514921981517952,0.01514921981517952
Vespertiliovirus,3,0.0001514921981517952,0.01514921981517952
Phifelvirus,3,0.0001514921981517952,0.01514921981517952
Trinifflemingvirus,3,0.0001514921981517952,0.01514921981517952
Dyoxipapillomavirus,3,0.0001514921981517952,0.01514921981517952
Eahsevirus,3,0.0001514921981517952,0.01514921981517952
Gaunavirus,3,0.0001514921981517952,0.01514921981517952
Idaeovirus,3,0.0001514921981517952,0.01514921981517952
Intivirus,3,0.0001514921981517952,0.01514921981517952
Luchadorvirus,3,0.0001514921981517952,0.01514921981517952
Ludhianavirus,3,0.0001514921981517952,0.01514921981517952
Wuhanvirus,3,0.0001514921981517952,0.01514921981517952
Serbinvirus,3,0.0001514921981517952,0.01514921981517952
Striwavirus,3,0.0001514921981517952,0.01514921981517952
Innmovirus,3,0.0001514921981517952,0.01514921981517952
Inpeasmacovirus,3,0.0001514921981517952,0.01514921981517952
Northevirus,3,0.0001514921981517952,0.01514921981517952
Eerlswavirus,3,0.0001514921981517952,0.01514921981517952
Eimeriavirus,3,0.0001514921981517952,0.01514921981517952
Bartovirus,3,0.0001514921981517952,0.01514921981517952
Batravirus,3,0.0001514921981517952,0.01514921981517952
Baxterfoxvirus,3,0.0001514921981517952,0.01514921981517952
Gajwadongvirus,3,0.0001514921981517952,0.01514921981517952
Tangaroavirus,3,0.0001514921981517952,0.01514921981517952
Schizotequatrovirus,3,0.0001514921981517952,0.01514921981517952
Schmidvirus,3,0.0001514921981517952,0.01514921981517952
Sderotavirus,3,0.0001514921981517952,0.01514921981517952
Sdredfovirus,3,0.0001514921981517952,0.01514921981517952
Caloevirus,3,0.0001514921981517952,0.01514921981517952
Cardoreovirus,3,0.0001514921981517952,0.01514921981517952
Carpasinavirus,3,0.0001514921981517952,0.01514921981517952
Odonatavirus,3,0.0001514921981517952,0.01514921981517952
Vashvirus,3,0.0001514921981517952,0.01514921981517952
Atlauavirus,3,0.0001514921981517952,0.01514921981517952
Trucevirus,3,0.0001514921981517952,0.01514921981517952
Elunavirus,3,0.0001514921981517952,0.01514921981517952
Elveevirus,3,0.0001514921981517952,0.01514921981517952
Gammabaculovirus,3,0.0001514921981517952,0.01514921981517952
Xinspivirus,3,0.0001514921981517952,0.01514921981517952
Jesfedecavirus,3,0.0001514921981517952,0.01514921981517952
Lineavirus,3,0.0001514921981517952,0.01514921981517952
Susfortunavirus,3,0.0001514921981517952,0.01514921981517952
Cavemovirus,3,0.0001514921981517952,0.01514921981517952
Lostrhavirus,3,0.0001514921981517952,0.01514921981517952
Lenusvirus,3,0.0001514921981517952,0.01514921981517952
Strehtovirus,3,0.0001514921981517952,0.01514921981517952
Shaspivirus,3,0.0001514921981517952,0.01514921981517952
Capripoxvirus,3,0.0001514921981517952,0.01514921981517952
Okavirus,3,0.0001514921981517952,0.01514921981517952
Oleavirus,3,0.0001514921981517952,0.01514921981517952
Olivavirus,3,0.0001514921981517952,0.01514921981517952
Emdodecavirus,3,0.0001514921981517952,0.01514921981517952
Emesvirus,3,0.0001514921981517952,0.01514921981517952
Barhavirus,3,0.0001514921981517952,0.01514921981517952
Ocetevirus,3,0.0001514921981517952,0.01514921981517952
Ceceduovirus,3,0.0001514921981517952,0.01514921981517952
Janusvirus,3,0.0001514921981517952,0.01514921981517952
Jilinvirus,3,0.0001514921981517952,0.01514921981517952
Jolieduovirus,3,0.0001514921981517952,0.01514921981517952
Jouyvirus,3,0.0001514921981517952,0.01514921981517952
Leporipoxvirus,3,0.0001514921981517952,0.01514921981517952
Lavrentievavirus,3,0.0001514921981517952,0.01514921981517952
Auricularimonavirus,3,0.0001514921981517952,0.01514921981517952
Aurodevirus,3,0.0001514921981517952,0.01514921981517952
Austintatiousvirus,3,0.0001514921981517952,0.01514921981517952
Avastrovirus,3,0.0001514921981517952,0.01514921981517952
Baltivirus,3,0.0001514921981517952,0.01514921981517952
Enhodamvirus,3,0.0001514921981517952,0.01514921981517952
Panicovirus,3,0.0001514921981517952,0.01514921981517952
Paraavulavirus,3,0.0001514921981517952,0.01514921981517952
Upirshuvirus,3,0.0001514921981517952,0.01514921981517952
Shangavirus,3,0.0001514921981517952,0.01514921981517952
Yatapoxvirus,3,0.0001514921981517952,0.01514921981517952
Junavirus,3,0.0001514921981517952,0.01514921981517952
Kablunavirus,3,0.0001514921981517952,0.01514921981517952
Leicestervirus,3,0.0001514921981517952,0.01514921981517952
Alfamovirus,3,0.0001514921981517952,0.01514921981517952
Yahnavirus,3,0.0001514921981517952,0.01514921981517952
Owenocuvirus,3,0.0001514921981517952,0.01514921981517952
Epsilonarterivirus,3,0.0001514921981517952,0.01514921981517952
Eracentumvirus,3,0.0001514921981517952,0.01514921981517952
Erbovirus,3,0.0001514921981517952,0.01514921981517952
Tsarbombavirus,3,0.0001514921981517952,0.01514921981517952
Tsukubavirus,3,0.0001514921981517952,0.01514921981517952
Ferullusivirus,3,0.0001514921981517952,0.01514921981517952
Fluruvirus,3,0.0001514921981517952,0.01514921981517952
Shirevirus,3,0.0001514921981517952,0.01514921981517952
Caligrhavirus,3,0.0001514921981517952,0.01514921981517952
Camtrevirus,3,0.0001514921981517952,0.01514921981517952
Botrexvirus,3,0.0001514921981517952,0.01514921981517952
Bottigliavirus,3,0.0001514921981517952,0.01514921981517952
Stralarivirus,3,0.0001514921981517952,0.01514921981517952
Epsilonpapillomavirus,3,0.0001514921981517952,0.01514921981517952
Kremarvirus,3,0.0001514921981517952,0.01514921981517952
Epsilonpolyomavirus,3,0.0001514921981517952,0.01514921981517952
Fahrmivirus,3,0.0001514921981517952,0.01514921981517952
Fairfaxidumvirus,3,0.0001514921981517952,0.01514921981517952
Orthopneumovirus,3,0.0001514921981517952,0.01514921981517952
Tuskovirus,3,0.0001514921981517952,0.01514921981517952
Bacillarnavirus,3,0.0001514921981517952,0.01514921981517952
Avihepatovirus,3,0.0001514921981517952,0.01514921981517952
Avisivirus,3,0.0001514921981517952,0.01514921981517952
Avocadovirus,3,0.0001514921981517952,0.01514921981517952
Axyvirus,3,0.0001514921981517952,0.01514921981517952
Skysandvirus,3,0.0001514921981517952,0.01514921981517952
Smoothievirus,3,0.0001514921981517952,0.01514921981517952
Stanholtvirus,3,0.0001514921981517952,0.01514921981517952
Bragavirus,3,0.0001514921981517952,0.01514921981517952
Haeldovirus,3,0.0001514921981517952,0.01514921981517952
Punavirus,3,0.0001514921981517952,0.01514921981517952
Delmidovirus,3,0.0001514921981517952,0.01514921981517952
Protegovirus,3,0.0001514921981517952,0.01514921981517952
Betahymrhavirus,3,0.0001514921981517952,0.01514921981517952
Yeshinuvirus,3,0.0001514921981517952,0.01514921981517952
Yihwangvirus,3,0.0001514921981517952,0.01514921981517952
Yingchengvirus,3,0.0001514921981517952,0.01514921981517952
Kronosvirus,3,0.0001514921981517952,0.01514921981517952
Kisquattuordecimvirus,3,0.0001514921981517952,0.01514921981517952
Kolesnikvirus,3,0.0001514921981517952,0.01514921981517952
Kolpuevirus,3,0.0001514921981517952,0.01514921981517952
Konmavirus,3,0.0001514921981517952,0.01514921981517952
Actinovirus,3,0.0001514921981517952,0.01514921981517952
Aerosvirus,3,0.0001514921981517952,0.01514921981517952
Affertcholeramvirus,3,0.0001514921981517952,0.01514921981517952
Yuyuevirus,2,0.00010099479876786346,0.010099479876786346
Agnathovirus,2,0.00010099479876786346,0.010099479876786346
Kryptosalinivirus,2,0.00010099479876786346,0.010099479876786346
Kikimoravirus,2,0.00010099479876786346,0.010099479876786346
Kukulkanvirus,2,0.00010099479876786346,0.010099479876786346
Kumottavirus,2,0.00010099479876786346,0.010099479876786346
Kunmingvirus,2,0.00010099479876786346,0.010099479876786346
Aguamentivirus,2,0.00010099479876786346,0.010099479876786346
Aguilavirus,2,0.00010099479876786346,0.010099479876786346
Ahaonvirus,2,0.00010099479876786346,0.010099479876786346
Akonivirus,2,0.00010099479876786346,0.010099479876786346
Kisquinquevirus,2,0.00010099479876786346,0.010099479876786346
Brimcuvirus,2,0.00010099479876786346,0.010099479876786346
Yokohamavirus,2,0.00010099479876786346,0.010099479876786346
Yodtorquevirus,2,0.00010099479876786346,0.010099479876786346
Lagovirus,2,0.00010099479876786346,0.010099479876786346
Kyungwonvirus,2,0.00010099479876786346,0.010099479876786346
Kwaitsingvirus,2,0.00010099479876786346,0.010099479876786346
Kharnvirus,2,0.00010099479876786346,0.010099479876786346
Keyvirus,2,0.00010099479876786346,0.010099479876786346
Kemicevirus,2,0.00010099479876786346,0.010099479876786346
Kakivirus,2,0.00010099479876786346,0.010099479876786346
Bramcovirus,2,0.00010099479876786346,0.010099479876786346
Squashvirus,2,0.00010099479876786346,0.010099479876786346
Sputnikvirus,2,0.00010099479876786346,0.010099479876786346
Splendidredvirus,2,0.00010099479876786346,0.010099479876786346
Zicotriavirus,2,0.00010099479876786346,0.010099479876786346
Buckevirus,2,0.00010099479876786346,0.010099479876786346
Epsilonscleroulivirus,2,0.00010099479876786346,0.010099479876786346
Pacinivirus,2,0.00010099479876786346,0.010099479876786346
Paadamvirus,2,0.00010099479876786346,0.010099479876786346
Ovirwhivirus,2,0.00010099479876786346,0.010099479876786346
Otakuvirus,2,0.00010099479876786346,0.010099479876786346
Etingtavirus,2,0.00010099479876786346,0.010099479876786346
Erskinevirus,2,0.00010099479876786346,0.010099479876786346
Oshimavirus,2,0.00010099479876786346,0.010099479876786346
Oscivirus,2,0.00010099479876786346,0.010099479876786346
Bakolyvirus,2,0.00010099479876786346,0.010099479876786346
Baileybluvirus,2,0.00010099479876786346,0.010099479876786346
Feofaniavirus,2,0.00010099479876786346,0.010099479876786346
Felipivirus,2,0.00010099479876786346,0.010099479876786346
Faustvirus,2,0.00010099479876786346,0.010099479876786346
Fipvunavirus,2,0.00010099479876786346,0.010099479876786346
Fihluvirus,2,0.00010099479876786346,0.010099479876786346
Tupanvirus,2,0.00010099479876786346,0.010099479876786346
Troedvirus,2,0.00010099479876786346,0.010099479876786346
Barnyardvirus,2,0.00010099479876786346,0.010099479876786346
Unyawovirus,2,0.00010099479876786346,0.010099479876786346
Oneupvirus,2,0.00010099479876786346,0.010099479876786346
Omicrontorquevirus,2,0.00010099479876786346,0.010099479876786346
Foetvirus,2,0.00010099479876786346,0.010099479876786346
Flaumdravirus,2,0.00010099479876786346,0.010099479876786346
Ferozepurvirus,2,0.00010099479876786346,0.010099479876786346
Baiafusivirus,2,0.00010099479876786346,0.010099479876786346
Bahguvirus,2,0.00010099479876786346,0.010099479876786346
Bahdevuvirus,2,0.00010099479876786346,0.010099479876786346
Tunggulvirus,2,0.00010099479876786346,0.010099479876786346
Errantivirus,2,0.00010099479876786346,0.010099479876786346
Ermolevavirus,2,0.00010099479876786346,0.010099479876786346
Eragrovirus,2,0.00010099479876786346,0.010099479876786346
Tritonvirus,2,0.00010099479876786346,0.010099479876786346
Pariacacavirus,2,0.00010099479876786346,0.010099479876786346
Eneladusvirus,2,0.00010099479876786346,0.010099479876786346
Emperorvirus,2,0.00010099479876786346,0.010099479876786346
Pektosvirus,2,0.00010099479876786346,0.010099479876786346
Pehohrivirus,2,0.00010099479876786346,0.010099479876786346
Oldborovirus,2,0.00010099479876786346,0.010099479876786346
Okubovirus,2,0.00010099479876786346,0.010099479876786346
Frobavirus,2,0.00010099479876786346,0.010099479876786346
Freyavirus,2,0.00010099479876786346,0.010099479876786346
Fremauxvirus,2,0.00010099479876786346,0.010099479876786346
Upborqevirus,2,0.00010099479876786346,0.010099479876786346
Papyrusvirus,2,0.00010099479876786346,0.010099479876786346
Episkevirus,2,0.00010099479876786346,0.010099479876786346
Entovirus,2,0.00010099479876786346,0.010099479876786346
Engorgivirus,2,0.00010099479876786346,0.010099479876786346
Passerivirus,2,0.00010099479876786346,0.010099479876786346
Tropivirus,2,0.00010099479876786346,0.010099479876786346
Bcepmuvirus,2,0.00010099479876786346,0.010099479876786346
Baylorvirus,2,0.00010099479876786346,0.010099479876786346
Atoyacvirus,2,0.00010099479876786346,0.010099479876786346
Asteriusvirus,2,0.00010099479876786346,0.010099479876786346
Asperivirus,2,0.00010099479876786346,0.010099479876786346
Vanyarvirus,2,0.00010099479876786346,0.010099479876786346
Foturvirus,2,0.00010099479876786346,0.010099479876786346
Oceanidvirus,2,0.00010099479876786346,0.010099479876786346
Nylescharonvirus,2,0.00010099479876786346,0.010099479876786346
Firingavirus,2,0.00010099479876786346,0.010099479876786346
Barnstormervirus,2,0.00010099479876786346,0.010099479876786346
Barchevirus,2,0.00010099479876786346,0.010099479876786346
Baoshanvirus,2,0.00010099479876786346,0.010099479876786346
Banmivirus,2,0.00010099479876786346,0.010099479876786346
Efbeekayvirus,2,0.00010099479876786346,0.010099479876786346
Pelagivirus,2,0.00010099479876786346,0.010099479876786346
Perisivirus,2,0.00010099479876786346,0.010099479876786346
Ebriosvirus,2,0.00010099479876786346,0.010099479876786346
Fussvirus,2,0.00010099479876786346,0.010099479876786346
Funestivirus,2,0.00010099479876786346,0.010099479876786346
Fukuivirus,2,0.00010099479876786346,0.010099479876786346
Nuhnehevirus,2,0.00010099479876786346,0.010099479876786346
Novosibvirus,2,0.00010099479876786346,0.010099479876786346
Gammaflexivirus,2,0.00010099479876786346,0.010099479876786346
Vegetivirus,2,0.00010099479876786346,0.010099479876786346
Vegetinivirus,2,0.00010099479876786346,0.010099479876786346
Pefuambidensovirus,2,0.00010099479876786346,0.010099479876786346
Pazvirus,2,0.00010099479876786346,0.010099479876786346
Pavtokvirus,2,0.00010099479876786346,0.010099479876786346
Paulavirus,2,0.00010099479876786346,0.010099479876786346
Trigintaduovirus,2,0.00010099479876786346,0.010099479876786346
Phayoncevirus,2,0.00010099479876786346,0.010099479876786346
Vesivirus,2,0.00010099479876786346,0.010099479876786346
Ashurnovirus,2,0.00010099479876786346,0.010099479876786346
Vendettavirus,2,0.00010099479876786346,0.010099479876786346
Vellamovirus,2,0.00010099479876786346,0.010099479876786346
Northamptonvirus,2,0.00010099479876786346,0.010099479876786346
Norfolkplacevirus,2,0.00010099479876786346,0.010099479876786346
Nordovirus,2,0.00010099479876786346,0.010099479876786346
Nonanavirus,2,0.00010099479876786346,0.010099479876786346
Galaxyvirus,2,0.00010099479876786346,0.010099479876786346
Basiliskvirus,2,0.00010099479876786346,0.010099479876786346
Bartuvirus,2,0.00010099479876786346,0.010099479876786346
Pemapivirus,2,0.00010099479876786346,0.010099479876786346
Efunavirus,2,0.00010099479876786346,0.010099479876786346
Efemunavirus,2,0.00010099479876786346,0.010099479876786346
Pharaohvirus,2,0.00010099479876786346,0.010099479876786346
Phainonvirus,2,0.00010099479876786346,0.010099479876786346
Dyopsipapillomavirus,2,0.00010099479876786346,0.010099479876786346
Pfluvirus,2,0.00010099479876786346,0.010099479876786346
Peronelivirus,2,0.00010099479876786346,0.010099479876786346
Treisepsilonpapillomavirus,2,0.00010099479876786346,0.010099479876786346
Gammaricinrhavirus,2,0.00010099479876786346,0.010099479876786346
Gammapleolipovirus,2,0.00010099479876786346,0.010099479876786346
Gammanucleorhabdovirus,2,0.00010099479876786346,0.010099479876786346
Gardenstatevirus,2,0.00010099479876786346,0.010099479876786346
Gambievirus,2,0.00010099479876786346,0.010099479876786346
Gallivirus,2,0.00010099479876786346,0.010099479876786346
Dyozetapapillomavirus,2,0.00010099479876786346,0.010099479876786346
Periculosovirus,2,0.00010099479876786346,0.010099479876786346
Percivalvirus,2,0.00010099479876786346,0.010099479876786346
Pepyhexavirus,2,0.00010099479876786346,0.010099479876786346
Phobosvirus,2,0.00010099479876786346,0.010099479876786346
Titanvirus,2,0.00010099479876786346,0.010099479876786346
Tinytimothyvirus,2,0.00010099479876786346,0.010099479876786346
Niuhvovirus,2,0.00010099479876786346,0.010099479876786346
Nimphelosvirus,2,0.00010099479876786346,0.010099479876786346
Violenivirus,2,0.00010099479876786346,0.010099479876786346
Vingilotevirus,2,0.00010099479876786346,0.010099479876786346
Vieuvirus,2,0.00010099479876786346,0.010099479876786346
Tralespevirus,2,0.00010099479876786346,0.010099479876786346
Behrmavirus,2,0.00010099479876786346,0.010099479876786346
Topilevirus,2,0.00010099479876786346,0.010099479876786346
Duridgovirus,2,0.00010099479876786346,0.010099479876786346
Duhcivirus,2,0.00010099479876786346,0.010099479876786346
Dolusvirus,2,0.00010099479876786346,0.010099479876786346
Doliuvirus,2,0.00010099479876786346,0.010099479876786346
Phayathaivirus,2,0.00010099479876786346,0.010099479876786346
Tinduovirus,2,0.00010099479876786346,0.010099479876786346
Pippivirus,2,0.00010099479876786346,0.010099479876786346
Dorisivirus,2,0.00010099479876786346,0.010099479876786346
Dianlovirus,2,0.00010099479876786346,0.010099479876786346
Aresaunavirus,2,0.00010099479876786346,0.010099479876786346
Arepavirus,2,0.00010099479876786346,0.010099479876786346
Nigecruvirus,2,0.00010099479876786346,0.010099479876786346
Nieuwekanaalvirus,2,0.00010099479876786346,0.010099479876786346
Nezavisimistyvirus,2,0.00010099479876786346,0.010099479876786346
Newbovirus,2,0.00010099479876786346,0.010099479876786346
Ganiavirus,2,0.00010099479876786346,0.010099479876786346
Pinnievirus,2,0.00010099479876786346,0.010099479876786346
Dronavirus,2,0.00010099479876786346,0.010099479876786346
Dreytovirus,2,0.00010099479876786346,0.010099479876786346
Phutvirus,2,0.00010099479876786346,0.010099479876786346
Phragmivirus,2,0.00010099479876786346,0.010099479876786346
Pleetrevirus,2,0.00010099479876786346,0.010099479876786346
Diresapivirus,2,0.00010099479876786346,0.010099479876786346
Diorhovirus,2,0.00010099479876786346,0.010099479876786346
Potamipivirus,2,0.00010099479876786346,0.010099479876786346
Detrevirus,2,0.00010099479876786346,0.010099479876786346
Gilsonvirus,2,0.00010099479876786346,0.010099479876786346
Getseptimavirus,2,0.00010099479876786346,0.010099479876786346
Nereusvirus,2,0.00010099479876786346,0.010099479876786346
Neptunevirus,2,0.00010099479876786346,0.010099479876786346
Gofduovirus,2,0.00010099479876786346,0.010099479876786346
Godonkavirus,2,0.00010099479876786346,0.010099479876786346
Glyciruvirus,2,0.00010099479876786346,0.010099479876786346
Glamdringvirus,2,0.00010099479876786346,0.010099479876786346
Nebovirus,2,0.00010099479876786346,0.010099479876786346
Vicosavirus,2,0.00010099479876786346,0.010099479876786346
Beograduvirus,2,0.00010099479876786346,0.010099479876786346
Pollyceevirus,2,0.00010099479876786346,0.010099479876786346
Pokrovskaiavirus,2,0.00010099479876786346,0.010099479876786346
Poindextervirus,2,0.00010099479876786346,0.010099479876786346
Diegovirus,2,0.00010099479876786346,0.010099479876786346
Dicipivirus,2,0.00010099479876786346,0.010099479876786346
Deltanucleorhabdovirus,2,0.00010099479876786346,0.010099479876786346
Wahbolevirus,2,0.00010099479876786346,0.010099479876786346
Voulevirus,2,0.00010099479876786346,0.010099479876786346
Volantivirus,2,0.00010099479876786346,0.010099479876786346
Aramisvirus,2,0.00010099479876786346,0.010099479876786346
Aquaparamyxovirus,2,0.00010099479876786346,0.010099479876786346
Aquamavirus,2,0.00010099479876786346,0.010099479876786346
Aptresvirus,2,0.00010099479876786346,0.010099479876786346
Nesevirus,2,0.00010099479876786346,0.010099479876786346
Pohlydovirus,2,0.00010099479876786346,0.010099479876786346
Pogseptimavirus,2,0.00010099479876786346,0.010099479876786346
Bernalvirus,2,0.00010099479876786346,0.010099479876786346
Deltahypovirus,2,0.00010099479876786346,0.010099479876786346
Pourcelvirus,2,0.00010099479876786346,0.010099479876786346
Potamoivirus,2,0.00010099479876786346,0.010099479876786346
Delfunavirus,2,0.00010099479876786346,0.010099479876786346
Myohalovirus,2,0.00010099479876786346,0.010099479876786346
Mykissvirus,2,0.00010099479876786346,0.010099479876786346
Muvirus,2,0.00010099479876786346,0.010099479876786346
Mutorquevirus,2,0.00010099479876786346,0.010099479876786346
Muscodensovirus,2,0.00010099479876786346,0.010099479876786346
Murrayvirus,2,0.00010099479876786346,0.010099479876786346
Mupivirus,2,0.00010099479876786346,0.010099479876786346
Narnavirus,2,0.00010099479876786346,0.010099479876786346
Deseoctovirus,2,0.00010099479876786346,0.010099479876786346
Demosthenesvirus,2,0.00010099479876786346,0.010099479876786346
Demetevirus,2,0.00010099479876786346,0.010099479876786346
Muldoonvirus,2,0.00010099479876786346,0.010099479876786346
Mulcrilevirus,2,0.00010099479876786346,0.010099479876786346
Grutrevirus,2,0.00010099479876786346,0.010099479876786346
Moriavirus,2,0.00010099479876786346,0.010099479876786346
Gustavvirus,2,0.00010099479876786346,0.010099479876786346
Myrnavirus,2,0.00010099479876786346,0.010099479876786346
Decapodiridovirus,2,0.00010099479876786346,0.010099479876786346
Priunavirus,2,0.00010099479876786346,0.010099479876786346
Primolicivirus,2,0.00010099479876786346,0.010099479876786346
Prasinovirus,2,0.00010099479876786346,0.010099479876786346
Delusorvirus,2,0.00010099479876786346,0.010099479876786346
Deltatectivirus,2,0.00010099479876786346,0.010099479876786346
Deltalipothrixvirus,2,0.00010099479876786346,0.010099479876786346
Tidunavirus,2,0.00010099479876786346,0.010099479876786346
Bescotivirus,2,0.00010099479876786346,0.010099479876786346
Bertelyvirus,2,0.00010099479876786346,0.010099479876786346
Wahtivirus,2,0.00010099479876786346,0.010099479876786346
Thetaarterivirus,2,0.00010099479876786346,0.010099479876786346
Thengelvirus,2,0.00010099479876786346,0.010099479876786346
Betainfluenzavirus,2,0.00010099479876786346,0.010099479876786346
Betafusellovirus,2,0.00010099479876786346,0.010099479876786346
Properatisvirus,2,0.00010099479876786346,0.010099479876786346
Deltacystovirus,2,0.00010099479876786346,0.010099479876786346
Pylasvirus,2,0.00010099479876786346,0.010099479876786346
Wahpevirus,2,0.00010099479876786346,0.010099479876786346
Wahlkavirus,2,0.00010099479876786346,0.010099479876786346
Apeevirus,2,0.00010099479876786346,0.010099479876786346
Apdecimavirus,2,0.00010099479876786346,0.010099479876786346
Aorunvirus,2,0.00010099479876786346,0.010099479876786346
Guelphvirus,2,0.00010099479876786346,0.010099479876786346
Monkskivirus,2,0.00010099479876786346,0.010099479876786346
Mollyvirus,2,0.00010099479876786346,0.010099479876786346
Damravirus,2,0.00010099479876786346,0.010099479876786346
Psavirus,2,0.00010099479876786346,0.010099479876786346
Quesadillavirus,2,0.00010099479876786346,0.010099479876786346
Molcatevirus,2,0.00010099479876786346,0.010099479876786346
Waukeshavirus,2,0.00010099479876786346,0.010099479876786346
Annadreamyvirus,2,0.00010099479876786346,0.010099479876786346
Anjalivirus,2,0.00010099479876786346,0.010099479876786346
Anicalvirus,2,0.00010099479876786346,0.010099479876786346
Angristvirus,2,0.00010099479876786346,0.010099479876786346
Andurilvirus,2,0.00010099479876786346,0.010099479876786346
Wanjuvirus,2,0.00010099479876786346,0.010099479876786346
Wanchaivirus,2,0.00010099479876786346,0.010099479876786346
Waldovirus,2,0.00010099479876786346,0.010099479876786346
Moazamivirus,2,0.00010099479876786346,0.010099479876786346
Moabitevirus,2,0.00010099479876786346,0.010099479876786346
Wakandavirus,2,0.00010099479876786346,0.010099479876786346
Betanemrhavirus,2,0.00010099479876786346,0.010099479876786346
Culivirus,2,0.00010099479876786346,0.010099479876786346
Cubpivirus,2,0.00010099479876786346,0.010099479876786346
Cyamitesvirus,2,0.00010099479876786346,0.010099479876786346
Crohivirus,2,0.00010099479876786346,0.010099479876786346
Harambevirus,2,0.00010099479876786346,0.010099479876786346
Hapunavirus,2,0.00010099479876786346,0.010099479876786346
Mintinovirus,2,0.00010099479876786346,0.010099479876786346
Minhovirus,2,0.00010099479876786346,0.010099479876786346
Mincetevirus,2,0.00010099479876786346,0.010099479876786346
Hehspivirus,2,0.00010099479876786346,0.010099479876786346
Hadassahvirus,2,0.00010099479876786346,0.010099479876786346
Hadakavirus,2,0.00010099479876786346,0.010099479876786346
Darsivirus,2,0.00010099479876786346,0.010099479876786346
Daniellevirus,2,0.00010099479876786346,0.010099479876786346
Danchavirus,2,0.00010099479876786346,0.010099479876786346
Raleighvirus,2,0.00010099479876786346,0.010099479876786346
Cuauhnahuacvirus,2,0.00010099479876786346,0.010099479876786346
Cryspovirus,2,0.00010099479876786346,0.010099479876786346
Miltonvirus,2,0.00010099479876786346,0.010099479876786346
Micantvirus,2,0.00010099479876786346,0.010099479876786346
Metapneumovirus,2,0.00010099479876786346,0.010099479876786346
Merlkluvirus,2,0.00010099479876786346,0.010099479876786346
Merivirus,2,0.00010099479876786346,0.010099479876786346
Henunavirus,2,0.00010099479876786346,0.010099479876786346
Hemipvirus,2,0.00010099479876786346,0.010099479876786346
Crifsvirus,2,0.00010099479876786346,0.010099479876786346
Craquatrovirus,2,0.00010099479876786346,0.010099479876786346
Betafilamentovirus,2,0.00010099479876786346,0.010099479876786346
Betasatellite,2,0.00010099479876786346,0.010099479876786346
Betapaprhavirus,2,0.00010099479876786346,0.010099479876786346
Betanudivirus,2,0.00010099479876786346,0.010099479876786346
Coralvirus,2,0.00010099479876786346,0.010099479876786346
Reptillovirus,2,0.00010099479876786346,0.010099479876786346
Refugevirus,2,0.00010099479876786346,0.010099479876786346
Tertilicivirus,2,0.00010099479876786346,0.010099479876786346
Terrafusivirus,2,0.00010099479876786346,0.010099479876786346
Melvirus,2,0.00010099479876786346,0.010099479876786346
Hihdivirus,2,0.00010099479876786346,0.010099479876786346
Herbuvirus,2,0.00010099479876786346,0.010099479876786346
Whochfovirus,2,0.00010099479876786346,0.010099479876786346
Whietlevirus,2,0.00010099479876786346,0.010099479876786346
Mimivirus,2,0.00010099479876786346,0.010099479876786346
Mimasvirus,2,0.00010099479876786346,0.010099479876786346
Bidensovirus,2,0.00010099479876786346,0.010099479876786346
Betathriprhavirus,2,0.00010099479876786346,0.010099479876786346
Tethyvirus,2,0.00010099479876786346,0.010099479876786346
Redbauvirus,2,0.00010099479876786346,0.010099479876786346
Amigovirus,2,0.00010099479876786346,0.010099479876786346
Whytuvirus,2,0.00010099479876786346,0.010099479876786346
Marvinvirus,2,0.00010099479876786346,0.010099479876786346
Honleyivirus,2,0.00010099479876786346,0.010099479876786346
Homochaacvirus,2,0.00010099479876786346,0.010099479876786346
Holosalinivirus,2,0.00010099479876786346,0.010099479876786346
Welwivirus,2,0.00010099479876786346,0.010099479876786346
Ancalagonvirus,2,0.00010099479876786346,0.010099479876786346
Anatolevirus,2,0.00010099479876786346,0.010099479876786346
Anativirus,2,0.00010099479876786346,0.010099479876786346
Wehlfuvirus,2,0.00010099479876786346,0.010099479876786346
Megatotivirus,2,0.00010099479876786346,0.010099479876786346
Meganvirus,2,0.00010099479876786346,0.010099479876786346
Medusavirus,2,0.00010099479876786346,0.010099479876786346
Colossusvirus,2,0.00010099479876786346,0.010099479876786346
Coriovirus,2,0.00010099479876786346,0.010099479876786346
Tepoztlanvirus,2,0.00010099479876786346,0.010099479876786346
Bilsavirus,2,0.00010099479876786346,0.010099479876786346
Bihshovirus,2,0.00010099479876786346,0.010099479876786346
Bihdfovirus,2,0.00010099479876786346,0.010099479876786346
Bifilivirus,2,0.00010099479876786346,0.010099479876786346
Bielevirus,2,0.00010099479876786346,0.010099479876786346
Rimavirus,2,0.00010099479876786346,0.010099479876786346
Riddikuvirus,2,0.00010099479876786346,0.010099479876786346
Richievirus,2,0.00010099479876786346,0.010099479876786346
Rhotorquevirus,2,0.00010099479876786346,0.010099479876786346
Rohelivirus,2,0.00010099479876786346,0.010099479876786346
Rodtovirus,2,0.00010099479876786346,0.010099479876786346
Winklervirus,2,0.00010099479876786346,0.010099479876786346
Wingardivirus,2,0.00010099479876786346,0.010099479876786346
Ampunavirus,2,0.00010099479876786346,0.010099479876786346
Amplylivirus,2,0.00010099479876786346,0.010099479876786346
Hukuchivirus,2,0.00010099479876786346,0.010099479876786346
Cohcovirus,2,0.00010099479876786346,0.010099479876786346
Robaratusivirus,2,0.00010099479876786346,0.010099479876786346
Risjevirus,2,0.00010099479876786346,0.010099479876786346
Rosadnavirus,2,0.00010099479876786346,0.010099479876786346
Marienburgvirus,2,0.00010099479876786346,0.010099479876786346
Margaeryvirus,2,0.00010099479876786346,0.010099479876786346
Marfavirus,2,0.00010099479876786346,0.010099479876786346
Mardecavirus,2,0.00010099479876786346,0.010099479876786346
Mapvirus,2,0.00010099479876786346,0.010099479876786346
Mantiovirus,2,0.00010099479876786346,0.010099479876786346
Hubeivirus,2,0.00010099479876786346,0.010099479876786346
Hpunavirus,2,0.00010099479876786346,0.010099479876786346
Howevirus,2,0.00010099479876786346,0.010099479876786346
Witirovirus,2,0.00010099479876786346,0.010099479876786346
Terapinvirus,2,0.00010099479876786346,0.010099479876786346
Cinqassovirus,2,0.00010099479876786346,0.010099479876786346
Cinchivirus,2,0.00010099479876786346,0.010099479876786346
Chuvivirus,2,0.00010099479876786346,0.010099479876786346
Churchovirus,2,0.00010099479876786346,0.010099479876786346
Citrivirus,2,0.00010099479876786346,0.010099479876786346
Citataivirus,2,0.00010099479876786346,0.010099479876786346
Ronodorvirus,2,0.00010099479876786346,0.010099479876786346
Ronavirus,2,0.00010099479876786346,0.010099479876786346
Ronaldovirus,2,0.00010099479876786346,0.010099479876786346
Tenwovirus,2,0.00010099479876786346,0.010099479876786346
Altadenavirus,2,0.00010099479876786346,0.010099479876786346
Alphaturrivirus,2,0.00010099479876786346,0.010099479876786346
Alphatristromavirus,2,0.00010099479876786346,0.010099479876786346
Alphathriprhavirus,2,0.00010099479876786346,0.010099479876786346
Alphatectivirus,2,0.00010099479876786346,0.010099479876786346
Alphasclernavirus,2,0.00010099479876786346,0.010099479876786346
Birpovirus,2,0.00010099479876786346,0.010099479876786346
Tapwovirus,2,0.00010099479876786346,0.010099479876786346
Roymovirus,2,0.00010099479876786346,0.010099479876786346
Chidieberevirus,2,0.00010099479876786346,0.010099479876786346
Chiangmaivirus,2,0.00010099479876786346,0.010099479876786346
Malagasivirus,2,0.00010099479876786346,0.010099479876786346
Mahrahovirus,2,0.00010099479876786346,0.010099479876786346
Madalivirus,2,0.00010099479876786346,0.010099479876786346
Macropopoxvirus,2,0.00010099479876786346,0.010099479876786346
Macochavirus,2,0.00010099479876786346,0.010099479876786346
Machlomovirus,2,0.00010099479876786346,0.010099479876786346
Macdonaldcampvirus,2,0.00010099479876786346,0.010099479876786346
Hymovirus,2,0.00010099479876786346,0.010099479876786346
Hyjrovirus,2,0.00010099479876786346,0.010099479876786346
Manticavirus,2,0.00010099479876786346,0.010099479876786346
Cintrevirus,2,0.00010099479876786346,0.010099479876786346
Saetivirus,2,0.00010099479876786346,0.010099479876786346
Sadetorquevirus,2,0.00010099479876786346,0.010099479876786346
Sabavirus,2,0.00010099479876786346,0.010099479876786346
Ruthyvirus,2,0.00010099479876786346,0.010099479876786346
Rusvolovirus,2,0.00010099479876786346,0.010099479876786346
Chenonavirus,2,0.00010099479876786346,0.010099479876786346
Woodruffvirus,2,0.00010099479876786346,0.010099479876786346
Wongtaivirus,2,0.00010099479876786346,0.010099479876786346
Alphaportoglobovirus,2,0.00010099479876786346,0.010099479876786346
Alphapithovirus,2,0.00010099479876786346,0.010099479876786346
Huohcivirus,2,0.00010099479876786346,0.010099479876786346
Ikedavirus,2,0.00010099479876786346,0.010099479876786346
Iggyvirus,2,0.00010099479876786346,0.010099479876786346
Idnoreovirus,2,0.00010099479876786346,0.010099479876786346
Telnavirus,2,0.00010099479876786346,0.010099479876786346
Bishovirus,2,0.00010099479876786346,0.010099479876786346
Salvovirus,2,0.00010099479876786346,0.010099479876786346
Salmondvirus,2,0.00010099479876786346,0.010099479876786346
Salivirus,2,0.00010099479876786346,0.010099479876786346
Chipolycivirus,2,0.00010099479876786346,0.010099479876786346
Chidisavirus,2,0.00010099479876786346,0.010099479876786346
Lyctovirus,2,0.00010099479876786346,0.010099479876786346
Lwoffvirus,2,0.00010099479876786346,0.010099479876786346
Luzseptimavirus,2,0.00010099479876786346,0.010099479876786346
Ineyimevirus,2,0.00010099479876786346,0.010099479876786346
Incheonvirus,2,0.00010099479876786346,0.010099479876786346
Impedivirus,2,0.00010099479876786346,0.010099479876786346
Imeberivirus,2,0.00010099479876786346,0.010099479876786346
Lullwatervirus,2,0.00010099479876786346,0.010099479876786346
Wruxevirus,2,0.00010099479876786346,0.010099479876786346
Saikungvirus,2,0.00010099479876786346,0.010099479876786346
Sagusvirus,2,0.00010099479876786346,0.010099479876786346
Tanisvirus,2,0.00010099479876786346,0.010099479876786346
Synelinevirus,2,0.00010099479876786346,0.010099479876786346
Blohavirus,2,0.00010099479876786346,0.010099479876786346
Svunavirus,2,0.00010099479876786346,0.010099479876786346
Suwonvirus,2,0.00010099479876786346,0.010099479876786346
Sarumanvirus,2,0.00010099479876786346,0.010099479876786346
Centapoxvirus,2,0.00010099479876786346,0.010099479876786346
Wumpquatrovirus,2,0.00010099479876786346,0.010099479876786346
Wuhivirus,2,0.00010099479876786346,0.010099479876786346
Alphalipothrixvirus,2,0.00010099479876786346,0.010099479876786346
Alphainfluenzavirus,2,0.00010099479876786346,0.010099479876786346
Lubbockvirus,2,0.00010099479876786346,0.010099479876786346
Ioniavirus,2,0.00010099479876786346,0.010099479876786346
Charybnivirus,2,0.00010099479876786346,0.010099479876786346
Sanivirus,2,0.00010099479876786346,0.010099479876786346
Sambuevirus,2,0.00010099479876786346,0.010099479876786346
Selfuvirus,2,0.00010099479876786346,0.010099479876786346
Segzyvirus,2,0.00010099479876786346,0.010099479876786346
Cepunavirus,2,0.00010099479876786346,0.010099479876786346
Inhavirus,2,0.00010099479876786346,0.010099479876786346
Loudonvirus,2,0.00010099479876786346,0.010099479876786346
Losannavirus,2,0.00010099479876786346,0.010099479876786346
Isavirus,2,0.00010099479876786346,0.010099479876786346
Irtavirus,2,0.00010099479876786346,0.010099479876786346
Iridovirus,2,0.00010099479876786346,0.010099479876786346
Iotatorquevirus,2,0.00010099479876786346,0.010099479876786346
Scutavirus,2,0.00010099479876786346,0.010099479876786346
Scophrhavirus,2,0.00010099479876786346,0.010099479876786346
Changchunvirus,2,0.00010099479876786346,0.010099479876786346
Chalconvirus,2,0.00010099479876786346,0.010099479876786346
Cetarhavirus,2,0.00010099479876786346,0.010099479876786346
Bolekvirus,2,0.00010099479876786346,0.010099479876786346
Lokivirus,2,0.00010099479876786346,0.010099479876786346
Loessnervirus,2,0.00010099479876786346,0.010099479876786346
Loecwouvirus,2,0.00010099479876786346,0.010099479876786346
Xiamenvirus,2,0.00010099479876786346,0.010099479876786346
Alphadrosrhavirus,2,0.00010099479876786346,0.010099479876786346
Alphacystovirus,2,0.00010099479876786346,0.010099479876786346
Alphacrustrhavirus,2,0.00010099479876786346,0.010099479876786346
Wushavirus,2,0.00010099479876786346,0.010099479876786346
Littlefixvirus,2,0.00010099479876786346,0.010099479876786346
Litdlovirus,2,0.00010099479876786346,0.010099479876786346
Litdlevirus,2,0.00010099479876786346,0.010099479876786346
Boldovirus,2,0.00010099479876786346,0.010099479876786346
Boebeisivirus,2,0.00010099479876786346,0.010099479876786346
Stupavirus,2,0.00010099479876786346,0.010099479876786346
Senecavirus,2,0.00010099479876786346,0.010099479876786346
Sendosyvirus,2,0.00010099479876786346,0.010099479876786346
Sepunavirus,2,0.00010099479876786346,0.010099479876786346
Septuagintavirus,2,0.00010099479876786346,0.010099479876786346
Sepahanvirus,2,0.00010099479876786346,0.010099479876786346
Sentinelvirus,2,0.00010099479876786346,0.010099479876786346
Cecivirus,2,0.00010099479876786346,0.010099479876786346
Cebevirus,2,0.00010099479876786346,0.010099479876786346
Cebaduodecimvirus,2,0.00010099479876786346,0.010099479876786346
Surghavirus,2,0.00010099479876786346,0.010099479876786346
Bongovirus,2,0.00010099479876786346,0.010099479876786346
Shapirovirus,2,0.00010099479876786346,0.010099479876786346
Shangxiadianvirus,2,0.00010099479876786346,0.010099479876786346
Jamesmcgillvirus,2,0.00010099479876786346,0.010099479876786346
Ithacavirus,2,0.00010099479876786346,0.010099479876786346
Limestonevirus,2,0.00010099479876786346,0.010099479876786346
Limaivirus,2,0.00010099479876786346,0.010099479876786346
Jasminevirus,2,0.00010099479876786346,0.010099479876786346
Shandvirus,2,0.00010099479876786346,0.010099479876786346
Shamshuipovirus,2,0.00010099479876786346,0.010099479876786346
Shabtayvirus,2,0.00010099479876786346,0.010099479876786346
Sextaecvirus,2,0.00010099479876786346,0.010099479876786346
Seuratvirus,2,0.00010099479876786346,0.010099479876786346
Sertoctavirus,2,0.00010099479876786346,0.010099479876786346
Carnodivirus,2,0.00010099479876786346,0.010099479876786346
Carmenvirus,2,0.00010099479876786346,0.010099479876786346
Carjivirus,2,0.00010099479876786346,0.010099479876786346
Liebevirus,2,0.00010099479876786346,0.010099479876786346
Lidleunavirus,2,0.00010099479876786346,0.010099479876786346
Leucotheavirus,2,0.00010099479876786346,0.010099479876786346
Johnsonvirus,2,0.00010099479876786346,0.010099479876786346
Jimmervirus,2,0.00010099479876786346,0.010099479876786346
Jiesduavirus,2,0.00010099479876786346,0.010099479876786346
Janusivirus,2,0.00010099479876786346,0.010099479876786346
Buhdprovirus,2,0.00010099479876786346,0.010099479876786346
Callevirus,2,0.00010099479876786346,0.010099479876786346
Caliparnavirus,2,0.00010099479876786346,0.010099479876786346
Cahrpivirus,2,0.00010099479876786346,0.010099479876786346
Shestuvirus,2,0.00010099479876786346,0.010099479876786346
Shenzhenvirus,2,0.00010099479876786346,0.010099479876786346
Carbovirus,2,0.00010099479876786346,0.010099479876786346
Capamivirus,2,0.00010099479876786346,0.010099479876786346
Strenuusivirus,2,0.00010099479876786346,0.010099479876786346
Lentinuvirus,2,0.00010099479876786346,0.010099479876786346
Lentimonavirus,2,0.00010099479876786346,0.010099479876786346
Kahnovirus,2,0.00010099479876786346,0.010099479876786346
Junduvirus,2,0.00010099479876786346,0.010099479876786346
Yekorevirus,2,0.00010099479876786346,0.010099479876786346
Lighthovirus,2,0.00010099479876786346,0.010099479876786346
Lightbulbvirus,2,0.00010099479876786346,0.010099479876786346
Sigmatorquevirus,2,0.00010099479876786346,0.010099479876786346
Sickelvirus,2,0.00010099479876786346,0.010099479876786346
Slepowronvirus,2,0.00010099479876786346,0.010099479876786346
Aleptorquevirus,2,0.00010099479876786346,0.010099479876786346
Alcyoneusvirus,2,0.00010099479876786346,0.010099479876786346
Xooduovirus,2,0.00010099479876786346,0.010099479876786346
Xitorquevirus,2,0.00010099479876786346,0.010099479876786346
Lastavirus,2,0.00010099479876786346,0.010099479876786346
Kappapapillomavirus,2,0.00010099479876786346,0.010099479876786346
Boscovirus,2,0.00010099479876786346,0.010099479876786346
Bonzesmacovirus,2,0.00010099479876786346,0.010099479876786346
Stonedovirus,2,0.00010099479876786346,0.010099479876786346
Steinhofvirus,2,0.00010099479876786346,0.010099479876786346
Sicariusvirus,2,0.00010099479876786346,0.010099479876786346
Canhaevirus,2,0.00010099479876786346,0.010099479876786346
Buhlduvirus,2,0.00010099479876786346,0.010099479876786346
Bromdenvirus,2,0.00010099479876786346,0.010099479876786346
Sitinavirus,2,0.00010099479876786346,0.010099479876786346
Burdivirus,2,0.00010099479876786346,0.010099479876786346
Bunlevirus,2,0.00010099479876786346,0.010099479876786346
Stehnavirus,2,0.00010099479876786346,0.010099479876786346
Stehlmavirus,2,0.00010099479876786346,0.010099479876786346
Kaiwanvirus,2,0.00010099479876786346,0.010099479876786346
Kairosalinivirus,2,0.00010099479876786346,0.010099479876786346
Lamposivirus,2,0.00010099479876786346,0.010099479876786346
Lambdatorquevirus,2,0.00010099479876786346,0.010099479876786346
Kelleziovirus,2,0.00010099479876786346,0.010099479876786346
Kehmevirus,2,0.00010099479876786346,0.010099479876786346
Sindarvirus,2,0.00010099479876786346,0.010099479876786346
Sincthavirus,2,0.00010099479876786346,0.010099479876786346
Sinaivirus,2,0.00010099479876786346,0.010099479876786346
Simismacovirus,2,0.00010099479876786346,0.010099479876786346
Kochitakasuvirus,2,0.00010099479876786346,0.010099479876786346
Yushanvirus,2,0.00010099479876786346,0.010099479876786346
Kreonivirus,2,0.00010099479876786346,0.010099479876786346
Kozievirus,2,0.00010099479876786346,0.010099479876786346
Zhangjivirus,2,0.00010099479876786346,0.010099479876786346
Zewailvirus,2,0.00010099479876786346,0.010099479876786346
Acciovirus,2,0.00010099479876786346,0.010099479876786346
Zukovirus,2,0.00010099479876786346,0.010099479876786346
Abouovirus,2,0.00010099479876786346,0.010099479876786346
Ageyesisatellite,2,0.00010099479876786346,0.010099479876786346
Kappatorquevirus,2,0.00010099479876786346,0.010099479876786346
Sortsnevirus,2,0.00010099479876786346,0.010099479876786346
Sophritavirus,2,0.00010099479876786346,0.010099479876786346
Sophoyesatellite,2,0.00010099479876786346,0.010099479876786346
Solymavirus,2,0.00010099479876786346,0.010099479876786346
Solendovirus,2,0.00010099479876786346,0.010099479876786346
Ficleduovirus,2,0.00010099479876786346,0.010099479876786346
Fibralongavirus,2,0.00010099479876786346,0.010099479876786346
Valinorvirus,2,0.00010099479876786346,0.010099479876786346
Unosvirus,2,0.00010099479876786346,0.010099479876786346
Ormalvirus,2,0.00010099479876786346,0.010099479876786346
Orivirus,2,0.00010099479876786346,0.010099479876786346
Orinovirus,2,0.00010099479876786346,0.010099479876786346
Bafinivirus,2,0.00010099479876786346,0.010099479876786346
Badaztecvirus,2,0.00010099479876786346,0.010099479876786346
Aziravirus,2,0.00010099479876786346,0.010099479876786346
Tybeckvirus,2,0.00010099479876786346,0.010099479876786346
Tuwendivirus,2,0.00010099479876786346,0.010099479876786346
Orthomarburgvirus,2,0.00010099479876786346,0.010099479876786346
Adovirus,2,0.00010099479876786346,0.010099479876786346
Kongskuvirus,2,0.00010099479876786346,0.010099479876786346
Kojivirus,2,0.00010099479876786346,0.010099479876786346
Zybavirus,1,5.049739938393173e-05,0.005049739938393173
Abaiavirus,1,5.049739938393173e-05,0.005049739938393173
Abbeymikolonvirus,1,5.049739938393173e-05,0.005049739938393173
Aberdnavirus,1,5.049739938393173e-05,0.005049739938393173
Acajnonavirus,1,5.049739938393173e-05,0.005049739938393173
Aceathervirus,1,5.049739938393173e-05,0.005049739938393173
Acionnavirus,1,5.049739938393173e-05,0.005049739938393173
Acridvirus,1,5.049739938393173e-05,0.005049739938393173
Actaeavirus,1,5.049739938393173e-05,0.005049739938393173
Actinidiaevirus,1,5.049739938393173e-05,0.005049739938393173
Zetacystovirus,1,5.049739938393173e-05,0.005049739938393173
Zetahypovirus,1,5.049739938393173e-05,0.005049739938393173
Zetapapillomavirus,1,5.049739938393173e-05,0.005049739938393173
Zetapolyomavirus,1,5.049739938393173e-05,0.005049739938393173
Zetatorquevirus,1,5.049739938393173e-05,0.005049739938393173
Youngvirus,1,5.049739938393173e-05,0.005049739938393173
Agmunavirus,1,5.049739938393173e-05,0.005049739938393173
Aglavirus,1,5.049739938393173e-05,0.005049739938393173
Aghbyvirus,1,5.049739938393173e-05,0.005049739938393173
Aequorvirus,1,5.049739938393173e-05,0.005049739938393173
Aegirvirus,1,5.049739938393173e-05,0.005049739938393173
Adaiavirus,1,5.049739938393173e-05,0.005049739938393173
Adahmuvirus,1,5.049739938393173e-05,0.005049739938393173
Yosifvirus,1,5.049739938393173e-05,0.005049739938393173
Yongunavirus,1,5.049739938393173e-05,0.005049739938393173
Yonginvirus,1,5.049739938393173e-05,0.005049739938393173
Yoloswagvirus,1,5.049739938393173e-05,0.005049739938393173
Yohcadevirus,1,5.049739938393173e-05,0.005049739938393173
Yinyavirus,1,5.049739938393173e-05,0.005049739938393173
Yermavirus,1,5.049739938393173e-05,0.005049739938393173
Alachuavirus,1,5.049739938393173e-05,0.005049739938393173
Kilunavirus,1,5.049739938393173e-05,0.005049739938393173
Kihsiravirus,1,5.049739938393173e-05,0.005049739938393173
Kihryuvirus,1,5.049739938393173e-05,0.005049739938393173
Kudohovirus,1,5.049739938393173e-05,0.005049739938393173
Krylovvirus,1,5.049739938393173e-05,0.005049739938393173
Kronovirus,1,5.049739938393173e-05,0.005049739938393173
Krompvirus,1,5.049739938393173e-05,0.005049739938393173
Kratosvirus,1,5.049739938393173e-05,0.005049739938393173
Krampusvirus,1,5.049739938393173e-05,0.005049739938393173
Krakvirus,1,5.049739938393173e-05,0.005049739938393173
Kozyakovvirus,1,5.049739938393173e-05,0.005049739938393173
Kowinovirus,1,5.049739938393173e-05,0.005049739938393173
Kopavirus,1,5.049739938393173e-05,0.005049739938393173
Konwavirus,1,5.049739938393173e-05,0.005049739938393173
Konstantinevirus,1,5.049739938393173e-05,0.005049739938393173
Kononvirus,1,5.049739938393173e-05,0.005049739938393173
Kukrinivirus,1,5.049739938393173e-05,0.005049739938393173
Kujavirus,1,5.049739938393173e-05,0.005049739938393173
Kuhshuvirus,1,5.049739938393173e-05,0.005049739938393173
Kuhfotivirus,1,5.049739938393173e-05,0.005049739938393173
Kisinvirus,1,5.049739938393173e-05,0.005049739938393173
Kirovvirus,1,5.049739938393173e-05,0.005049739938393173
Kirnavirus,1,5.049739938393173e-05,0.005049739938393173
Kirikabuvirus,1,5.049739938393173e-05,0.005049739938393173
Kipunavirus,1,5.049739938393173e-05,0.005049739938393173
Kinolwovirus,1,5.049739938393173e-05,0.005049739938393173
Kingscavirus,1,5.049739938393173e-05,0.005049739938393173
Kinglevirus,1,5.049739938393173e-05,0.005049739938393173
Kingevirus,1,5.049739938393173e-05,0.005049739938393173
Kinehtovirus,1,5.049739938393173e-05,0.005049739938393173
Kimonavirus,1,5.049739938393173e-05,0.005049739938393173
Kimihcavirus,1,5.049739938393173e-05,0.005049739938393173
Kylevirus,1,5.049739938393173e-05,0.005049739938393173
Kvaramitovirus,1,5.049739938393173e-05,0.005049739938393173
Kuwvirus,1,5.049739938393173e-05,0.005049739938393173
Kihrivirus,1,5.049739938393173e-05,0.005049739938393173
Keylargovirus,1,5.049739938393173e-05,0.005049739938393173
Ketkevirus,1,5.049739938393173e-05,0.005049739938393173
Kerishovirus,1,5.049739938393173e-05,0.005049739938393173
Kenyattavirus,1,5.049739938393173e-05,0.005049739938393173
Kemiovirus,1,5.049739938393173e-05,0.005049739938393173
Kembevirus,1,5.049739938393173e-05,0.005049739938393173
Kelquatrovirus,1,5.049739938393173e-05,0.005049739938393173
Kusarnavirus,1,5.049739938393173e-05,0.005049739938393173
Kungspuvirus,1,5.049739938393173e-05,0.005049739938393173
Kungbxnavirus,1,5.049739938393173e-05,0.005049739938393173
Kumaovirus,1,5.049739938393173e-05,0.005049739938393173
Kuleanavirus,1,5.049739938393173e-05,0.005049739938393173
Laimuvirus,1,5.049739938393173e-05,0.005049739938393173
Lahndsivirus,1,5.049739938393173e-05,0.005049739938393173
Kelmasvirus,1,5.049739938393173e-05,0.005049739938393173
Keisodnavirus,1,5.049739938393173e-05,0.005049739938393173
Kehrevirus,1,5.049739938393173e-05,0.005049739938393173
Kaypoctavirus,1,5.049739938393173e-05,0.005049739938393173
Karezivirus,1,5.049739938393173e-05,0.005049739938393173
Lahdbrovirus,1,5.049739938393173e-05,0.005049739938393173
Lahbwuvirus,1,5.049739938393173e-05,0.005049739938393173
Lagaffevirus,1,5.049739938393173e-05,0.005049739938393173
Lafunavirus,1,5.049739938393173e-05,0.005049739938393173
Lacusarxvirus,1,5.049739938393173e-05,0.005049739938393173
Lacnuvirus,1,5.049739938393173e-05,0.005049739938393173
Lacfervirus,1,5.049739938393173e-05,0.005049739938393173
Labyrnavirus,1,5.049739938393173e-05,0.005049739938393173
Labanvirus,1,5.049739938393173e-05,0.005049739938393173
Lasallevirus,1,5.049739938393173e-05,0.005049739938393173
Kappaarterivirus,1,5.049739938393173e-05,0.005049739938393173
Kapieceevirus,1,5.049739938393173e-05,0.005049739938393173
Kantovirus,1,5.049739938393173e-05,0.005049739938393173
Kanaloavirus,1,5.049739938393173e-05,0.005049739938393173
Kamchatkavirus,1,5.049739938393173e-05,0.005049739938393173
Kalppathivirus,1,5.049739938393173e-05,0.005049739938393173
Kajamvirus,1,5.049739938393173e-05,0.005049739938393173
Kahucivirus,1,5.049739938393173e-05,0.005049739938393173
Kahshuvirus,1,5.049739938393173e-05,0.005049739938393173
Larmunavirus,1,5.049739938393173e-05,0.005049739938393173
Langlevirus,1,5.049739938393173e-05,0.005049739938393173
Lanavirus,1,5.049739938393173e-05,0.005049739938393173
Laminvirus,1,5.049739938393173e-05,0.005049739938393173
Lamedtorquevirus,1,5.049739938393173e-05,0.005049739938393173
Lambdaarterivirus,1,5.049739938393173e-05,0.005049739938393173
Kahnayevirus,1,5.049739938393173e-05,0.005049739938393173
Kahfsdivirus,1,5.049739938393173e-05,0.005049739938393173
Kagamiyamavirus,1,5.049739938393173e-05,0.005049739938393173
Kafunavirus,1,5.049739938393173e-05,0.005049739938393173
Kafavirus,1,5.049739938393173e-05,0.005049739938393173
Kadmovirus,1,5.049739938393173e-05,0.005049739938393173
Jwalphavirus,1,5.049739938393173e-05,0.005049739938393173
Julieunavirus,1,5.049739938393173e-05,0.005049739938393173
Lebriduvirus,1,5.049739938393173e-05,0.005049739938393173
Leahmovirus,1,5.049739938393173e-05,0.005049739938393173
Layangcvirus,1,5.049739938393173e-05,0.005049739938393173
Layangbvirus,1,5.049739938393173e-05,0.005049739938393173
Layangavirus,1,5.049739938393173e-05,0.005049739938393173
Lauvirus,1,5.049739938393173e-05,0.005049739938393173
Laumovirus,1,5.049739938393173e-05,0.005049739938393173
Latrobevirus,1,5.049739938393173e-05,0.005049739938393173
Libanvirus,1,5.049739938393173e-05,0.005049739938393173
Liaoningvirus,1,5.049739938393173e-05,0.005049739938393173
Julespiccardvirus,1,5.049739938393173e-05,0.005049739938393173
Juiceboxvirus,1,5.049739938393173e-05,0.005049739938393173
Johnovirus,1,5.049739938393173e-05,0.005049739938393173
Jinkiesvirus,1,5.049739938393173e-05,0.005049739938393173
Jimeivirus,1,5.049739938393173e-05,0.005049739938393173
Jiaweivirus,1,5.049739938393173e-05,0.005049739938393173
Jiaoyazivirus,1,5.049739938393173e-05,0.005049739938393173
Leocovirus,1,5.049739938393173e-05,0.005049739938393173
Lentavirus,1,5.049739938393173e-05,0.005049739938393173
Lehemavirus,1,5.049739938393173e-05,0.005049739938393173
Lehamuvirus,1,5.049739938393173e-05,0.005049739938393173
Leefvirus,1,5.049739938393173e-05,0.005049739938393173
Lecwavirus,1,5.049739938393173e-05,0.005049739938393173
Kahraivirus,1,5.049739938393173e-05,0.005049739938393173
Jiangsuvirus,1,5.049739938393173e-05,0.005049739938393173
Jhansiroadvirus,1,5.049739938393173e-05,0.005049739938393173
Jeruvirus,1,5.049739938393173e-05,0.005049739938393173
Jeonjuvirus,1,5.049739938393173e-05,0.005049739938393173
Jenstvirus,1,5.049739938393173e-05,0.005049739938393173
Jelitavirus,1,5.049739938393173e-05,0.005049739938393173
Jelgvirus,1,5.049739938393173e-05,0.005049739938393173
Jedunavirus,1,5.049739938393173e-05,0.005049739938393173
Jarrellvirus,1,5.049739938393173e-05,0.005049739938393173
Jarilovirus,1,5.049739938393173e-05,0.005049739938393173
Jargovirus,1,5.049739938393173e-05,0.005049739938393173
Lihvevirus,1,5.049739938393173e-05,0.005049739938393173
Lihdtlovirus,1,5.049739938393173e-05,0.005049739938393173
Lietduovirus,1,5.049739938393173e-05,0.005049739938393173
Lidbrovirus,1,5.049739938393173e-05,0.005049739938393173
Libingvirus,1,5.049739938393173e-05,0.005049739938393173
Lingvirus,1,5.049739938393173e-05,0.005049739938393173
Japarudivirus,1,5.049739938393173e-05,0.005049739938393173
Jalkavirus,1,5.049739938393173e-05,0.005049739938393173
Jahatvirus,1,5.049739938393173e-05,0.005049739938393173
Jacunavirus,1,5.049739938393173e-05,0.005049739938393173
Jacevirus,1,5.049739938393173e-05,0.005049739938393173
Iwahcevirus,1,5.049739938393173e-05,0.005049739938393173
Ivolevirus,1,5.049739938393173e-05,0.005049739938393173
Ittyvirus,1,5.049739938393173e-05,0.005049739938393173
Linggongvirus,1,5.049739938393173e-05,0.005049739938393173
Lindendrivevirus,1,5.049739938393173e-05,0.005049739938393173
Limelightvirus,1,5.049739938393173e-05,0.005049739938393173
Lilyvirus,1,5.049739938393173e-05,0.005049739938393173
Lilspottyvirus,1,5.049739938393173e-05,0.005049739938393173
Lilmcdreamyvirus,1,5.049739938393173e-05,0.005049739938393173
Lilbeanievirus,1,5.049739938393173e-05,0.005049739938393173
Loimivirus,1,5.049739938393173e-05,0.005049739938393173
Lohwovirus,1,5.049739938393173e-05,0.005049739938393173
Lohwevirus,1,5.049739938393173e-05,0.005049739938393173
Lohmavirus,1,5.049739938393173e-05,0.005049739938393173
Loghdhuvirus,1,5.049739938393173e-05,0.005049739938393173
Loebevirus,1,5.049739938393173e-05,0.005049739938393173
Loamavirus,1,5.049739938393173e-05,0.005049739938393173
Llyrvirus,1,5.049739938393173e-05,0.005049739938393173
Livvievirus,1,5.049739938393173e-05,0.005049739938393173
Livupivirus,1,5.049739938393173e-05,0.005049739938393173
Litlevirus,1,5.049739938393173e-05,0.005049739938393173
Lishizhenvirus,1,5.049739938393173e-05,0.005049739938393173
Lirvirus,1,5.049739938393173e-05,0.005049739938393173
Lirnavirus,1,5.049739938393173e-05,0.005049739938393173
Lipwuvirus,1,5.049739938393173e-05,0.005049739938393173
Lipsvirus,1,5.049739938393173e-05,0.005049739938393173
Loslovirus,1,5.049739938393173e-05,0.005049739938393173
Loriparvovirus,1,5.049739938393173e-05,0.005049739938393173
Longwoodvirus,1,5.049739938393173e-05,0.005049739938393173
Longwangvirus,1,5.049739938393173e-05,0.005049739938393173
Lonfivirus,1,5.049739938393173e-05,0.005049739938393173
Itarudivirus,1,5.049739938393173e-05,0.005049739938393173
Isoldevirus,1,5.049739938393173e-05,0.005049739938393173
Isoihlovirus,1,5.049739938393173e-05,0.005049739938393173
Ishugivirus,1,5.049739938393173e-05,0.005049739938393173
Ishigurovirus,1,5.049739938393173e-05,0.005049739938393173
Irusalimvirus,1,5.049739938393173e-05,0.005049739938393173
Iruqauvirus,1,5.049739938393173e-05,0.005049739938393173
Irrigatiovirus,1,5.049739938393173e-05,0.005049739938393173
Irmovirus,1,5.049739938393173e-05,0.005049739938393173
Lomnativirus,1,5.049739938393173e-05,0.005049739938393173
Lolavirus,1,5.049739938393173e-05,0.005049739938393173
Ludopivirus,1,5.049739938393173e-05,0.005049739938393173
Ludisvirus,1,5.049739938393173e-05,0.005049739938393173
Luckytenvirus,1,5.049739938393173e-05,0.005049739938393173
Luckybarnesvirus,1,5.049739938393173e-05,0.005049739938393173
Loxlovirus,1,5.049739938393173e-05,0.005049739938393173
Ionavirus,1,5.049739938393173e-05,0.005049739938393173
Iodovirus,1,5.049739938393173e-05,0.005049739938393173
Invirovirus,1,5.049739938393173e-05,0.005049739938393173
Invictavirus,1,5.049739938393173e-05,0.005049739938393173
Insbruvirus,1,5.049739938393173e-05,0.005049739938393173
Inibicvirus,1,5.049739938393173e-05,0.005049739938393173
Inhoffenstrassevirus,1,5.049739938393173e-05,0.005049739938393173
Ingelinevirus,1,5.049739938393173e-05,0.005049739938393173
Lowerquvirus,1,5.049739938393173e-05,0.005049739938393173
Lowelvirus,1,5.049739938393173e-05,0.005049739938393173
Loughboroughvirus,1,5.049739938393173e-05,0.005049739938393173
Lundtoftevirus,1,5.049739938393173e-05,0.005049739938393173
Lumovirus,1,5.049739938393173e-05,0.005049739938393173
Infulavirus,1,5.049739938393173e-05,0.005049739938393173
Indlulamithivirus,1,5.049739938393173e-05,0.005049739938393173
Incitatusivirus,1,5.049739938393173e-05,0.005049739938393173
Incitativirus,1,5.049739938393173e-05,0.005049739938393173
Inbricusvirus,1,5.049739938393173e-05,0.005049739938393173
Imvubuvirus,1,5.049739938393173e-05,0.005049739938393173
Immutovirus,1,5.049739938393173e-05,0.005049739938393173
Immanueltrevirus,1,5.049739938393173e-05,0.005049739938393173
Illuinvirus,1,5.049739938393173e-05,0.005049739938393173
Luinilvirus,1,5.049739938393173e-05,0.005049739938393173
Luhtdivirus,1,5.049739938393173e-05,0.005049739938393173
Lughvirus,1,5.049739938393173e-05,0.005049739938393173
Ludtlovirus,1,5.049739938393173e-05,0.005049739938393173
Ludtlevirus,1,5.049739938393173e-05,0.005049739938393173
Iapetusvirus,1,5.049739938393173e-05,0.005049739938393173
Iaduovirus,1,5.049739938393173e-05,0.005049739938393173
Hzauvirus,1,5.049739938393173e-05,0.005049739938393173
Hupolycivirus,1,5.049739938393173e-05,0.005049739938393173
Hungariovirus,1,5.049739938393173e-05,0.005049739938393173
Igirivirus,1,5.049739938393173e-05,0.005049739938393173
Idlucavirus,1,5.049739938393173e-05,0.005049739938393173
Ideskevirus,1,5.049739938393173e-05,0.005049739938393173
Identitycrisisvirus,1,5.049739938393173e-05,0.005049739938393173
Idahovirus,1,5.049739938393173e-05,0.005049739938393173
Ichtchaphamaparvovirus,1,5.049739938393173e-05,0.005049739938393173
Ichtadenovirus,1,5.049739938393173e-05,0.005049739938393173
Luzcentumvirus,1,5.049739938393173e-05,0.005049739938393173
Luwerquvirus,1,5.049739938393173e-05,0.005049739938393173
Lunjuvirus,1,5.049739938393173e-05,0.005049739938393173
Lunjlavirus,1,5.049739938393173e-05,0.005049739938393173
Mahshuvirus,1,5.049739938393173e-05,0.005049739938393173
Mahraivirus,1,5.049739938393173e-05,0.005049739938393173
Mahlunavirus,1,5.049739938393173e-05,0.005049739938393173
Mahdsavirus,1,5.049739938393173e-05,0.005049739938393173
Magiavirus,1,5.049739938393173e-05,0.005049739938393173
Magadivirus,1,5.049739938393173e-05,0.005049739938393173
Madisduvirus,1,5.049739938393173e-05,0.005049739938393173
Maculavirus,1,5.049739938393173e-05,0.005049739938393173
Machinavirus,1,5.049739938393173e-05,0.005049739938393173
Macariavirus,1,5.049739938393173e-05,0.005049739938393173
Macanavirus,1,5.049739938393173e-05,0.005049739938393173
Mabodamacavirus,1,5.049739938393173e-05,0.005049739938393173
Maaswegvirus,1,5.049739938393173e-05,0.005049739938393173
Ichonovirus,1,5.049739938393173e-05,0.005049739938393173
Icepovirus,1,5.049739938393173e-05,0.005049739938393173
Ibantikvirus,1,5.049739938393173e-05,0.005049739938393173
Mallornivirus,1,5.049739938393173e-05,0.005049739938393173
Malificivirus,1,5.049739938393173e-05,0.005049739938393173
Malagasyrosevirus,1,5.049739938393173e-05,0.005049739938393173
Hulijingvirus,1,5.049739938393173e-05,0.005049739938393173
Hukohnovirus,1,5.049739938393173e-05,0.005049739938393173
Huhnuvirus,1,5.049739938393173e-05,0.005049739938393173
Huhnivirus,1,5.049739938393173e-05,0.005049739938393173
Huhmpluvirus,1,5.049739938393173e-05,0.005049739938393173
Huelvavirus,1,5.049739938393173e-05,0.005049739938393173
Hudnivirus,1,5.049739938393173e-05,0.005049739938393173
Hubsclerovirus,1,5.049739938393173e-05,0.005049739938393173
Maklayavirus,1,5.049739938393173e-05,0.005049739938393173
Makelovirus,1,5.049739938393173e-05,0.005049739938393173
Makaravirus,1,5.049739938393173e-05,0.005049739938393173
Majavirus,1,5.049739938393173e-05,0.005049739938393173
Mahstovirus,1,5.049739938393173e-05,0.005049739938393173
Manusuvirus,1,5.049739938393173e-05,0.005049739938393173
Hubavirus,1,5.049739938393173e-05,0.005049739938393173
Huangshavirus,1,5.049739938393173e-05,0.005049739938393173
Huanghaivirus,1,5.049739938393173e-05,0.005049739938393173
Horusvirus,1,5.049739938393173e-05,0.005049739938393173
Hoptevirus,1,5.049739938393173e-05,0.005049739938393173
Hoplichthysvirus,1,5.049739938393173e-05,0.005049739938393173
Hopescreekvirus,1,5.049739938393173e-05,0.005049739938393173
Honolovirus,1,5.049739938393173e-05,0.005049739938393173
Manrohovirus,1,5.049739938393173e-05,0.005049739938393173
Manovirus,1,5.049739938393173e-05,0.005049739938393173
Manawavirus,1,5.049739938393173e-05,0.005049739938393173
Maltschvirus,1,5.049739938393173e-05,0.005049739938393173
Maltophvirus,1,5.049739938393173e-05,0.005049739938393173
Mallvirus,1,5.049739938393173e-05,0.005049739938393173
Mallosvirus,1,5.049739938393173e-05,0.005049739938393173
Mascletvirus,1,5.049739938393173e-05,0.005049739938393173
Martovirus,1,5.049739938393173e-05,0.005049739938393173
Martavirus,1,5.049739938393173e-05,0.005049739938393173
Marsupivirus,1,5.049739938393173e-05,0.005049739938393173
Marskhivirus,1,5.049739938393173e-05,0.005049739938393173
Honkvirus,1,5.049739938393173e-05,0.005049739938393173
Hongshanvirus,1,5.049739938393173e-05,0.005049739938393173
Hongcheonvirus,1,5.049739938393173e-05,0.005049739938393173
Hohnuvirus,1,5.049739938393173e-05,0.005049739938393173
Hnatkovirus,1,5.049739938393173e-05,0.005049739938393173
Hiyaavirus,1,5.049739938393173e-05,0.005049739938393173
Hitdovirus,1,5.049739938393173e-05,0.005049739938393173
Hisolavirus,1,5.049739938393173e-05,0.005049739938393173
Marnavirus,1,5.049739938393173e-05,0.005049739938393173
Margarhavirus,1,5.049739938393173e-05,0.005049739938393173
Mareflavirus,1,5.049739938393173e-05,0.005049739938393173
Hisehlovirus,1,5.049739938393173e-05,0.005049739938393173
Hirvovirus,1,5.049739938393173e-05,0.005049739938393173
Hirtshivirus,1,5.049739938393173e-05,0.005049739938393173
Hiroshimavirus,1,5.049739938393173e-05,0.005049739938393173
Hirbarovirus,1,5.049739938393173e-05,0.005049739938393173
Hippocavirus,1,5.049739938393173e-05,0.005049739938393173
Hinehbovirus,1,5.049739938393173e-05,0.005049739938393173
Hilgardvirus,1,5.049739938393173e-05,0.005049739938393173
Hilfovirus,1,5.049739938393173e-05,0.005049739938393173
Hihlwaovirus,1,5.049739938393173e-05,0.005049739938393173
Maxrubnervirus,1,5.049739938393173e-05,0.005049739938393173
Maxdohrnvirus,1,5.049739938393173e-05,0.005049739938393173
Mavirus,1,5.049739938393173e-05,0.005049739938393173
Matsuvirus,1,5.049739938393173e-05,0.005049739938393173
Mathaucavirus,1,5.049739938393173e-05,0.005049739938393173
Matervirus,1,5.049739938393173e-05,0.005049739938393173
Heverleevirus,1,5.049739938393173e-05,0.005049739938393173
Hestiavirus,1,5.049739938393173e-05,0.005049739938393173
Hesperidvirus,1,5.049739938393173e-05,0.005049739938393173
Herugrimvirus,1,5.049739938393173e-05,0.005049739938393173
Herpetohepadnavirus,1,5.049739938393173e-05,0.005049739938393173
Heravirus,1,5.049739938393173e-05,0.005049739938393173
Medeavirus,1,5.049739938393173e-05,0.005049739938393173
Meblowovirus,1,5.049739938393173e-05,0.005049739938393173
Meadowvirus,1,5.049739938393173e-05,0.005049739938393173
Mcgonagallvirus,1,5.049739938393173e-05,0.005049739938393173
Mboquatrovirus,1,5.049739938393173e-05,0.005049739938393173
Mboduovirus,1,5.049739938393173e-05,0.005049739938393173
Mazuvirus,1,5.049739938393173e-05,0.005049739938393173
Mazarbulvirus,1,5.049739938393173e-05,0.005049739938393173
Hisilovirus,1,5.049739938393173e-05,0.005049739938393173
Hisilivirus,1,5.049739938393173e-05,0.005049739938393173
Merlclivirus,1,5.049739938393173e-05,0.005049739938393173
Hepanhamaparvovirus,1,5.049739938393173e-05,0.005049739938393173
Hemipivirus,1,5.049739938393173e-05,0.005049739938393173
Heliosvirus,1,5.049739938393173e-05,0.005049739938393173
Helfovirus,1,5.049739938393173e-05,0.005049739938393173
Helacdivirus,1,5.049739938393173e-05,0.005049739938393173
Heilongjiangvirus,1,5.049739938393173e-05,0.005049739938393173
Menthavirus,1,5.049739938393173e-05,0.005049739938393173
Mengvirus,1,5.049739938393173e-05,0.005049739938393173
Menegrothvirus,1,5.049739938393173e-05,0.005049739938393173
Meliavirus,1,5.049739938393173e-05,0.005049739938393173
Melbournevirus,1,5.049739938393173e-05,0.005049739938393173
Mekintivirus,1,5.049739938393173e-05,0.005049739938393173
Mehrevirus,1,5.049739938393173e-05,0.005049739938393173
Hicfunavirus,1,5.049739938393173e-05,0.005049739938393173
Hewusuvirus,1,5.049739938393173e-05,0.005049739938393173
Mieseafarmvirus,1,5.049739938393173e-05,0.005049739938393173
Miecznikowavirus,1,5.049739938393173e-05,0.005049739938393173
Midgardsormrvirus,1,5.049739938393173e-05,0.005049739938393173
Micavirus,1,5.049739938393173e-05,0.005049739938393173
Micathvirus,1,5.049739938393173e-05,0.005049739938393173
Miamivirus,1,5.049739938393173e-05,0.005049739938393173
Mguuvirus,1,5.049739938393173e-05,0.005049739938393173
Mexirudivirus,1,5.049739938393173e-05,0.005049739938393173
Metsavirus,1,5.049739938393173e-05,0.005049739938393173
Metrivirus,1,5.049739938393173e-05,0.005049739938393173
Methovirus,1,5.049739938393173e-05,0.005049739938393173
Metforvirus,1,5.049739938393173e-05,0.005049739938393173
Metalloincertoparvovirus,1,5.049739938393173e-05,0.005049739938393173
Metahepadnavirus,1,5.049739938393173e-05,0.005049739938393173
Mertavirus,1,5.049739938393173e-05,0.005049739938393173
Mersinvirus,1,5.049739938393173e-05,0.005049739938393173
Mingyongvirus,1,5.049739938393173e-05,0.005049739938393173
Mincapvirus,1,5.049739938393173e-05,0.005049739938393173
Hehrovirus,1,5.049739938393173e-05,0.005049739938393173
Hedwigvirus,1,5.049739938393173e-05,0.005049739938393173
Hawkeyevirus,1,5.049739938393173e-05,0.005049739938393173
Hautrevirus,1,5.049739938393173e-05,0.005049739938393173
Hattifnattvirus,1,5.049739938393173e-05,0.005049739938393173
Hatrivirus,1,5.049739938393173e-05,0.005049739938393173
Hatfieldvirus,1,5.049739938393173e-05,0.005049739938393173
Harrisonvirus,1,5.049739938393173e-05,0.005049739938393173
Harrisonburgvirus,1,5.049739938393173e-05,0.005049739938393173
Harrekavirus,1,5.049739938393173e-05,0.005049739938393173
Harkavirus,1,5.049739938393173e-05,0.005049739938393173
Harfovirus,1,5.049739938393173e-05,0.005049739938393173
Milvetsatellite,1,5.049739938393173e-05,0.005049739938393173
Miltoncavirus,1,5.049739938393173e-05,0.005049739938393173
Mohredovirus,1,5.049739938393173e-05,0.005049739938393173
Mohonavirus,1,5.049739938393173e-05,0.005049739938393173
Mithrilvirus,1,5.049739938393173e-05,0.005049739938393173
Hapakavirus,1,5.049739938393173e-05,0.005049739938393173
Hanolevirus,1,5.049739938393173e-05,0.005049739938393173
Hamptovirus,1,5.049739938393173e-05,0.005049739938393173
Hampdavirus,1,5.049739938393173e-05,0.005049739938393173
Halohivirus,1,5.049739938393173e-05,0.005049739938393173
Halfdanvirus,1,5.049739938393173e-05,0.005049739938393173
Halcalevirus,1,5.049739938393173e-05,0.005049739938393173
Halavirus,1,5.049739938393173e-05,0.005049739938393173
Mirkivirus,1,5.049739938393173e-05,0.005049739938393173
Minunavirus,1,5.049739938393173e-05,0.005049739938393173
Minovirus,1,5.049739938393173e-05,0.005049739938393173
Minorvirus,1,5.049739938393173e-05,0.005049739938393173
Miniambidensovirus,1,5.049739938393173e-05,0.005049739938393173
Molluscipoxvirus,1,5.049739938393173e-05,0.005049739938393173
Haihevirus,1,5.049739938393173e-05,0.005049739938393173
Haifavirus,1,5.049739938393173e-05,0.005049739938393173
Hahselevirus,1,5.049739938393173e-05,0.005049739938393173
Hahmbtovirus,1,5.049739938393173e-05,0.005049739938393173
Hahkesevirus,1,5.049739938393173e-05,0.005049739938393173
Hahdsevirus,1,5.049739938393173e-05,0.005049739938393173
Hagravirus,1,5.049739938393173e-05,0.005049739938393173
Hagavirus,1,5.049739938393173e-05,0.005049739938393173
Hafyongvirus,1,5.049739938393173e-05,0.005049739938393173
Haetaevirus,1,5.049739938393173e-05,0.005049739938393173
Hacihdavirus,1,5.049739938393173e-05,0.005049739938393173
Hacavirus,1,5.049739938393173e-05,0.005049739938393173
Molauvirus,1,5.049739938393173e-05,0.005049739938393173
Mojovirus,1,5.049739938393173e-05,0.005049739938393173
Mohrtavirus,1,5.049739938393173e-05,0.005049739938393173
Gutovirus,1,5.049739938393173e-05,0.005049739938393173
Gundelvirus,1,5.049739938393173e-05,0.005049739938393173
Gundecimvirus,1,5.049739938393173e-05,0.005049739938393173
Gunawavirus,1,5.049739938393173e-05,0.005049739938393173
Gudgevirus,1,5.049739938393173e-05,0.005049739938393173
Guangxivirus,1,5.049739938393173e-05,0.005049739938393173
Gualtarvirus,1,5.049739938393173e-05,0.005049739938393173
Moovirus,1,5.049739938393173e-05,0.005049739938393173
Mooreparkvirus,1,5.049739938393173e-05,0.005049739938393173
Moonbeamvirus,1,5.049739938393173e-05,0.005049739938393173
Moomoovirus,1,5.049739938393173e-05,0.005049739938393173
Monocitivirus,1,5.049739938393173e-05,0.005049739938393173
Monekavirus,1,5.049739938393173e-05,0.005049739938393173
Molvevirus,1,5.049739938393173e-05,0.005049739938393173
Moloevirus,1,5.049739938393173e-05,0.005049739938393173
Mollymurvirus,1,5.049739938393173e-05,0.005049739938393173
Grehndovirus,1,5.049739938393173e-05,0.005049739938393173
Grehevirus,1,5.049739938393173e-05,0.005049739938393173
Grehavirus,1,5.049739938393173e-05,0.005049739938393173
Greenvirus,1,5.049739938393173e-05,0.005049739938393173
Greatpavirus,1,5.049739938393173e-05,0.005049739938393173
Greatevirus,1,5.049739938393173e-05,0.005049739938393173
Muarterivirus,1,5.049739938393173e-05,0.005049739938393173
Moxhuvirus,1,5.049739938393173e-05,0.005049739938393173
Mousrhavirus,1,5.049739938393173e-05,0.005049739938393173
Moturavirus,1,5.049739938393173e-05,0.005049739938393173
Mosugukvirus,1,5.049739938393173e-05,0.005049739938393173
Morsusvirus,1,5.049739938393173e-05,0.005049739938393173
Morelosvirus,1,5.049739938393173e-05,0.005049739938393173
Mordaxivirus,1,5.049739938393173e-05,0.005049739938393173
Gylbovirus,1,5.049739938393173e-05,0.005049739938393173
Gwanakrovirus,1,5.049739938393173e-05,0.005049739938393173
Myoalterovirus,1,5.049739938393173e-05,0.005049739938393173
Mylasvirus,1,5.049739938393173e-05,0.005049739938393173
Myducvirus,1,5.049739938393173e-05,0.005049739938393173
Mycoflexivirus,1,5.049739938393173e-05,0.005049739938393173
Mycoabscvirus,1,5.049739938393173e-05,0.005049739938393173
Muyegivirus,1,5.049739938393173e-05,0.005049739938393173
Mustelpoxvirus,1,5.049739938393173e-05,0.005049739938393173
Mushuvirus,1,5.049739938393173e-05,0.005049739938393173
Muscavirus,1,5.049739938393173e-05,0.005049739938393173
Murciavirus,1,5.049739938393173e-05,0.005049739938393173
Mufasoctovirus,1,5.049739938393173e-05,0.005049739938393173
Gruhelivirus,1,5.049739938393173e-05,0.005049739938393173
Grondvirus,1,5.049739938393173e-05,0.005049739938393173
Grisebachstrassevirus,1,5.049739938393173e-05,0.005049739938393173
Grendvuvirus,1,5.049739938393173e-05,0.005049739938393173
Grendovirus,1,5.049739938393173e-05,0.005049739938393173
Myxoctovirus,1,5.049739938393173e-05,0.005049739938393173
Myunavirus,1,5.049739938393173e-05,0.005049739938393173
Myrropivirus,1,5.049739938393173e-05,0.005049739938393173
Greatavirus,1,5.049739938393173e-05,0.005049739938393173
Grandpovirus,1,5.049739938393173e-05,0.005049739938393173
Grandbuvirus,1,5.049739938393173e-05,0.005049739938393173
Graikaemvirus,1,5.049739938393173e-05,0.005049739938393173
Goslarvirus,1,5.049739938393173e-05,0.005049739938393173
Gorodievirus,1,5.049739938393173e-05,0.005049739938393173
Gorjumvirus,1,5.049739938393173e-05,0.005049739938393173
Gorgovirus,1,5.049739938393173e-05,0.005049739938393173
Gorganvirus,1,5.049739938393173e-05,0.005049739938393173
Gordtnkvirus,1,5.049739938393173e-05,0.005049739938393173
Gordisvirus,1,5.049739938393173e-05,0.005049739938393173
Myriavirus,1,5.049739938393173e-05,0.005049739938393173
Myradeevirus,1,5.049739938393173e-05,0.005049739938393173
Natansvirus,1,5.049739938393173e-05,0.005049739938393173
Nasenivirus,1,5.049739938393173e-05,0.005049739938393173
Napdanuvirus,1,5.049739938393173e-05,0.005049739938393173
Napahaivirus,1,5.049739938393173e-05,0.005049739938393173
Nanhuvirus,1,5.049739938393173e-05,0.005049739938393173
Nanhaivirus,1,5.049739938393173e-05,0.005049739938393173
Naneatavirus,1,5.049739938393173e-05,0.005049739938393173
Nampongvirus,1,5.049739938393173e-05,0.005049739938393173
Namazuvirus,1,5.049739938393173e-05,0.005049739938393173
Namakavirus,1,5.049739938393173e-05,0.005049739938393173
Nakavirus,1,5.049739938393173e-05,0.005049739938393173
Nairobivirus,1,5.049739938393173e-05,0.005049739938393173
Nahantvirus,1,5.049739938393173e-05,0.005049739938393173
Nadsecevirus,1,5.049739938393173e-05,0.005049739938393173
Nadirvirus,1,5.049739938393173e-05,0.005049739938393173
Nacovirus,1,5.049739938393173e-05,0.005049739938393173
Neferthenavirus,1,5.049739938393173e-05,0.005049739938393173
Goodmanvirus,1,5.049739938393173e-05,0.005049739938393173
Gonggongvirus,1,5.049739938393173e-05,0.005049739938393173
Gohshovirus,1,5.049739938393173e-05,0.005049739938393173
Goettingenvirus,1,5.049739938393173e-05,0.005049739938393173
Gmuhndevirus,1,5.049739938393173e-05,0.005049739938393173
Glossinavirus,1,5.049739938393173e-05,0.005049739938393173
Glazvirus,1,5.049739938393173e-05,0.005049739938393173
Glaucusvirus,1,5.049739938393173e-05,0.005049739938393173
Glaedevirus,1,5.049739938393173e-05,0.005049739938393173
Gladiolivirus,1,5.049739938393173e-05,0.005049739938393173
Giydovirus,1,5.049739938393173e-05,0.005049739938393173
Nedhivirus,1,5.049739938393173e-05,0.005049739938393173
Nazgulvirus,1,5.049739938393173e-05,0.005049739938393173
Nauglamirvirus,1,5.049739938393173e-05,0.005049739938393173
Natevirus,1,5.049739938393173e-05,0.005049739938393173
Gilgameshvirus,1,5.049739938393173e-05,0.005049739938393173
Gilesvirus,1,5.049739938393173e-05,0.005049739938393173
Gifriavirus,1,5.049739938393173e-05,0.005049739938393173
Gibbetvirus,1,5.049739938393173e-05,0.005049739938393173
Giardiavirus,1,5.049739938393173e-05,0.005049739938393173
Ghuizhouvirus,1,5.049739938393173e-05,0.005049739938393173
Ghobesvirus,1,5.049739938393173e-05,0.005049739938393173
Nerrivikvirus,1,5.049739938393173e-05,0.005049739938393173
Nerivirus,1,5.049739938393173e-05,0.005049739938393173
Neritesvirus,1,5.049739938393173e-05,0.005049739938393173
Neratovirus,1,5.049739938393173e-05,0.005049739938393173
Nematovirus,1,5.049739938393173e-05,0.005049739938393173
Nekkelsvirus,1,5.049739938393173e-05,0.005049739938393173
Nehwbovirus,1,5.049739938393173e-05,0.005049739938393173
Nehpavirus,1,5.049739938393173e-05,0.005049739938393173
Negarvirus,1,5.049739938393173e-05,0.005049739938393173
Nilusvirus,1,5.049739938393173e-05,0.005049739938393173
Niginuvirus,1,5.049739938393173e-05,0.005049739938393173
Gesputvirus,1,5.049739938393173e-05,0.005049739938393173
Gemytripvirus,1,5.049739938393173e-05,0.005049739938393173
Gemytondvirus,1,5.049739938393173e-05,0.005049739938393173
Gemsvirus,1,5.049739938393173e-05,0.005049739938393173
Nickievirus,1,5.049739938393173e-05,0.005049739938393173
Nicedsevirus,1,5.049739938393173e-05,0.005049739938393173
Niankuvirus,1,5.049739938393173e-05,0.005049739938393173
Newpuvirus,1,5.049739938393173e-05,0.005049739938393173
Newforgelanevirus,1,5.049739938393173e-05,0.005049739938393173
Nethevirus,1,5.049739938393173e-05,0.005049739938393173
Nessavirus,1,5.049739938393173e-05,0.005049739938393173
Nervillivirus,1,5.049739938393173e-05,0.005049739938393173
Gimaduovirus,1,5.049739938393173e-05,0.005049739938393173
Gillianvirus,1,5.049739938393173e-05,0.005049739938393173
Gammatectivirus,1,5.049739938393173e-05,0.005049739938393173
Gammafusarivirus,1,5.049739938393173e-05,0.005049739938393173
Gehnevirus,1,5.049739938393173e-05,0.005049739938393173
Gegevirus,1,5.049739938393173e-05,0.005049739938393173
Gegavirus,1,5.049739938393173e-05,0.005049739938393173
Geezettvirus,1,5.049739938393173e-05,0.005049739938393173
Gediminasvirus,1,5.049739938393173e-05,0.005049739938393173
Garovuvirus,1,5.049739938393173e-05,0.005049739938393173
Garivirus,1,5.049739938393173e-05,0.005049739938393173
Gamtrevirus,1,5.049739938393173e-05,0.005049739938393173
Nixvirus,1,5.049739938393173e-05,0.005049739938393173
Niwtovirus,1,5.049739938393173e-05,0.005049739938393173
Niwnhavirus,1,5.049739938393173e-05,0.005049739938393173
Nimlovirus,1,5.049739938393173e-05,0.005049739938393173
Nimduovirus,1,5.049739938393173e-05,0.005049739938393173
Nimanivirus,1,5.049739938393173e-05,0.005049739938393173
Nouzillyvirus,1,5.049739938393173e-05,0.005049739938393173
Gammaarterivirus,1,5.049739938393173e-05,0.005049739938393173
Galvornvirus,1,5.049739938393173e-05,0.005049739938393173
Galvastonvirus,1,5.049739938393173e-05,0.005049739938393173
Galunavirus,1,5.049739938393173e-05,0.005049739938393173
Galoycavirus,1,5.049739938393173e-05,0.005049739938393173
Gallantivirus,1,5.049739938393173e-05,0.005049739938393173
Galenevirus,1,5.049739938393173e-05,0.005049739938393173
Nohivirus,1,5.049739938393173e-05,0.005049739938393173
Nohelivirus,1,5.049739938393173e-05,0.005049739938393173
Noelyvirus,1,5.049739938393173e-05,0.005049739938393173
Nodensvirus,1,5.049739938393173e-05,0.005049739938393173
Nochtlivirus,1,5.049739938393173e-05,0.005049739938393173
Nocentianivirus,1,5.049739938393173e-05,0.005049739938393173
Noahvirus,1,5.049739938393173e-05,0.005049739938393173
Njordvirus,1,5.049739938393173e-05,0.005049739938393173
Gaiavirus,1,5.049739938393173e-05,0.005049739938393173
Gahmegovirus,1,5.049739938393173e-05,0.005049739938393173
Gahlovirus,1,5.049739938393173e-05,0.005049739938393173
Fuzzbustervirus,1,5.049739938393173e-05,0.005049739938393173
Fuzanglongvirus,1,5.049739938393173e-05,0.005049739938393173
Fuluvirus,1,5.049739938393173e-05,0.005049739938393173
Fulbrouvirus,1,5.049739938393173e-05,0.005049739938393173
Fujianvirus,1,5.049739938393173e-05,0.005049739938393173
Nyceiraevirus,1,5.049739938393173e-05,0.005049739938393173
Nutorquevirus,1,5.049739938393173e-05,0.005049739938393173
Nurnevirus,1,5.049739938393173e-05,0.005049739938393173
Nurnegvirus,1,5.049739938393173e-05,0.005049739938393173
Nupapillomavirus,1,5.049739938393173e-05,0.005049739938393173
Nuarterivirus,1,5.049739938393173e-05,0.005049739938393173
Noxifervirus,1,5.049739938393173e-05,0.005049739938393173
Novemvirus,1,5.049739938393173e-05,0.005049739938393173
Oldperovirus,1,5.049739938393173e-05,0.005049739938393173
Frinctavirus,1,5.049739938393173e-05,0.005049739938393173
Franklinbayvirus,1,5.049739938393173e-05,0.005049739938393173
Foxquatrovirus,1,5.049739938393173e-05,0.005049739938393173
Fowlmouthvirus,1,5.049739938393173e-05,0.005049739938393173
Foussvirus,1,5.049739938393173e-05,0.005049739938393173
Forzavirus,1,5.049739938393173e-05,0.005049739938393173
Oinezvirus,1,5.049739938393173e-05,0.005049739938393173
Oengusvirus,1,5.049739938393173e-05,0.005049739938393173
Oceshuvirus,1,5.049739938393173e-05,0.005049739938393173
Oceanusvirus,1,5.049739938393173e-05,0.005049739938393173
Obscuruvirus,1,5.049739938393173e-05,0.005049739938393173
Oblivivirus,1,5.049739938393173e-05,0.005049739938393173
Oblavirus,1,5.049739938393173e-05,0.005049739938393173
Nyfulvavirus,1,5.049739938393173e-05,0.005049739938393173
Galateavirus,1,5.049739938393173e-05,0.005049739938393173
Omtjevirus,1,5.049739938393173e-05,0.005049739938393173
Omohevirus,1,5.049739938393173e-05,0.005049739938393173
Footloosevirus,1,5.049739938393173e-05,0.005049739938393173
Fohxhuevirus,1,5.049739938393173e-05,0.005049739938393173
Flowerpowervirus,1,5.049739938393173e-05,0.005049739938393173
Flehknovirus,1,5.049739938393173e-05,0.005049739938393173
Flagovirus,1,5.049739938393173e-05,0.005049739938393173
Fiyodovirus,1,5.049739938393173e-05,0.005049739938393173
Fischettivirus,1,5.049739938393173e-05,0.005049739938393173
Firnpuvirus,1,5.049739938393173e-05,0.005049739938393173
Omegatorquevirus,1,5.049739938393173e-05,0.005049739938393173
Omegapapillomavirus,1,5.049739938393173e-05,0.005049739938393173
Omahavirus,1,5.049739938393173e-05,0.005049739938393173
Olmsdivirus,1,5.049739938393173e-05,0.005049739938393173
Oliviavirus,1,5.049739938393173e-05,0.005049739938393173
Oliverunavirus,1,5.049739938393173e-05,0.005049739938393173
Felispumavirus,1,5.049739938393173e-05,0.005049739938393173
Fejonovirus,1,5.049739938393173e-05,0.005049739938393173
Firavirus,1,5.049739938393173e-05,0.005049739938393173
Finvirus,1,5.049739938393173e-05,0.005049739938393173
Finnlakevirus,1,5.049739938393173e-05,0.005049739938393173
Finkelvirus,1,5.049739938393173e-05,0.005049739938393173
Finchvirus,1,5.049739938393173e-05,0.005049739938393173
Fifivirus,1,5.049739938393173e-05,0.005049739938393173
Fervidivirus,1,5.049739938393173e-05,0.005049739938393173
Oreadivirus,1,5.049739938393173e-05,0.005049739938393173
Orchidvirus,1,5.049739938393173e-05,0.005049739938393173
Opunvirus,1,5.049739938393173e-05,0.005049739938393173
Opdykovirus,1,5.049739938393173e-05,0.005049739938393173
Onyinyevirus,1,5.049739938393173e-05,0.005049739938393173
Onohmuvirus,1,5.049739938393173e-05,0.005049739938393173
Oncotshavirus,1,5.049739938393173e-05,0.005049739938393173
Faunusvirus,1,5.049739938393173e-05,0.005049739938393173
Fattrevirus,1,5.049739938393173e-05,0.005049739938393173
Farahnazvirus,1,5.049739938393173e-05,0.005049739938393173
Fajavirus,1,5.049739938393173e-05,0.005049739938393173
Fadolivirus,1,5.049739938393173e-05,0.005049739938393173
Fabenesatellite,1,5.049739938393173e-05,0.005049739938393173
Eyrevirus,1,5.049739938393173e-05,0.005049739938393173
Expellivirus,1,5.049739938393173e-05,0.005049739938393173
Excelsiorvirus,1,5.049739938393173e-05,0.005049739938393173
Exceevirus,1,5.049739938393173e-05,0.005049739938393173
Ormenosvirus,1,5.049739938393173e-05,0.005049739938393173
Oreiadivirus,1,5.049739938393173e-05,0.005049739938393173
Ferlavirus,1,5.049739938393173e-05,0.005049739938393173
Ferahgovirus,1,5.049739938393173e-05,0.005049739938393173
Fenycovirus,1,5.049739938393173e-05,0.005049739938393173
Fengtaivirus,1,5.049739938393173e-05,0.005049739938393173
Ossirvirus,1,5.049739938393173e-05,0.005049739938393173
Evevirus,1,5.049739938393173e-05,0.005049739938393173
Euvesivirus,1,5.049739938393173e-05,0.005049739938393173
Eurynomevirus,1,5.049739938393173e-05,0.005049739938393173
Etongtovirus,1,5.049739938393173e-05,0.005049739938393173
Etdyvivirus,1,5.049739938393173e-05,0.005049739938393173
Etapolyomavirus,1,5.049739938393173e-05,0.005049739938393173
Etapapillomavirus,1,5.049739938393173e-05,0.005049739938393173
Etahypovirus,1,5.049739938393173e-05,0.005049739938393173
Etaarterivirus,1,5.049739938393173e-05,0.005049739938393173
Essdubovirus,1,5.049739938393173e-05,0.005049739938393173
Espurtavirus,1,5.049739938393173e-05,0.005049739938393173
Oscarsovirus,1,5.049739938393173e-05,0.005049739938393173
Oryzopoxvirus,1,5.049739938393173e-05,0.005049739938393173
Orthotulasvirus,1,5.049739938393173e-05,0.005049739938393173
Orthonoravirus,1,5.049739938393173e-05,0.005049739938393173
Pahsextavirus,1,5.049739938393173e-05,0.005049739938393173
Pahdacivirus,1,5.049739938393173e-05,0.005049739938393173
Paguronivirus,1,5.049739938393173e-05,0.005049739938393173
Pagohnivirus,1,5.049739938393173e-05,0.005049739938393173
Pagavirus,1,5.049739938393173e-05,0.005049739938393173
Ericdabvirus,1,5.049739938393173e-05,0.005049739938393173
Equispumavirus,1,5.049739938393173e-05,0.005049739938393173
Epsilontorquevirus,1,5.049739938393173e-05,0.005049739938393173
Epsilontectivirus,1,5.049739938393173e-05,0.005049739938393173
Epsilonentomopoxvirus,1,5.049739938393173e-05,0.005049739938393173
Epsiloncystovirus,1,5.049739938393173e-05,0.005049739938393173
Oviruvirus,1,5.049739938393173e-05,0.005049739938393173
Overwhuvirus,1,5.049739938393173e-05,0.005049739938393173
Otosivirus,1,5.049739938393173e-05,0.005049739938393173
Otevirus,1,5.049739938393173e-05,0.005049739938393173
Ostreavirus,1,5.049739938393173e-05,0.005049739938393173
Pamirivirus,1,5.049739938393173e-05,0.005049739938393173
Palsdevirus,1,5.049739938393173e-05,0.005049739938393173
Palovirus,1,5.049739938393173e-05,0.005049739938393173
Eponavirus,1,5.049739938393173e-05,0.005049739938393173
Epaquintavirus,1,5.049739938393173e-05,0.005049739938393173
Eowynvirus,1,5.049739938393173e-05,0.005049739938393173
Eosonovirus,1,5.049739938393173e-05,0.005049739938393173
Entnonagintavirus,1,5.049739938393173e-05,0.005049739938393173
Enterogokushovirus,1,5.049739938393173e-05,0.005049739938393173
Enquatrovirus,1,5.049739938393173e-05,0.005049739938393173
Enifivirus,1,5.049739938393173e-05,0.005049739938393173
Paloswovirus,1,5.049739938393173e-05,0.005049739938393173
Palaemonvirus,1,5.049739938393173e-05,0.005049739938393173
Pakuvirus,1,5.049739938393173e-05,0.005049739938393173
Pairvirus,1,5.049739938393173e-05,0.005049739938393173
Pailtovirus,1,5.049739938393173e-05,0.005049739938393173
Parlovirus,1,5.049739938393173e-05,0.005049739938393173
Parissaclayvirus,1,5.049739938393173e-05,0.005049739938393173
Parhipatevirus,1,5.049739938393173e-05,0.005049739938393173
Paratulasvirus,1,5.049739938393173e-05,0.005049739938393173
Enfavirus,1,5.049739938393173e-05,0.005049739938393173
Enedivirus,1,5.049739938393173e-05,0.005049739938393173
Endlipuvirus,1,5.049739938393173e-05,0.005049739938393173
Enchivirus,1,5.049739938393173e-05,0.005049739938393173
Empivirus,1,5.049739938393173e-05,0.005049739938393173
Emotionvirus,1,5.049739938393173e-05,0.005049739938393173
Emnonavirus,1,5.049739938393173e-05,0.005049739938393173
Emirosevirus,1,5.049739938393173e-05,0.005049739938393173
Emcearvirus,1,5.049739938393173e-05,0.005049739938393173
Parahepadnavirus,1,5.049739938393173e-05,0.005049739938393173
Panjvirus,1,5.049739938393173e-05,0.005049739938393173
Panaquavirovirus,1,5.049739938393173e-05,0.005049739938393173
Eisenstarkvirus,1,5.049739938393173e-05,0.005049739938393173
Pedhlovirus,1,5.049739938393173e-05,0.005049739938393173
Pebcunavirus,1,5.049739938393173e-05,0.005049739938393173
Peatvirus,1,5.049739938393173e-05,0.005049739938393173
Paysduvirus,1,5.049739938393173e-05,0.005049739938393173
Pawinskivirus,1,5.049739938393173e-05,0.005049739938393173
Paundivirus,1,5.049739938393173e-05,0.005049739938393173
Paundecimvirus,1,5.049739938393173e-05,0.005049739938393173
Patrovirus,1,5.049739938393173e-05,0.005049739938393173
Patroklovirus,1,5.049739938393173e-05,0.005049739938393173
Patiencevirus,1,5.049739938393173e-05,0.005049739938393173
Paternavirus,1,5.049739938393173e-05,0.005049739938393173
Patavirus,1,5.049739938393173e-05,0.005049739938393173
Patagivirus,1,5.049739938393173e-05,0.005049739938393173
Pastovirus,1,5.049739938393173e-05,0.005049739938393173
Pasovirus,1,5.049739938393173e-05,0.005049739938393173
Pekavirus,1,5.049739938393173e-05,0.005049739938393173
Pehsaduvirus,1,5.049739938393173e-05,0.005049739938393173
Peekayseptimavirus,1,5.049739938393173e-05,0.005049739938393173
Pedosvirus,1,5.049739938393173e-05,0.005049739938393173
Pediavirus,1,5.049739938393173e-05,0.005049739938393173
Elvirus,1,5.049739938393173e-05,0.005049739938393173
Elsinorevirus,1,5.049739938393173e-05,0.005049739938393173
Elpedvirus,1,5.049739938393173e-05,0.005049739938393173
Elnathivirus,1,5.049739938393173e-05,0.005049739938393173
Elmenteitavirus,1,5.049739938393173e-05,0.005049739938393173
Elesarvirus,1,5.049739938393173e-05,0.005049739938393173
Elerivirus,1,5.049739938393173e-05,0.005049739938393173
Electravirus,1,5.049739938393173e-05,0.005049739938393173
Eldridgevirus,1,5.049739938393173e-05,0.005049739938393173
Elanorvirus,1,5.049739938393173e-05,0.005049739938393173
Eistcuvirus,1,5.049739938393173e-05,0.005049739938393173
Perimedevirus,1,5.049739938393173e-05,0.005049739938393173
Penstylhamaparvovirus,1,5.049739938393173e-05,0.005049739938393173
Penintadodekavirus,1,5.049739938393173e-05,0.005049739938393173
Pemunavirus,1,5.049739938393173e-05,0.005049739938393173
Pelorivirus,1,5.049739938393173e-05,0.005049739938393173
Eilatmyovirus,1,5.049739938393173e-05,0.005049739938393173
Eidolonvirus,1,5.049739938393173e-05,0.005049739938393173
Eidhovirus,1,5.049739938393173e-05,0.005049739938393173
Eiauvirus,1,5.049739938393173e-05,0.005049739938393173
Efemquintavirus,1,5.049739938393173e-05,0.005049739938393173
Efekovirus,1,5.049739938393173e-05,0.005049739938393173
Eerlswovirus,1,5.049739938393173e-05,0.005049739938393173
Eedhovirus,1,5.049739938393173e-05,0.005049739938393173
Edwardsroadvirus,1,5.049739938393173e-05,0.005049739938393173
Pelmivirus,1,5.049739938393173e-05,0.005049739938393173
Pekhitvirus,1,5.049739938393173e-05,0.005049739938393173
Petsuvirus,1,5.049739938393173e-05,0.005049739938393173
Petruschkyvirus,1,5.049739938393173e-05,0.005049739938393173
Peternellavirus,1,5.049739938393173e-05,0.005049739938393173
Persistencevirus,1,5.049739938393173e-05,0.005049739938393173
Edravirus,1,5.049739938393173e-05,0.005049739938393173
Edenvirus,1,5.049739938393173e-05,0.005049739938393173
Eclunavirus,1,5.049739938393173e-05,0.005049739938393173
Eceepunavirus,1,5.049739938393173e-05,0.005049739938393173
Eastwestvirus,1,5.049739938393173e-05,0.005049739938393173
Eastlansingvirus,1,5.049739938393173e-05,0.005049739938393173
Eastcovirus,1,5.049739938393173e-05,0.005049739938393173
Eapunavirus,1,5.049739938393173e-05,0.005049739938393173
Eahvevirus,1,5.049739938393173e-05,0.005049739938393173
Eagleeyevirus,1,5.049739938393173e-05,0.005049739938393173
Dyoupsilonpapillomavirus,1,5.049739938393173e-05,0.005049739938393173
Dyothetapapillomavirus,1,5.049739938393173e-05,0.005049739938393173
Phelinovirus,1,5.049739938393173e-05,0.005049739938393173
Dyotaupapillomavirus,1,5.049739938393173e-05,0.005049739938393173
Dyosigmapapillomavirus,1,5.049739938393173e-05,0.005049739938393173
Dyopipapillomavirus,1,5.049739938393173e-05,0.005049739938393173
Dyophipapillomavirus,1,5.049739938393173e-05,0.005049739938393173
Dyoomegapapillomavirus,1,5.049739938393173e-05,0.005049739938393173
Dyonupapillomavirus,1,5.049739938393173e-05,0.005049739938393173
Dyomupapillomavirus,1,5.049739938393173e-05,0.005049739938393173
Dyolambdapapillomavirus,1,5.049739938393173e-05,0.005049739938393173
Dyoetapapillomavirus,1,5.049739938393173e-05,0.005049739938393173
Dyoepsilonpapillomavirus,1,5.049739938393173e-05,0.005049739938393173
Dyodeltapapillomavirus,1,5.049739938393173e-05,0.005049739938393173
Phabquatrovirus,1,5.049739938393173e-05,0.005049739938393173
Phabiovirus,1,5.049739938393173e-05,0.005049739938393173
Petuvirus,1,5.049739938393173e-05,0.005049739938393173
Pettyvirus,1,5.049739938393173e-05,0.005049739938393173
Phrappuccinovirus,1,5.049739938393173e-05,0.005049739938393173
Phleivirus,1,5.049739938393173e-05,0.005049739938393173
Phitrevirus,1,5.049739938393173e-05,0.005049739938393173
Phistoryvirus,1,5.049739938393173e-05,0.005049739938393173
Phipapillomavirus,1,5.049739938393173e-05,0.005049739938393173
Dyochipapillomavirus,1,5.049739938393173e-05,0.005049739938393173
Dybvigvirus,1,5.049739938393173e-05,0.005049739938393173
Durusivirus,1,5.049739938393173e-05,0.005049739938393173
Duodecimduovirus,1,5.049739938393173e-05,0.005049739938393173
Dunedinvirus,1,5.049739938393173e-05,0.005049739938393173
Dunchevirus,1,5.049739938393173e-05,0.005049739938393173
Dubuvirus,1,5.049739938393173e-05,0.005049739938393173
Drunivirus,1,5.049739938393173e-05,0.005049739938393173
Philtcovirus,1,5.049739938393173e-05,0.005049739938393173
Philippevirus,1,5.049739938393173e-05,0.005049739938393173
Phialvirus,1,5.049739938393173e-05,0.005049739938393173
Pihckevirus,1,5.049739938393173e-05,0.005049739938393173
Pienvirus,1,5.049739938393173e-05,0.005049739938393173
Piedvirus,1,5.049739938393173e-05,0.005049739938393173
Pidhluvirus,1,5.049739938393173e-05,0.005049739938393173
Drivevirus,1,5.049739938393173e-05,0.005049739938393173
Dreycovirus,1,5.049739938393173e-05,0.005049739938393173
Drayduvirus,1,5.049739938393173e-05,0.005049739938393173
Draycavirus,1,5.049739938393173e-05,0.005049739938393173
Draselvirus,1,5.049739938393173e-05,0.005049739938393173
Dragolirvirus,1,5.049739938393173e-05,0.005049739938393173
Draflysatellite,1,5.049739938393173e-05,0.005049739938393173
Dpdavirus,1,5.049739938393173e-05,0.005049739938393173
Doupovirus,1,5.049739938393173e-05,0.005049739938393173
Douglaswolinvirus,1,5.049739938393173e-05,0.005049739938393173
Piceduvirus,1,5.049739938393173e-05,0.005049739938393173
Picardvirus,1,5.049739938393173e-05,0.005049739938393173
Piscihepevirus,1,5.049739938393173e-05,0.005049739938393173
Piscesmortuivirus,1,5.049739938393173e-05,0.005049739938393173
Pipoluvirus,1,5.049739938393173e-05,0.005049739938393173
Doseivirus,1,5.049739938393173e-05,0.005049739938393173
Dorudgevirus,1,5.049739938393173e-05,0.005049739938393173
Dortuvirus,1,5.049739938393173e-05,0.005049739938393173
Dorisvirus,1,5.049739938393173e-05,0.005049739938393173
Donnerlittchenvirus,1,5.049739938393173e-05,0.005049739938393173
Donellivirus,1,5.049739938393173e-05,0.005049739938393173
Dolmedivirus,1,5.049739938393173e-05,0.005049739938393173
Dolmabahcevirus,1,5.049739938393173e-05,0.005049739938393173
Doliovirus,1,5.049739938393173e-05,0.005049739938393173
Dohlivirus,1,5.049739938393173e-05,0.005049739938393173
Pilordavirus,1,5.049739938393173e-05,0.005049739938393173
Pikminvirus,1,5.049739938393173e-05,0.005049739938393173
Pihlevirus,1,5.049739938393173e-05,0.005049739938393173
Pleakleyvirus,1,5.049739938393173e-05,0.005049739938393173
Docaquintavirus,1,5.049739938393173e-05,0.005049739938393173
Diydovirus,1,5.049739938393173e-05,0.005049739938393173
Dismasvirus,1,5.049739938393173e-05,0.005049739938393173
Dishuivirus,1,5.049739938393173e-05,0.005049739938393173
Dirlevirus,1,5.049739938393173e-05,0.005049739938393173
Dioscovirus,1,5.049739938393173e-05,0.005049739938393173
Dinornavirus,1,5.049739938393173e-05,0.005049739938393173
Dinogtaviriform,1,5.049739938393173e-05,0.005049739938393173
Dinodnavirus,1,5.049739938393173e-05,0.005049739938393173
Dinavirus,1,5.049739938393173e-05,0.005049739938393173
Dilzevirus,1,5.049739938393173e-05,0.005049739938393173
Playavirus,1,5.049739938393173e-05,0.005049739938393173
Platypuvirus,1,5.049739938393173e-05,0.005049739938393173
Plasmavirus,1,5.049739938393173e-05,0.005049739938393173
Plaisancevirus,1,5.049739938393173e-05,0.005049739938393173
Polemovirus,1,5.049739938393173e-05,0.005049739938393173
Dilongvirus,1,5.049739938393173e-05,0.005049739938393173
Dihsdivirus,1,5.049739938393173e-05,0.005049739938393173
Diffindovirus,1,5.049739938393173e-05,0.005049739938393173
Dibaevirus,1,5.049739938393173e-05,0.005049739938393173
Diatodnavirus,1,5.049739938393173e-05,0.005049739938393173
Pohlodivirus,1,5.049739938393173e-05,0.005049739938393173
Poecivirus,1,5.049739938393173e-05,0.005049739938393173
Podtsbuvirus,1,5.049739938393173e-05,0.005049739938393173
Podivirus,1,5.049739938393173e-05,0.005049739938393173
Pocisvirus,1,5.049739938393173e-05,0.005049739938393173
Plymouthvirus,1,5.049739938393173e-05,0.005049739938393173
Plutovirus,1,5.049739938393173e-05,0.005049739938393173
Plotvirus,1,5.049739938393173e-05,0.005049739938393173
Pletoitzamnavirus,1,5.049739938393173e-05,0.005049739938393173
Pleeduovirus,1,5.049739938393173e-05,0.005049739938393173
Deurplevirus,1,5.049739938393173e-05,0.005049739938393173
Derlivirus,1,5.049739938393173e-05,0.005049739938393173
Derbicusvirus,1,5.049739938393173e-05,0.005049739938393173
Depandovirus,1,5.049739938393173e-05,0.005049739938393173
Denvervirus,1,5.049739938393173e-05,0.005049739938393173
Densaugvirus,1,5.049739938393173e-05,0.005049739938393173
Denisevirus,1,5.049739938393173e-05,0.005049739938393173
Denfovirus,1,5.049739938393173e-05,0.005049739938393173
Denevirus,1,5.049739938393173e-05,0.005049739938393173
Dendoorenvirus,1,5.049739938393173e-05,0.005049739938393173
Demiitzamnavirus,1,5.049739938393173e-05,0.005049739938393173
Pomeroyivirus,1,5.049739938393173e-05,0.005049739938393173
Polymedevirus,1,5.049739938393173e-05,0.005049739938393173
Polybotosvirus,1,5.049739938393173e-05,0.005049739938393173
Pollockvirus,1,5.049739938393173e-05,0.005049739938393173
Pollentivirus,1,5.049739938393173e-05,0.005049739938393173
Predatorvirus,1,5.049739938393173e-05,0.005049739938393173
Powvirus,1,5.049739938393173e-05,0.005049739938393173
Demapteravirus,1,5.049739938393173e-05,0.005049739938393173
Deltatorquevirus,1,5.049739938393173e-05,0.005049739938393173
Deltanudivirus,1,5.049739938393173e-05,0.005049739938393173
Deltaentomopoxvirus,1,5.049739938393173e-05,0.005049739938393173
Powerballvirus,1,5.049739938393173e-05,0.005049739938393173
Poushouvirus,1,5.049739938393173e-05,0.005049739938393173
Potensivirus,1,5.049739938393173e-05,0.005049739938393173
Poseidonvirus,1,5.049739938393173e-05,0.005049739938393173
Porunavirus,1,5.049739938393173e-05,0.005049739938393173
Porrectionivirus,1,5.049739938393173e-05,0.005049739938393173
Pormufvirus,1,5.049739938393173e-05,0.005049739938393173
Popoffvirus,1,5.049739938393173e-05,0.005049739938393173
Pontusvirus,1,5.049739938393173e-05,0.005049739938393173
Pontunivirus,1,5.049739938393173e-05,0.005049739938393173
Prosdovirus,1,5.049739938393173e-05,0.005049739938393173
Prorsmavirus,1,5.049739938393173e-05,0.005049739938393173
Deltabaculovirus,1,5.049739938393173e-05,0.005049739938393173
Deltaarterivirus,1,5.049739938393173e-05,0.005049739938393173
Delislevirus,1,5.049739938393173e-05,0.005049739938393173
Delepquintavirus,1,5.049739938393173e-05,0.005049739938393173
Dehkhevirus,1,5.049739938393173e-05,0.005049739938393173
Dehgumevirus,1,5.049739938393173e-05,0.005049739938393173
Deepoceanvirus,1,5.049739938393173e-05,0.005049739938393173
Decurrovirus,1,5.049739938393173e-05,0.005049739938393173
Dechshavirus,1,5.049739938393173e-05,0.005049739938393173
Proddevirus,1,5.049739938393173e-05,0.005049739938393173
Prisdovirus,1,5.049739938393173e-05,0.005049739938393173
Prihuvirus,1,5.049739938393173e-05,0.005049739938393173
Prihovirus,1,5.049739938393173e-05,0.005049739938393173
Presleyvirus,1,5.049739938393173e-05,0.005049739938393173
Darnbovirus,1,5.049739938393173e-05,0.005049739938393173
Daredevilvirus,1,5.049739938393173e-05,0.005049739938393173
Dardanusvirus,1,5.049739938393173e-05,0.005049739938393173
Daphniairidovirus,1,5.049739938393173e-05,0.005049739938393173
Daolivirus,1,5.049739938393173e-05,0.005049739938393173
Danipivirus,1,5.049739938393173e-05,0.005049739938393173
Dalianvirus,1,5.049739938393173e-05,0.005049739938393173
Dahmuvirus,1,5.049739938393173e-05,0.005049739938393173
Dahmuivirus,1,5.049739938393173e-05,0.005049739938393173
Dagavirus,1,5.049739938393173e-05,0.005049739938393173
Psecadovirus,1,5.049739938393173e-05,0.005049739938393173
Prymnesiovirus,1,5.049739938393173e-05,0.005049739938393173
Pruncivirus,1,5.049739938393173e-05,0.005049739938393173
Proteusivirus,1,5.049739938393173e-05,0.005049739938393173
Prospektnaukivirus,1,5.049739938393173e-05,0.005049739938393173
Prosimiispumavirus,1,5.049739938393173e-05,0.005049739938393173
Purivirus,1,5.049739938393173e-05,0.005049739938393173
Puppervirus,1,5.049739938393173e-05,0.005049739938393173
Punlevirus,1,5.049739938393173e-05,0.005049739938393173
Pumpernickelvirus,1,5.049739938393173e-05,0.005049739938393173
Pulverervirus,1,5.049739938393173e-05,0.005049739938393173
Puirovirus,1,5.049739938393173e-05,0.005049739938393173
Puhrivirus,1,5.049739938393173e-05,0.005049739938393173
Pudlivirus,1,5.049739938393173e-05,0.005049739938393173
Puclevirus,1,5.049739938393173e-05,0.005049739938393173
Pterovirus,1,5.049739938393173e-05,0.005049739938393173
Pteropopoxvirus,1,5.049739938393173e-05,0.005049739938393173
Psoetuvirus,1,5.049739938393173e-05,0.005049739938393173
Psitorquevirus,1,5.049739938393173e-05,0.005049739938393173
Psimunavirus,1,5.049739938393173e-05,0.005049739938393173
Dcimvirus,1,5.049739938393173e-05,0.005049739938393173
Dazunavirus,1,5.049739938393173e-05,0.005049739938393173
Daeravirus,1,5.049739938393173e-05,0.005049739938393173
Daemvirus,1,5.049739938393173e-05,0.005049739938393173
Dabrowskivirus,1,5.049739938393173e-05,0.005049739938393173
Dabirmavirus,1,5.049739938393173e-05,0.005049739938393173
Cynoglossusvirus,1,5.049739938393173e-05,0.005049739938393173
Cymopoleiavirus,1,5.049739938393173e-05,0.005049739938393173
Cyclophivirus,1,5.049739938393173e-05,0.005049739938393173
Cyclitvirus,1,5.049739938393173e-05,0.005049739938393173
Cybitervirus,1,5.049739938393173e-05,0.005049739938393173
Qingdaovirus,1,5.049739938393173e-05,0.005049739938393173
Qadamvirus,1,5.049739938393173e-05,0.005049739938393173
Pythorivirus,1,5.049739938393173e-05,0.005049739938393173
Pylenevirus,1,5.049739938393173e-05,0.005049739938393173
Pygoscepivirus,1,5.049739938393173e-05,0.005049739938393173
Pushchinovirus,1,5.049739938393173e-05,0.005049739938393173
Purkyvirus,1,5.049739938393173e-05,0.005049739938393173
Rahariannevirus,1,5.049739938393173e-05,0.005049739938393173
Radostvirus,1,5.049739938393173e-05,0.005049739938393173
Cuauhtlivirus,1,5.049739938393173e-05,0.005049739938393173
Cronusvirus,1,5.049739938393173e-05,0.005049739938393173
Crocodylidpoxvirus,1,5.049739938393173e-05,0.005049739938393173
Crahelivirus,1,5.049739938393173e-05,0.005049739938393173
Raagevirus,1,5.049739938393173e-05,0.005049739938393173
Quivirus,1,5.049739938393173e-05,0.005049739938393173
Quillavirus,1,5.049739938393173e-05,0.005049739938393173
Questintvirus,1,5.049739938393173e-05,0.005049739938393173
Curdwovirus,1,5.049739938393173e-05,0.005049739938393173
Cumpduvirus,1,5.049739938393173e-05,0.005049739938393173
Cumbruovirus,1,5.049739938393173e-05,0.005049739938393173
Cukevirus,1,5.049739938393173e-05,0.005049739938393173
Cuevavirus,1,5.049739938393173e-05,0.005049739938393173
Dafengvirus,1,5.049739938393173e-05,0.005049739938393173
Reipivirus,1,5.049739938393173e-05,0.005049739938393173
Rehudzovirus,1,5.049739938393173e-05,0.005049739938393173
Rehihmevirus,1,5.049739938393173e-05,0.005049739938393173
Reginaelenavirus,1,5.049739938393173e-05,0.005049739938393173
Recovirus,1,5.049739938393173e-05,0.005049739938393173
Ravinvirus,1,5.049739938393173e-05,0.005049739938393173
Ravavirus,1,5.049739938393173e-05,0.005049739938393173
Raunefjordenvirus,1,5.049739938393173e-05,0.005049739938393173
Rauchvirus,1,5.049739938393173e-05,0.005049739938393173
Ratlevirus,1,5.049739938393173e-05,0.005049739938393173
Rapidusivirus,1,5.049739938393173e-05,0.005049739938393173
Raphidovirus,1,5.049739938393173e-05,0.005049739938393173
Rambovirus,1,5.049739938393173e-05,0.005049739938393173
Rakkovirus,1,5.049739938393173e-05,0.005049739938393173
Rajidapivirus,1,5.049739938393173e-05,0.005049739938393173
Rahdfavirus,1,5.049739938393173e-05,0.005049739938393173
Commandariavirus,1,5.049739938393173e-05,0.005049739938393173
Colishivirus,1,5.049739938393173e-05,0.005049739938393173
Cohrlevirus,1,5.049739938393173e-05,0.005049739938393173
Cotonvirus,1,5.049739938393173e-05,0.005049739938393173
Cotavirus,1,5.049739938393173e-05,0.005049739938393173
Cosmacovirus,1,5.049739938393173e-05,0.005049739938393173
Coryciavirus,1,5.049739938393173e-05,0.005049739938393173
Corycianvirus,1,5.049739938393173e-05,0.005049739938393173
Coruscantvirus,1,5.049739938393173e-05,0.005049739938393173
Corulvirus,1,5.049739938393173e-05,0.005049739938393173
Coroavirus,1,5.049739938393173e-05,0.005049739938393173
Cornievirus,1,5.049739938393173e-05,0.005049739938393173
Corgivirus,1,5.049739938393173e-05,0.005049739938393173
Coprasatellite,1,5.049739938393173e-05,0.005049739938393173
Reqipinevirus,1,5.049739938393173e-05,0.005049739938393173
Replylivirus,1,5.049739938393173e-05,0.005049739938393173
Risingsunvirus,1,5.049739938393173e-05,0.005049739938393173
Ripduovirus,1,5.049739938393173e-05,0.005049739938393173
Ringroadvirus,1,5.049739938393173e-05,0.005049739938393173
Rindgevirus,1,5.049739938393173e-05,0.005049739938393173
Rigallicvirus,1,5.049739938393173e-05,0.005049739938393173
Ridwavirus,1,5.049739938393173e-05,0.005049739938393173
Rhodovulugtaviriform,1,5.049739938393173e-05,0.005049739938393173
Rhodobactegtaviriform,1,5.049739938393173e-05,0.005049739938393173
Rhizomonavirus,1,5.049739938393173e-05,0.005049739938393173
Rhipevirus,1,5.049739938393173e-05,0.005049739938393173
Rheavirus,1,5.049739938393173e-05,0.005049739938393173
Reynauldvirus,1,5.049739938393173e-05,0.005049739938393173
Retlevirus,1,5.049739938393173e-05,0.005049739938393173
Retbasiphovirus,1,5.049739938393173e-05,0.005049739938393173
Comptuvirus,1,5.049739938393173e-05,0.005049739938393173
Comptovirus,1,5.049739938393173e-05,0.005049739938393173
Rockvillevirus,1,5.049739938393173e-05,0.005049739938393173
Rochuvirus,1,5.049739938393173e-05,0.005049739938393173
Roburiusivirus,1,5.049739938393173e-05,0.005049739938393173
Robevirus,1,5.049739938393173e-05,0.005049739938393173
Coeurvirus,1,5.049739938393173e-05,0.005049739938393173
Coccolithovirus,1,5.049739938393173e-05,0.005049739938393173
Cobrasixvirus,1,5.049739938393173e-05,0.005049739938393173
Coatlandelriovirus,1,5.049739938393173e-05,0.005049739938393173
Clufdovirus,1,5.049739938393173e-05,0.005049739938393173
Clownvirus,1,5.049739938393173e-05,0.005049739938393173
Clofavirus,1,5.049739938393173e-05,0.005049739938393173
Clifovirus,1,5.049739938393173e-05,0.005049739938393173
Rivsvirus,1,5.049739938393173e-05,0.005049739938393173
Riverridervirus,1,5.049739938393173e-05,0.005049739938393173
Rivapovirus,1,5.049739938393173e-05,0.005049739938393173
Risoevirus,1,5.049739938393173e-05,0.005049739938393173
Cihsnivirus,1,5.049739938393173e-05,0.005049739938393173
Cicadellivirus,1,5.049739938393173e-05,0.005049739938393173
Chymeravirus,1,5.049739938393173e-05,0.005049739938393173
Churkhuvirus,1,5.049739938393173e-05,0.005049739938393173
Chunghsingvirus,1,5.049739938393173e-05,0.005049739938393173
Clawzvirus,1,5.049739938393173e-05,0.005049739938393173
Clavivirus,1,5.049739938393173e-05,0.005049739938393173
Clavavirus,1,5.049739938393173e-05,0.005049739938393173
Classicovirus,1,5.049739938393173e-05,0.005049739938393173
Clampvirus,1,5.049739938393173e-05,0.005049739938393173
Citrovirus,1,5.049739938393173e-05,0.005049739938393173
Citiorivirus,1,5.049739938393173e-05,0.005049739938393173
Citaivirus,1,5.049739938393173e-05,0.005049739938393173
Cirilivirus,1,5.049739938393173e-05,0.005049739938393173
Rollinsvirus,1,5.049739938393173e-05,0.005049739938393173
Rogerhendrixvirus,1,5.049739938393173e-05,0.005049739938393173
Sabourvirus,1,5.049739938393173e-05,0.005049739938393173
Ryyoungvirus,1,5.049739938393173e-05,0.005049739938393173
Rytunovirus,1,5.049739938393173e-05,0.005049739938393173
Rumoivirus,1,5.049739938393173e-05,0.005049739938393173
Ruflodivirus,1,5.049739938393173e-05,0.005049739938393173
Ruegerigtaviriform,1,5.049739938393173e-05,0.005049739938393173
Rudgehvirus,1,5.049739938393173e-05,0.005049739938393173
Rowavirus,1,5.049739938393173e-05,0.005049739938393173
Rovertvirus,1,5.049739938393173e-05,0.005049739938393173
Roufvirus,1,5.049739938393173e-05,0.005049739938393173
Roslyckyvirus,1,5.049739938393173e-05,0.005049739938393173
Roscoffvirus,1,5.049739938393173e-05,0.005049739938393173
Rosariovirus,1,5.049739938393173e-05,0.005049739938393173
Cinvestavvirus,1,5.049739938393173e-05,0.005049739938393173
Cinunavirus,1,5.049739938393173e-05,0.005049739938393173
Cimpunavirus,1,5.049739938393173e-05,0.005049739938393173
Sahwbrivirus,1,5.049739938393173e-05,0.005049739938393173
Sahlfavirus,1,5.049739938393173e-05,0.005049739938393173
Saguarovirus,1,5.049739938393173e-05,0.005049739938393173
Sagamiharavirus,1,5.049739938393173e-05,0.005049739938393173
Sadornvirus,1,5.049739938393173e-05,0.005049739938393173
Chuhaivirus,1,5.049739938393173e-05,0.005049739938393173
Chrysonvirus,1,5.049739938393173e-05,0.005049739938393173
Chronisvirus,1,5.049739938393173e-05,0.005049739938393173
Christensenvirus,1,5.049739938393173e-05,0.005049739938393173
Chounavirus,1,5.049739938393173e-05,0.005049739938393173
Chosvirus,1,5.049739938393173e-05,0.005049739938393173
Chostevirus,1,5.049739938393173e-05,0.005049739938393173
Chopinvirus,1,5.049739938393173e-05,0.005049739938393173
Choctavirus,1,5.049739938393173e-05,0.005049739938393173
Chobevirus,1,5.049739938393173e-05,0.005049739938393173
Sadiyavirus,1,5.049739938393173e-05,0.005049739938393173
Salemvirus,1,5.049739938393173e-05,0.005049739938393173
Saldibavirus,1,5.049739938393173e-05,0.005049739938393173
Chitwivirus,1,5.049739938393173e-05,0.005049739938393173
Chitorquevirus,1,5.049739938393173e-05,0.005049739938393173
Chinseivirus,1,5.049739938393173e-05,0.005049739938393173
Chinihovirus,1,5.049739938393173e-05,0.005049739938393173
Chimshavirus,1,5.049739938393173e-05,0.005049739938393173
Chimpavirus,1,5.049739938393173e-05,0.005049739938393173
Chihyovirus,1,5.049739938393173e-05,0.005049739938393173
Chewyvirus,1,5.049739938393173e-05,0.005049739938393173
Cheungvirus,1,5.049739938393173e-05,0.005049739938393173
Salchichonvirus,1,5.049739938393173e-05,0.005049739938393173
Salacisavirus,1,5.049739938393173e-05,0.005049739938393173
Sakobuvirus,1,5.049739938393173e-05,0.005049739938393173
Sajorinivirus,1,5.049739938393173e-05,0.005049739938393173
Saintgironsvirus,1,5.049739938393173e-05,0.005049739938393173
Sanovirus,1,5.049739938393173e-05,0.005049739938393173
Sanguivirus,1,5.049739938393173e-05,0.005049739938393173
Sandinevirus,1,5.049739938393173e-05,0.005049739938393173
Sandeparvovirus,1,5.049739938393173e-05,0.005049739938393173
Sanchirvirus,1,5.049739938393173e-05,0.005049739938393173
Samuneavirus,1,5.049739938393173e-05,0.005049739938393173
Samunavirus,1,5.049739938393173e-05,0.005049739938393173
Samsavirus,1,5.049739938393173e-05,0.005049739938393173
Samaravirus,1,5.049739938393173e-05,0.005049739938393173
Salvavirus,1,5.049739938393173e-05,0.005049739938393173
Salutenavirus,1,5.049739938393173e-05,0.005049739938393173
Saltrevirus,1,5.049739938393173e-05,0.005049739938393173
Salterprovirus,1,5.049739938393173e-05,0.005049739938393173
Salovirus,1,5.049739938393173e-05,0.005049739938393173
Salmonpoxvirus,1,5.049739938393173e-05,0.005049739938393173
Salinovirus,1,5.049739938393173e-05,0.005049739938393173
Sargevirus,1,5.049739938393173e-05,0.005049739938393173
Sardinovirus,1,5.049739938393173e-05,0.005049739938393173
Chertseyvirus,1,5.049739938393173e-05,0.005049739938393173
Cherovirus,1,5.049739938393173e-05,0.005049739938393173
Cherlevirus,1,5.049739938393173e-05,0.005049739938393173
Chepelevirus,1,5.049739938393173e-05,0.005049739938393173
Chennaivirus,1,5.049739938393173e-05,0.005049739938393173
Chemalvirus,1,5.049739938393173e-05,0.005049739938393173
Chebevirus,1,5.049739938393173e-05,0.005049739938393173
Chatshuvirus,1,5.049739938393173e-05,0.005049739938393173
Charybdivirus,1,5.049739938393173e-05,0.005049739938393173
Charybdisvirus,1,5.049739938393173e-05,0.005049739938393173
Sanyabayvirus,1,5.049739938393173e-05,0.005049739938393173
Santafevirus,1,5.049739938393173e-05,0.005049739938393173
Sanstrivirus,1,5.049739938393173e-05,0.005049739938393173
Sansavirus,1,5.049739938393173e-05,0.005049739938393173
Scappvirus,1,5.049739938393173e-05,0.005049739938393173
Sbehrnivirus,1,5.049739938393173e-05,0.005049739938393173
Sawastrivirus,1,5.049739938393173e-05,0.005049739938393173
Sawaravirus,1,5.049739938393173e-05,0.005049739938393173
Savurvirus,1,5.049739938393173e-05,0.005049739938393173
Savitribaivirus,1,5.049739938393173e-05,0.005049739938393173
Saundersvirus,1,5.049739938393173e-05,0.005049739938393173
Sauletekiovirus,1,5.049739938393173e-05,0.005049739938393173
Saudhavirus,1,5.049739938393173e-05,0.005049739938393173
Satyrivirus,1,5.049739938393173e-05,0.005049739938393173
Satomivirus,1,5.049739938393173e-05,0.005049739938393173
Sasvirus,1,5.049739938393173e-05,0.005049739938393173
Sasquatchvirus,1,5.049739938393173e-05,0.005049739938393173
Sashavirus,1,5.049739938393173e-05,0.005049739938393173
Sasdunavirus,1,5.049739938393173e-05,0.005049739938393173
Sarmavirus,1,5.049739938393173e-05,0.005049739938393173
Schubertvirus,1,5.049739938393173e-05,0.005049739938393173
Schnabeltiervirus,1,5.049739938393173e-05,0.005049739938393173
Chaoyangvirus,1,5.049739938393173e-05,0.005049739938393173
Chaovirus,1,5.049739938393173e-05,0.005049739938393173
Chaoshanvirus,1,5.049739938393173e-05,0.005049739938393173
Chamilpavirus,1,5.049739938393173e-05,0.005049739938393173
Chakrabartyvirus,1,5.049739938393173e-05,0.005049739938393173
Chahpevirus,1,5.049739938393173e-05,0.005049739938393173
Chaedoavirus,1,5.049739938393173e-05,0.005049739938393173
Chadwivirus,1,5.049739938393173e-05,0.005049739938393173
Cetovirus,1,5.049739938393173e-05,0.005049739938393173
Ceskevirus,1,5.049739938393173e-05,0.005049739938393173
Cervidpoxvirus,1,5.049739938393173e-05,0.005049739938393173
Schmittlotzvirus,1,5.049739938393173e-05,0.005049739938393173
Schmidtvirus,1,5.049739938393173e-05,0.005049739938393173
Scapunavirus,1,5.049739938393173e-05,0.005049739938393173
Sdrodtuvirus,1,5.049739938393173e-05,0.005049739938393173
Sdribtuvirus,1,5.049739938393173e-05,0.005049739938393173
Sdretovirus,1,5.049739938393173e-05,0.005049739938393173
Sdredtuvirus,1,5.049739938393173e-05,0.005049739938393173
Sdohnivirus,1,5.049739938393173e-05,0.005049739938393173
Sdoctuvirus,1,5.049739938393173e-05,0.005049739938393173
Sdadlevirus,1,5.049739938393173e-05,0.005049739938393173
Scyllavirus,1,5.049739938393173e-05,0.005049739938393173
Scuticavirus,1,5.049739938393173e-05,0.005049739938393173
Scuadavirus,1,5.049739938393173e-05,0.005049739938393173
Scottvirus,1,5.049739938393173e-05,0.005049739938393173
Scoliodonvirus,1,5.049739938393173e-05,0.005049739938393173
Scloravirus,1,5.049739938393173e-05,0.005049739938393173
Sclerodarnavirus,1,5.049739938393173e-05,0.005049739938393173
Sciuriunavirus,1,5.049739938393173e-05,0.005049739938393173
Sciuripoxvirus,1,5.049739938393173e-05,0.005049739938393173
Sednavirus,1,5.049739938393173e-05,0.005049739938393173
Sectovirus,1,5.049739938393173e-05,0.005049739938393173
Secretariatvirus,1,5.049739938393173e-05,0.005049739938393173
Certevirus,1,5.049739938393173e-05,0.005049739938393173
Cepavirus,1,5.049739938393173e-05,0.005049739938393173
Cenunavirus,1,5.049739938393173e-05,0.005049739938393173
Centumtrigintavirus,1,5.049739938393173e-05,0.005049739938393173
Cenphatecvirus,1,5.049739938393173e-05,0.005049739938393173
Cellubavirus,1,5.049739938393173e-05,0.005049739938393173
Celiavirus,1,5.049739938393173e-05,0.005049739938393173
Celebovirus,1,5.049739938393173e-05,0.005049739938393173
Celavirus,1,5.049739938393173e-05,0.005049739938393173
Cehakivirus,1,5.049739938393173e-05,0.005049739938393173
Seckivirus,1,5.049739938393173e-05,0.005049739938393173
Seamegvirus,1,5.049739938393173e-05,0.005049739938393173
Seahorsevirus,1,5.049739938393173e-05,0.005049739938393173
Cebadecemvirus,1,5.049739938393173e-05,0.005049739938393173
Cbastvirus,1,5.049739938393173e-05,0.005049739938393173
Cawstavirus,1,5.049739938393173e-05,0.005049739938393173
Cavevirus,1,5.049739938393173e-05,0.005049739938393173
Catfishvirus,1,5.049739938393173e-05,0.005049739938393173
Catalunyavirus,1,5.049739938393173e-05,0.005049739938393173
Catalonvirus,1,5.049739938393173e-05,0.005049739938393173
Senitvirus,1,5.049739938393173e-05,0.005049739938393173
Sempoevirus,1,5.049739938393173e-05,0.005049739938393173
Semotivirus,1,5.049739938393173e-05,0.005049739938393173
Semodevirus,1,5.049739938393173e-05,0.005049739938393173
Sehpovirus,1,5.049739938393173e-05,0.005049739938393173
Sehcuvirus,1,5.049739938393173e-05,0.005049739938393173
Seetinvirus,1,5.049739938393173e-05,0.005049739938393173
Seejivirus,1,5.049739938393173e-05,0.005049739938393173
Sedonavirus,1,5.049739938393173e-05,0.005049739938393173
Sertovirus,1,5.049739938393173e-05,0.005049739938393173
Casfavirus,1,5.049739938393173e-05,0.005049739938393173
Carvajevirus,1,5.049739938393173e-05,0.005049739938393173
Cartwavirus,1,5.049739938393173e-05,0.005049739938393173
Cartilovirus,1,5.049739938393173e-05,0.005049739938393173
Caroctavirus,1,5.049739938393173e-05,0.005049739938393173
Carettavirus,1,5.049739938393173e-05,0.005049739938393173
Seretavirus,1,5.049739938393173e-05,0.005049739938393173
Serangoonvirus,1,5.049739938393173e-05,0.005049739938393173
Septovirus,1,5.049739938393173e-05,0.005049739938393173
Seoulvirus,1,5.049739938393173e-05,0.005049739938393173
Seongnamvirus,1,5.049739938393173e-05,0.005049739938393173
Seongbukvirus,1,5.049739938393173e-05,0.005049739938393173
Seodaemunguvirus,1,5.049739938393173e-05,0.005049739938393173
Senquatrovirus,1,5.049739938393173e-05,0.005049739938393173
Cedarrivervirus,1,5.049739938393173e-05,0.005049739938393173
Sheenvirus,1,5.049739938393173e-05,0.005049739938393173
Shebanavirus,1,5.049739938393173e-05,0.005049739938393173
Shantouvirus,1,5.049739938393173e-05,0.005049739938393173
Shangdongvirus,1,5.049739938393173e-05,0.005049739938393173
Shandongvirus,1,5.049739938393173e-05,0.005049739938393173
Shanbavirus,1,5.049739938393173e-05,0.005049739938393173
Shalavirus,1,5.049739938393173e-05,0.005049739938393173
Shaekyvirus,1,5.049739938393173e-05,0.005049739938393173
Shadyvirus,1,5.049739938393173e-05,0.005049739938393173
Sfunavirus,1,5.049739938393173e-05,0.005049739938393173
Seybrovirus,1,5.049739938393173e-05,0.005049739938393173
Sexopuavirus,1,5.049739938393173e-05,0.005049739938393173
Seussvirus,1,5.049739938393173e-05,0.005049739938393173
Setdovirus,1,5.049739938393173e-05,0.005049739938393173
Sessunavirus,1,5.049739938393173e-05,0.005049739938393173
Serwervirus,1,5.049739938393173e-05,0.005049739938393173
Shihwivirus,1,5.049739938393173e-05,0.005049739938393173
Shienvirus,1,5.049739938393173e-05,0.005049739938393173
Shenzhenivirus,1,5.049739938393173e-05,0.005049739938393173
Caradhivirus,1,5.049739938393173e-05,0.005049739938393173
Capvunavirus,1,5.049739938393173e-05,0.005049739938393173
Captovirus,1,5.049739938393173e-05,0.005049739938393173
Capsdovirus,1,5.049739938393173e-05,0.005049739938393173
Capnelvirus,1,5.049739938393173e-05,0.005049739938393173
Capistrivirus,1,5.049739938393173e-05,0.005049739938393173
Capbuvirus,1,5.049739938393173e-05,0.005049739938393173
Cantarevirus,1,5.049739938393173e-05,0.005049739938393173
Canoevirus,1,5.049739938393173e-05,0.005049739938393173
Canmovirus,1,5.049739938393173e-05,0.005049739938393173
Cankvirus,1,5.049739938393173e-05,0.005049739938393173
Shenlongvirus,1,5.049739938393173e-05,0.005049739938393173
Shehrpovirus,1,5.049739938393173e-05,0.005049739938393173
Shrewlivirus,1,5.049739938393173e-05,0.005049739938393173
Shrewlevirus,1,5.049739938393173e-05,0.005049739938393173
Shoyavirus,1,5.049739938393173e-05,0.005049739938393173
Shomudavirus,1,5.049739938393173e-05,0.005049739938393173
Campanilevirus,1,5.049739938393173e-05,0.005049739938393173
Caminolopintovirus,1,5.049739938393173e-05,0.005049739938393173
Cambruovirus,1,5.049739938393173e-05,0.005049739938393173
Caldevirus,1,5.049739938393173e-05,0.005049739938393173
Cahwstovirus,1,5.049739938393173e-05,0.005049739938393173
Sholavirus,1,5.049739938393173e-05,0.005049739938393173
Shodtevirus,1,5.049739938393173e-05,0.005049739938393173
Shockervirus,1,5.049739938393173e-05,0.005049739938393173
Shizishanvirus,1,5.049739938393173e-05,0.005049739938393173
Shirahamavirus,1,5.049739938393173e-05,0.005049739938393173
Shipsduvirus,1,5.049739938393173e-05,0.005049739938393173
Shiltuvirus,1,5.049739938393173e-05,0.005049739938393173
Cahrlavirus,1,5.049739938393173e-05,0.005049739938393173
Caecilivirus,1,5.049739938393173e-05,0.005049739938393173
Cacepaovirus,1,5.049739938393173e-05,0.005049739938393173
Byrnievirus,1,5.049739938393173e-05,0.005049739938393173
Butlevirus,1,5.049739938393173e-05,0.005049739938393173
Bushwuavirus,1,5.049739938393173e-05,0.005049739938393173
Bushuvirus,1,5.049739938393173e-05,0.005049739938393173
Busanvirus,1,5.049739938393173e-05,0.005049739938393173
Burtuvirus,1,5.049739938393173e-05,0.005049739938393173
Sidiousvirus,1,5.049739938393173e-05,0.005049739938393173
Sicregavirus,1,5.049739938393173e-05,0.005049739938393173
Siatvirus,1,5.049739938393173e-05,0.005049739938393173
Siaravirus,1,5.049739938393173e-05,0.005049739938393173
Shutevirus,1,5.049739938393173e-05,0.005049739938393173
Shuldovirus,1,5.049739938393173e-05,0.005049739938393173
Shuimuvirus,1,5.049739938393173e-05,0.005049739938393173
Buorbuivirus,1,5.049739938393173e-05,0.005049739938393173
Buntovirus,1,5.049739938393173e-05,0.005049739938393173
Bunatrivirus,1,5.049739938393173e-05,0.005049739938393173
Bulkovirus,1,5.049739938393173e-05,0.005049739938393173
Bulcivirus,1,5.049739938393173e-05,0.005049739938393173
Buhshwavirus,1,5.049739938393173e-05,0.005049739938393173
Buhrmuvirus,1,5.049739938393173e-05,0.005049739938393173
Buhpbivirus,1,5.049739938393173e-05,0.005049739938393173
Buhdlovirus,1,5.049739938393173e-05,0.005049739938393173
Buhdavirus,1,5.049739938393173e-05,0.005049739938393173
Simpcentumvirus,1,5.049739938393173e-05,0.005049739938393173
Silentrexvirus,1,5.049739938393173e-05,0.005049739938393173
Sigmapapillomavirus,1,5.049739938393173e-05,0.005049739938393173
Siftrevirus,1,5.049739938393173e-05,0.005049739938393173
Sieqvirus,1,5.049739938393173e-05,0.005049739938393173
Sidiruavirus,1,5.049739938393173e-05,0.005049739938393173
Bugaksanvirus,1,5.049739938393173e-05,0.005049739938393173
Budprovirus,1,5.049739938393173e-05,0.005049739938393173
Bucovirus,1,5.049739938393173e-05,0.005049739938393173
Buchananvirus,1,5.049739938393173e-05,0.005049739938393173
Brunovirus,1,5.049739938393173e-05,0.005049739938393173
Broinstvirus,1,5.049739938393173e-05,0.005049739938393173
Skulduggeryvirus,1,5.049739938393173e-05,0.005049739938393173
Skogvirus,1,5.049739938393173e-05,0.005049739938393173
Skhembuvirus,1,5.049739938393173e-05,0.005049739938393173
Skarprettervirus,1,5.049739938393173e-05,0.005049739938393173
Sixamavirus,1,5.049739938393173e-05,0.005049739938393173
Sirevirus,1,5.049739938393173e-05,0.005049739938393173
Siphunculivirus,1,5.049739938393173e-05,0.005049739938393173
Siophivirus,1,5.049739938393173e-05,0.005049739938393173
Sinsheimervirus,1,5.049739938393173e-05,0.005049739938393173
Burquivirus,1,5.049739938393173e-05,0.005049739938393173
Britbratvirus,1,5.049739938393173e-05,0.005049739938393173
Bristolvirus,1,5.049739938393173e-05,0.005049739938393173
Brimkuvirus,1,5.049739938393173e-05,0.005049739938393173
Brikhyavirus,1,5.049739938393173e-05,0.005049739938393173
Brigitvirus,1,5.049739938393173e-05,0.005049739938393173
Breudwovirus,1,5.049739938393173e-05,0.005049739938393173
Brehdfovirus,1,5.049739938393173e-05,0.005049739938393173
Branisovskavirus,1,5.049739938393173e-05,0.005049739938393173
Brandovirus,1,5.049739938393173e-05,0.005049739938393173
Sokavirus,1,5.049739938393173e-05,0.005049739938393173
Soetuvirus,1,5.049739938393173e-05,0.005049739938393173
Socyvirus,1,5.049739938393173e-05,0.005049739938393173
Snuvirus,1,5.049739938393173e-05,0.005049739938393173
Snaubvirus,1,5.049739938393173e-05,0.005049739938393173
Smudhfivirus,1,5.049739938393173e-05,0.005049739938393173
Sleepyheadvirus,1,5.049739938393173e-05,0.005049739938393173
Bouhrtavirus,1,5.049739938393173e-05,0.005049739938393173
Staminivirus,1,5.049739938393173e-05,0.005049739938393173
Squirtyvirus,1,5.049739938393173e-05,0.005049739938393173
Spizizenvirus,1,5.049739938393173e-05,0.005049739938393173
Spiromicrovirus,1,5.049739938393173e-05,0.005049739938393173
Spiovirus,1,5.049739938393173e-05,0.005049739938393173
Sperdavirus,1,5.049739938393173e-05,0.005049739938393173
Spbetavirus,1,5.049739938393173e-05,0.005049739938393173
Spartoivirus,1,5.049739938393173e-05,0.005049739938393173
Sparkyvirus,1,5.049739938393173e-05,0.005049739938393173
Sourvirus,1,5.049739938393173e-05,0.005049739938393173
Songlingvirus,1,5.049739938393173e-05,0.005049739938393173
Sonalivirus,1,5.049739938393173e-05,0.005049739938393173
Somnumvirus,1,5.049739938393173e-05,0.005049739938393173
Somasatellite,1,5.049739938393173e-05,0.005049739938393173
Broetwevirus,1,5.049739938393173e-05,0.005049739938393173
Stompelvirus,1,5.049739938393173e-05,0.005049739938393173
Stoartovirus,1,5.049739938393173e-05,0.005049739938393173
Sthenivirus,1,5.049739938393173e-05,0.005049739938393173
Sterodovirus,1,5.049739938393173e-05,0.005049739938393173
Stentovirus,1,5.049739938393173e-05,0.005049739938393173
Branavirus,1,5.049739938393173e-05,0.005049739938393173
Bramkuvirus,1,5.049739938393173e-05,0.005049739938393173
Brambyvirus,1,5.049739938393173e-05,0.005049739938393173
Braholevirus,1,5.049739938393173e-05,0.005049739938393173
Brahivirus,1,5.049739938393173e-05,0.005049739938393173
Brachyspigtaviriform,1,5.049739938393173e-05,0.005049739938393173
Bracchivirus,1,5.049739938393173e-05,0.005049739938393173
Bowservirus,1,5.049739938393173e-05,0.005049739938393173
Bovispumavirus,1,5.049739938393173e-05,0.005049739938393173
Bovinavirus,1,5.049739938393173e-05,0.005049739938393173
Bovdisavirus,1,5.049739938393173e-05,0.005049739938393173
Striavirus,1,5.049739938393173e-05,0.005049739938393173
Stretavirus,1,5.049739938393173e-05,0.005049739938393173
Strenuaivirus,1,5.049739938393173e-05,0.005049739938393173
Stormageddonvirus,1,5.049739938393173e-05,0.005049739938393173
Bostovirus,1,5.049739938393173e-05,0.005049739938393173
Bostasmacovirus,1,5.049739938393173e-05,0.005049739938393173
Bossavirus,1,5.049739938393173e-05,0.005049739938393173
Boschuvirus,1,5.049739938393173e-05,0.005049739938393173
Borockvirus,1,5.049739938393173e-05,0.005049739938393173
Bopivirus,1,5.049739938393173e-05,0.005049739938393173
Stopavirus,1,5.049739938393173e-05,0.005049739938393173
Stopalavirus,1,5.049739938393173e-05,0.005049739938393173
Stoorivirus,1,5.049739938393173e-05,0.005049739938393173
Stoningtonvirus,1,5.049739938393173e-05,0.005049739938393173
Stonewallvirus,1,5.049739938393173e-05,0.005049739938393173
Stompvirus,1,5.049739938393173e-05,0.005049739938393173
Sumtervirus,1,5.049739938393173e-05,0.005049739938393173
Sukuvirus,1,5.049739938393173e-05,0.005049739938393173
Sukhumvitvirus,1,5.049739938393173e-05,0.005049739938393173
Suipoxvirus,1,5.049739938393173e-05,0.005049739938393173
Suhtovirus,1,5.049739938393173e-05,0.005049739938393173
Successvirus,1,5.049739938393173e-05,0.005049739938393173
Subteminivirus,1,5.049739938393173e-05,0.005049739938393173
Subavirus,1,5.049739938393173e-05,0.005049739938393173
Styxivirus,1,5.049739938393173e-05,0.005049739938393173
Stylovirus,1,5.049739938393173e-05,0.005049739938393173
Stupnyavirus,1,5.049739938393173e-05,0.005049739938393173
Stupevirus,1,5.049739938393173e-05,0.005049739938393173
Studlivirus,1,5.049739938393173e-05,0.005049739938393173
Stubburvirus,1,5.049739938393173e-05,0.005049739938393173
Strotuvirus,1,5.049739938393173e-05,0.005049739938393173
Strotovirus,1,5.049739938393173e-05,0.005049739938393173
Sweetvirus,1,5.049739938393173e-05,0.005049739938393173
Suturavirus,1,5.049739938393173e-05,0.005049739938393173
Suttonboningtonvirus,1,5.049739938393173e-05,0.005049739938393173
Sustrivirus,1,5.049739938393173e-05,0.005049739938393173
Supelovirus,1,5.049739938393173e-05,0.005049739938393173
Bonghivirus,1,5.049739938393173e-05,0.005049739938393173
Bonaevitaevirus,1,5.049739938393173e-05,0.005049739938393173
Boltovirus,1,5.049739938393173e-05,0.005049739938393173
Bolislovirus,1,5.049739938393173e-05,0.005049739938393173
Bolenivirus,1,5.049739938393173e-05,0.005049739938393173
Bohxovirus,1,5.049739938393173e-05,0.005049739938393173
Bohwovirus,1,5.049739938393173e-05,0.005049739938393173
Bohnovirus,1,5.049739938393173e-05,0.005049739938393173
Bohlehivirus,1,5.049739938393173e-05,0.005049739938393173
Boesrvirus,1,5.049739938393173e-05,0.005049739938393173
Sunshinevirus,1,5.049739938393173e-05,0.005049739938393173
Syrbvirus,1,5.049739938393173e-05,0.005049739938393173
Synodonvirus,1,5.049739938393173e-05,0.005049739938393173
Bocovirus,1,5.049739938393173e-05,0.005049739938393173
Boaesivirus,1,5.049739938393173e-05,0.005049739938393173
Bluvavirus,1,5.049739938393173e-05,0.005049739938393173
Bluefeathervirus,1,5.049739938393173e-05,0.005049739938393173
Blictovirus,1,5.049739938393173e-05,0.005049739938393173
Blafavirus,1,5.049739938393173e-05,0.005049739938393173
Blacdavirus,1,5.049739938393173e-05,0.005049739938393173
Bjornvirus,1,5.049739938393173e-05,0.005049739938393173
Symapivirus,1,5.049739938393173e-05,0.005049739938393173
Sycamorevirus,1,5.049739938393173e-05,0.005049739938393173
Swoomyvirus,1,5.049739938393173e-05,0.005049739938393173
Swihdzovirus,1,5.049739938393173e-05,0.005049739938393173
Swiduovirus,1,5.049739938393173e-05,0.005049739938393173
Swepdovirus,1,5.049739938393173e-05,0.005049739938393173
Taravirus,1,5.049739938393173e-05,0.005049739938393173
Taranisvirus,1,5.049739938393173e-05,0.005049739938393173
Tapjovirus,1,5.049739938393173e-05,0.005049739938393173
Taphiavirus,1,5.049739938393173e-05,0.005049739938393173
Tantvirus,1,5.049739938393173e-05,0.005049739938393173
Tantalovirus,1,5.049739938393173e-05,0.005049739938393173
Tankvirus,1,5.049739938393173e-05,0.005049739938393173
Tandoganvirus,1,5.049739938393173e-05,0.005049739938393173
Tamkungvirus,1,5.049739938393173e-05,0.005049739938393173
Tambotovirus,1,5.049739938393173e-05,0.005049739938393173
Tamanovirus,1,5.049739938393173e-05,0.005049739938393173
Takahashivirus,1,5.049739938393173e-05,0.005049739938393173
Taijivirus,1,5.049739938393173e-05,0.005049739938393173
Tahluvirus,1,5.049739938393173e-05,0.005049739938393173
Taceavirus,1,5.049739938393173e-05,0.005049739938393173
Tabernariusvirus,1,5.049739938393173e-05,0.005049739938393173
Bismarckvirus,1,5.049739938393173e-05,0.005049739938393173
Bishavirus,1,5.049739938393173e-05,0.005049739938393173
Bisdanovirus,1,5.049739938393173e-05,0.005049739938393173
Birstovirus,1,5.049739938393173e-05,0.005049739938393173
Birfovirus,1,5.049739938393173e-05,0.005049739938393173
Birfecvirus,1,5.049739938393173e-05,0.005049739938393173
Birdsnestvirus,1,5.049739938393173e-05,0.005049739938393173
Birdonovirus,1,5.049739938393173e-05,0.005049739938393173
Bircswevirus,1,5.049739938393173e-05,0.005049739938393173
Biquartavirus,1,5.049739938393173e-05,0.005049739938393173
Bippervirus,1,5.049739938393173e-05,0.005049739938393173
Bingvirus,1,5.049739938393173e-05,0.005049739938393173
Tedavirus,1,5.049739938393173e-05,0.005049739938393173
Teciucevirus,1,5.049739938393173e-05,0.005049739938393173
Tecephavirus,1,5.049739938393173e-05,0.005049739938393173
Tawavirus,1,5.049739938393173e-05,0.005049739938393173
Bilifuvirus,1,5.049739938393173e-05,0.005049739938393173
Bihndovirus,1,5.049739938393173e-05,0.005049739938393173
Bihdovirus,1,5.049739938393173e-05,0.005049739938393173
Bihckevirus,1,5.049739938393173e-05,0.005049739938393173
Bignuzvirus,1,5.049739938393173e-05,0.005049739938393173
Bigmanorsvirus,1,5.049739938393173e-05,0.005049739938393173
Bievrevirus,1,5.049739938393173e-05,0.005049739938393173
Bidwuvirus,1,5.049739938393173e-05,0.005049739938393173
Templovirus,1,5.049739938393173e-05,0.005049739938393173
Templevirus,1,5.049739938393173e-05,0.005049739938393173
Temfrudevirus,1,5.049739938393173e-05,0.005049739938393173
Telperivirus,1,5.049739938393173e-05,0.005049739938393173
Telemovirus,1,5.049739938393173e-05,0.005049739938393173
Tehuhdavirus,1,5.049739938393173e-05,0.005049739938393173
Tehmuvirus,1,5.049739938393173e-05,0.005049739938393173
Tefnutvirus,1,5.049739938393173e-05,0.005049739938393173
Betadintovirus,1,5.049739938393173e-05,0.005049739938393173
Betarhizoulivirus,1,5.049739938393173e-05,0.005049739938393173
Bidwovirus,1,5.049739938393173e-05,0.005049739938393173
Bicaudavirus,1,5.049739938393173e-05,0.005049739938393173
Biavirus,1,5.049739938393173e-05,0.005049739938393173
Bglawtbvirus,1,5.049739938393173e-05,0.005049739938393173
Bevemovirus,1,5.049739938393173e-05,0.005049739938393173
Betterkatzvirus,1,5.049739938393173e-05,0.005049739938393173
Betatristromavirus,1,5.049739938393173e-05,0.005049739938393173
Betatetravirus,1,5.049739938393173e-05,0.005049739938393173
Tettorquevirus,1,5.049739938393173e-05,0.005049739938393173
Tetrivirus,1,5.049739938393173e-05,0.005049739938393173
Tetricillivirus,1,5.049739938393173e-05,0.005049739938393173
Testadenovirus,1,5.049739938393173e-05,0.005049739938393173
Tepukevirus,1,5.049739938393173e-05,0.005049739938393173
Bilsivirus,1,5.049739938393173e-05,0.005049739938393173
Thomixvirus,1,5.049739938393173e-05,0.005049739938393173
Thobivirus,1,5.049739938393173e-05,0.005049739938393173
Thiyevirus,1,5.049739938393173e-05,0.005049739938393173
Thiwvovirus,1,5.049739938393173e-05,0.005049739938393173
Thiuhmevirus,1,5.049739938393173e-05,0.005049739938393173
Thisbivirus,1,5.049739938393173e-05,0.005049739938393173
Thiercelinvirus,1,5.049739938393173e-05,0.005049739938393173
Thetisvirus,1,5.049739938393173e-05,0.005049739938393173
Thetapapillomavirus,1,5.049739938393173e-05,0.005049739938393173
Theosmithvirus,1,5.049739938393173e-05,0.005049739938393173
Theiavirus,1,5.049739938393173e-05,0.005049739938393173
Thehlovirus,1,5.049739938393173e-05,0.005049739938393173
Thaumasvirus,1,5.049739938393173e-05,0.005049739938393173
Tharbavirus,1,5.049739938393173e-05,0.005049739938393173
Betagymnorhavirus,1,5.049739938393173e-05,0.005049739938393173
Betaguttavirus,1,5.049739938393173e-05,0.005049739938393173
Tigunavirus,1,5.049739938393173e-05,0.005049739938393173
Tieomvirus,1,5.049739938393173e-05,0.005049739938393173
Ticahravirus,1,5.049739938393173e-05,0.005049739938393173
Tiamatvirus,1,5.049739938393173e-05,0.005049739938393173
Besingivirus,1,5.049739938393173e-05,0.005049739938393173
Beshanovirus,1,5.049739938393173e-05,0.005049739938393173
Bertovirus,1,5.049739938393173e-05,0.005049739938393173
Bertilvirus,1,5.049739938393173e-05,0.005049739938393173
Bermivirus,1,5.049739938393173e-05,0.005049739938393173
Berenvirus,1,5.049739938393173e-05,0.005049739938393173
Berdovirus,1,5.049739938393173e-05,0.005049739938393173
Thyiavirus,1,5.049739938393173e-05,0.005049739938393173
Thuhrlavirus,1,5.049739938393173e-05,0.005049739938393173
Thornevirus,1,5.049739938393173e-05,0.005049739938393173
Thoosavirus,1,5.049739938393173e-05,0.005049739938393173
Thonkovirus,1,5.049739938393173e-05,0.005049739938393173
Tiranvirus,1,5.049739938393173e-05,0.005049739938393173
Bercswevirus,1,5.049739938393173e-05,0.005049739938393173
Bepbevirus,1,5.049739938393173e-05,0.005049739938393173
Beornivirus,1,5.049739938393173e-05,0.005049739938393173
Bendigovirus,1,5.049739938393173e-05,0.005049739938393173
Bembunaquatrovirus,1,5.049739938393173e-05,0.005049739938393173
Belligerivirus,1,5.049739938393173e-05,0.005049739938393173
Bellicusivirus,1,5.049739938393173e-05,0.005049739938393173
Bellamyvirus,1,5.049739938393173e-05,0.005049739938393173
Beirlevirus,1,5.049739938393173e-05,0.005049739938393173
Beiedevirus,1,5.049739938393173e-05,0.005049739938393173
Tinalinvirus,1,5.049739938393173e-05,0.005049739938393173
Timirovirus,1,5.049739938393173e-05,0.005049739938393173
Tilapinevirus,1,5.049739938393173e-05,0.005049739938393173
Tijeunavirus,1,5.049739938393173e-05,0.005049739938393173
Tiilvirus,1,5.049739938393173e-05,0.005049739938393173
Totsukavirus,1,5.049739938393173e-05,0.005049739938393173
Torvergatavirus,1,5.049739938393173e-05,0.005049739938393173
Tortellinivirus,1,5.049739938393173e-05,0.005049739938393173
Tormycovirus,1,5.049739938393173e-05,0.005049739938393173
Torinovirus,1,5.049739938393173e-05,0.005049739938393173
Torinorumvirus,1,5.049739938393173e-05,0.005049739938393173
Torchivirus,1,5.049739938393173e-05,0.005049739938393173
Topocuvirus,1,5.049739938393173e-05,0.005049739938393173
Tonitrusvirus,1,5.049739938393173e-05,0.005049739938393173
Tomasvirus,1,5.049739938393173e-05,0.005049739938393173
Tolavirus,1,5.049739938393173e-05,0.005049739938393173
Tohkunevirus,1,5.049739938393173e-05,0.005049739938393173
Tofonivirus,1,5.049739938393173e-05,0.005049739938393173
Todtivirus,1,5.049739938393173e-05,0.005049739938393173
Tocinivirus,1,5.049739938393173e-05,0.005049739938393173
Tirithivirus,1,5.049739938393173e-05,0.005049739938393173
Tredecimvirus,1,5.049739938393173e-05,0.005049739938393173
Trabzonvirus,1,5.049739938393173e-05,0.005049739938393173
Toutatisvirus,1,5.049739938393173e-05,0.005049739938393173
Toursvirus,1,5.049739938393173e-05,0.005049739938393173
Behunavirus,1,5.049739938393173e-05,0.005049739938393173
Behrmuvirus,1,5.049739938393173e-05,0.005049739938393173
Behntlevirus,1,5.049739938393173e-05,0.005049739938393173
Behlfluvirus,1,5.049739938393173e-05,0.005049739938393173
Behevivirus,1,5.049739938393173e-05,0.005049739938393173
Beheusavirus,1,5.049739938393173e-05,0.005049739938393173
Behauvirus,1,5.049739938393173e-05,0.005049739938393173
Begindovirus,1,5.049739938393173e-05,0.005049739938393173
Beetrevirus,1,5.049739938393173e-05,0.005049739938393173
Beejeyvirus,1,5.049739938393173e-05,0.005049739938393173
Becedseptimavirus,1,5.049739938393173e-05,0.005049739938393173
Tottorivirus,1,5.049739938393173e-05,0.005049739938393173
Beceayunavirus,1,5.049739938393173e-05,0.005049739938393173
Beahrlevirus,1,5.049739938393173e-05,0.005049739938393173
Bdellomicrovirus,1,5.049739938393173e-05,0.005049739938393173
Bcepfunavirus,1,5.049739938393173e-05,0.005049739938393173
Bavovirus,1,5.049739938393173e-05,0.005049739938393173
Bauervirus,1,5.049739938393173e-05,0.005049739938393173
Batdovirus,1,5.049739938393173e-05,0.005049739938393173
Bascudevirus,1,5.049739938393173e-05,0.005049739938393173
Tresduoquattuorvirus,1,5.049739938393173e-05,0.005049739938393173
Trelivelvirus,1,5.049739938393173e-05,0.005049739938393173
Treiszetapapillomavirus,1,5.049739938393173e-05,0.005049739938393173
Treisthetapapillomavirus,1,5.049739938393173e-05,0.005049739938393173
Treiskappapapillomavirus,1,5.049739938393173e-05,0.005049739938393173
Treisiotapapillomavirus,1,5.049739938393173e-05,0.005049739938393173
Treisetapapillomavirus,1,5.049739938393173e-05,0.005049739938393173
Treisdeltapapillomavirus,1,5.049739938393173e-05,0.005049739938393173
Trungvirus,1,5.049739938393173e-05,0.005049739938393173
Trogglehumpervirus,1,5.049739938393173e-05,0.005049739938393173
Trocevirus,1,5.049739938393173e-05,0.005049739938393173
Bartonegtaviriform,1,5.049739938393173e-05,0.005049739938393173
Barnavirus,1,5.049739938393173e-05,0.005049739938393173
Bardovirus,1,5.049739938393173e-05,0.005049739938393173
Baranavirus,1,5.049739938393173e-05,0.005049739938393173
Bantamvirus,1,5.049739938393173e-05,0.005049739938393173
Banchanvirus,1,5.049739938393173e-05,0.005049739938393173
Bamvirus,1,5.049739938393173e-05,0.005049739938393173
Triteiavirus,1,5.049739938393173e-05,0.005049739938393173
Triplejayvirus,1,5.049739938393173e-05,0.005049739938393173
Triniovirus,1,5.049739938393173e-05,0.005049739938393173
Trinevirus,1,5.049739938393173e-05,0.005049739938393173
Trinavirus,1,5.049739938393173e-05,0.005049739938393173
Triduovirus,1,5.049739938393173e-05,0.005049739938393173
Twortvirus,1,5.049739938393173e-05,0.005049739938393173
Tuxingvirus,1,5.049739938393173e-05,0.005049739938393173
Tupaivirus,1,5.049739938393173e-05,0.005049739938393173
Tuodvirus,1,5.049739938393173e-05,0.005049739938393173
Baltimorevirus,1,5.049739938393173e-05,0.005049739938393173
Balsavirus,1,5.049739938393173e-05,0.005049739938393173
Baldwinvirus,1,5.049739938393173e-05,0.005049739938393173
Bajunvirus,1,5.049739938393173e-05,0.005049739938393173
Baikalvirus,1,5.049739938393173e-05,0.005049739938393173
Baihuvirus,1,5.049739938393173e-05,0.005049739938393173
Bahxtivirus,1,5.049739938393173e-05,0.005049739938393173
Bahscuvirus,1,5.049739938393173e-05,0.005049739938393173
Bahkauvirus,1,5.049739938393173e-05,0.005049739938393173
Tungrovirus,1,5.049739938393173e-05,0.005049739938393173
Tudmivirus,1,5.049739938393173e-05,0.005049739938393173
Tsuhreavirus,1,5.049739938393173e-05,0.005049739938393173
Axeltriavirus,1,5.049739938393173e-05,0.005049739938393173
Avunavirus,1,5.049739938393173e-05,0.005049739938393173
Avesvirus,1,5.049739938393173e-05,0.005049739938393173
Bahdevirus,1,5.049739938393173e-05,0.005049739938393173
Badtivirus,1,5.049739938393173e-05,0.005049739938393173
Badaguanvirus,1,5.049739938393173e-05,0.005049739938393173
Bacelvirus,1,5.049739938393173e-05,0.005049739938393173
Babusatellite,1,5.049739938393173e-05,0.005049739938393173
Babosmacovirus,1,5.049739938393173e-05,0.005049739938393173
Azorudivirus,1,5.049739938393173e-05,0.005049739938393173
Ayohtrevirus,1,5.049739938393173e-05,0.005049739938393173
Ayintorquevirus,1,5.049739938393173e-05,0.005049739938393173
Uavernvirus,1,5.049739938393173e-05,0.005049739938393173
Tysohivirus,1,5.049739938393173e-05,0.005049739938393173
Tyrahlevirus,1,5.049739938393173e-05,0.005049739938393173
Typhavirus,1,5.049739938393173e-05,0.005049739938393173
Avantavirus,1,5.049739938393173e-05,0.005049739938393173
Avadavirus,1,5.049739938393173e-05,0.005049739938393173
Austrovirus,1,5.049739938393173e-05,0.005049739938393173
Aurunvirus,1,5.049739938393173e-05,0.005049739938393173
Aurivirus,1,5.049739938393173e-05,0.005049739938393173
Augustepiccardvirus,1,5.049739938393173e-05,0.005049739938393173
Uniorhavirus,1,5.049739938393173e-05,0.005049739938393173
Ulwavirus,1,5.049739938393173e-05,0.005049739938393173
Uliginvirus,1,5.049739938393173e-05,0.005049739938393173
Ulenhavirus,1,5.049739938393173e-05,0.005049739938393173
Ulegvirus,1,5.049739938393173e-05,0.005049739938393173
Ulaervirus,1,5.049739938393173e-05,0.005049739938393173
Uewvirus,1,5.049739938393173e-05,0.005049739938393173
Ayaqvirus,1,5.049739938393173e-05,0.005049739938393173
Ayakvirus,1,5.049739938393173e-05,0.005049739938393173
Axomammavirus,1,5.049739938393173e-05,0.005049739938393173
Vapseptimavirus,1,5.049739938393173e-05,0.005049739938393173
Vapochuvirus,1,5.049739938393173e-05,0.005049739938393173
Vanleevirus,1,5.049739938393173e-05,0.005049739938393173
Valovirus,1,5.049739938393173e-05,0.005049739938393173
Validivirus,1,5.049739938393173e-05,0.005049739938393173
Valentinivirus,1,5.049739938393173e-05,0.005049739938393173
Valbvirus,1,5.049739938393173e-05,0.005049739938393173
Valarivirus,1,5.049739938393173e-05,0.005049739938393173
Vaccinivirus,1,5.049739938393173e-05,0.005049739938393173
Uwajimavirus,1,5.049739938393173e-05,0.005049739938393173
Usmuvirus,1,5.049739938393173e-05,0.005049739938393173
Ushumevirus,1,5.049739938393173e-05,0.005049739938393173
Ushigomevirus,1,5.049739938393173e-05,0.005049739938393173
Ureyisuvirus,1,5.049739938393173e-05,0.005049739938393173
Avenivirus,1,5.049739938393173e-05,0.005049739938393173
Avenavirus,1,5.049739938393173e-05,0.005049739938393173
Vehemenivirus,1,5.049739938393173e-05,0.005049739938393173
Vegasvirus,1,5.049739938393173e-05,0.005049739938393173
Veewebvirus,1,5.049739938393173e-05,0.005049739938393173
Audacivirus,1,5.049739938393173e-05,0.005049739938393173
Atuphduovirus,1,5.049739938393173e-05,0.005049739938393173
Attoomivirus,1,5.049739938393173e-05,0.005049739938393173
Atroxivirus,1,5.049739938393173e-05,0.005049739938393173
Atrivirus,1,5.049739938393173e-05,0.005049739938393173
Atripovirus,1,5.049739938393173e-05,0.005049739938393173
Atraxavirus,1,5.049739938393173e-05,0.005049739938393173
Athenavirus,1,5.049739938393173e-05,0.005049739938393173
Astuncavirus,1,5.049739938393173e-05,0.005049739938393173
Astrithrvirus,1,5.049739938393173e-05,0.005049739938393173
Vebetovirus,1,5.049739938393173e-05,0.005049739938393173
Vasivirus,1,5.049739938393173e-05,0.005049739938393173
Varunavirus,1,5.049739938393173e-05,0.005049739938393173
Vespertilionpoxvirus,1,5.049739938393173e-05,0.005049739938393173
Veravirus,1,5.049739938393173e-05,0.005049739938393173
Aspduovirus,1,5.049739938393173e-05,0.005049739938393173
Ashivirus,1,5.049739938393173e-05,0.005049739938393173
Ashduovirus,1,5.049739938393173e-05,0.005049739938393173
Asdankavirus,1,5.049739938393173e-05,0.005049739938393173
Aryavirus,1,5.049739938393173e-05,0.005049739938393173
Arvduovirus,1,5.049739938393173e-05,0.005049739938393173
Artiparvovirus,1,5.049739938393173e-05,0.005049739938393173
Arthrovirus,1,5.049739938393173e-05,0.005049739938393173
Ventrumvirus,1,5.049739938393173e-05,0.005049739938393173
Ventosusvirus,1,5.049739938393173e-05,0.005049739938393173
Vendavirus,1,5.049739938393173e-05,0.005049739938393173
Veloxivirus,1,5.049739938393173e-05,0.005049739938393173
Velocianivirus,1,5.049739938393173e-05,0.005049739938393173
Velanvirus,1,5.049739938393173e-05,0.005049739938393173
Vilniusvirus,1,5.049739938393173e-05,0.005049739938393173
Vidquintavirus,1,5.049739938393173e-05,0.005049739938393173
Arsyunavirus,1,5.049739938393173e-05,0.005049739938393173
Arsenicumvirus,1,5.049739938393173e-05,0.005049739938393173
Arnorvirus,1,5.049739938393173e-05,0.005049739938393173
Armstrongvirus,1,5.049739938393173e-05,0.005049739938393173
Armipotenivirus,1,5.049739938393173e-05,0.005049739938393173
Arkenivirus,1,5.049739938393173e-05,0.005049739938393173
Aristophanesvirus,1,5.049739938393173e-05,0.005049739938393173
Arihsbuvirus,1,5.049739938393173e-05,0.005049739938393173
Ariesvirus,1,5.049739938393173e-05,0.005049739938393173
Vicoquintavirus,1,5.049739938393173e-05,0.005049739938393173
Vicialiavirus,1,5.049739938393173e-05,0.005049739938393173
Vibakivirus,1,5.049739938393173e-05,0.005049739938393173
Vhulanivirus,1,5.049739938393173e-05,0.005049739938393173
Vespunovirus,1,5.049739938393173e-05,0.005049739938393173
Vistulavirus,1,5.049739938393173e-05,0.005049739938393173
Archimedesvirus,1,5.049739938393173e-05,0.005049739938393173
Arawnvirus,1,5.049739938393173e-05,0.005049739938393173
Aranruthvirus,1,5.049739938393173e-05,0.005049739938393173
Aranbvirus,1,5.049739938393173e-05,0.005049739938393173
Aranavirus,1,5.049739938393173e-05,0.005049739938393173
Aqualcavirus,1,5.049739938393173e-05,0.005049739938393173
Aqualaruvirus,1,5.049739938393173e-05,0.005049739938393173
Aprofuvirus,1,5.049739938393173e-05,0.005049739938393173
Virilianivirus,1,5.049739938393173e-05,0.005049739938393173
Virgulavirus,1,5.049739938393173e-05,0.005049739938393173
Viratusivirus,1,5.049739938393173e-05,0.005049739938393173
Vipunavirus,1,5.049739938393173e-05,0.005049739938393173
Vipivirus,1,5.049739938393173e-05,0.005049739938393173
Vindevirus,1,5.049739938393173e-05,0.005049739938393173
Vimunumvirus,1,5.049739938393173e-05,0.005049739938393173
Apricotvirus,1,5.049739938393173e-05,0.005049739938393173
Appavirus,1,5.049739938393173e-05,0.005049739938393173
Aparevirus,1,5.049739938393173e-05,0.005049739938393173
Aoqinvirus,1,5.049739938393173e-05,0.005049739938393173
Aokuangvirus,1,5.049739938393173e-05,0.005049739938393173
Aobingvirus,1,5.049739938393173e-05,0.005049739938393173
Antsirabevirus,1,5.049739938393173e-05,0.005049739938393173
Anticleavirus,1,5.049739938393173e-05,0.005049739938393173
Waewaevirus,1,5.049739938393173e-05,0.005049739938393173
Waedenswilvirus,1,5.049739938393173e-05,0.005049739938393173
Wadgaonvirus,1,5.049739938393173e-05,0.005049739938393173
Wadatovirus,1,5.049739938393173e-05,0.005049739938393173
Vyasavirus,1,5.049739938393173e-05,0.005049739938393173
Vulnificusvirus,1,5.049739938393173e-05,0.005049739938393173
Votkovvirus,1,5.049739938393173e-05,0.005049739938393173
Voetvirus,1,5.049739938393173e-05,0.005049739938393173
Watanabevirus,1,5.049739938393173e-05,0.005049739938393173
Waspevirus,1,5.049739938393173e-05,0.005049739938393173
Warsawvirus,1,5.049739938393173e-05,0.005049739938393173
Antichaacvirus,1,5.049739938393173e-05,0.005049739938393173
Anthonyvirus,1,5.049739938393173e-05,0.005049739938393173
Anphevirus,1,5.049739938393173e-05,0.005049739938393173
Anidravirus,1,5.049739938393173e-05,0.005049739938393173
Angmobvirus,1,5.049739938393173e-05,0.005049739938393173
Angelvirus,1,5.049739938393173e-05,0.005049739938393173
Angainorvirus,1,5.049739938393173e-05,0.005049739938393173
Andrewvirus,1,5.049739938393173e-05,0.005049739938393173
Warmivirus,1,5.049739938393173e-05,0.005049739938393173
Wargodvirus,1,5.049739938393173e-05,0.005049739938393173
Wanderervirus,1,5.049739938393173e-05,0.005049739938393173
Wamavirus,1,5.049739938393173e-05,0.005049739938393173
Wahdswovirus,1,5.049739938393173e-05,0.005049739938393173
Welesbovirus,1,5.049739938393173e-05,0.005049739938393173
Weillhallvirus,1,5.049739938393173e-05,0.005049739938393173
Andihavirus,1,5.049739938393173e-05,0.005049739938393173
Andhevirus,1,5.049739938393173e-05,0.005049739938393173
Anchaingvirus,1,5.049739938393173e-05,0.005049739938393173
Anathvirus,1,5.049739938393173e-05,0.005049739938393173
Anaposvirus,1,5.049739938393173e-05,0.005049739938393173
Anamdongvirus,1,5.049739938393173e-05,0.005049739938393173
Anademivirus,1,5.049739938393173e-05,0.005049739938393173
Wehsdovirus,1,5.049739938393173e-05,0.005049739938393173
Wehlevirus,1,5.049739938393173e-05,0.005049739938393173
Weflthvirus,1,5.049739938393173e-05,0.005049739938393173
Wedhlevirus,1,5.049739938393173e-05,0.005049739938393173
Wecineivirus,1,5.049739938393173e-05,0.005049739938393173
Weaselvirus,1,5.049739938393173e-05,0.005049739938393173
Watorgevirus,1,5.049739938393173e-05,0.005049739938393173
Whudnevirus,1,5.049739938393173e-05,0.005049739938393173
Whotnavirus,1,5.049739938393173e-05,0.005049739938393173
Whotchuvirus,1,5.049739938393173e-05,0.005049739938393173
Whopevirus,1,5.049739938393173e-05,0.005049739938393173
Whodehavirus,1,5.049739938393173e-05,0.005049739938393173
Whiteheadvirus,1,5.049739938393173e-05,0.005049739938393173
Whilavirus,1,5.049739938393173e-05,0.005049739938393173
Whiflysatellite,1,5.049739938393173e-05,0.005049739938393173
Whidchuvirus,1,5.049739938393173e-05,0.005049739938393173
Whadcovirus,1,5.049739938393173e-05,0.005049739938393173
Whackvirus,1,5.049739938393173e-05,0.005049739938393173
Westonuvirus,1,5.049739938393173e-05,0.005049739938393173
Wesdanuvirus,1,5.049739938393173e-05,0.005049739938393173
Weothlivirus,1,5.049739938393173e-05,0.005049739938393173
Wendovervirus,1,5.049739938393173e-05,0.005049739938393173
Wellingtonvirus,1,5.049739938393173e-05,0.005049739938393173
Windevirus,1,5.049739938393173e-05,0.005049739938393173
Wilsonroadvirus,1,5.049739938393173e-05,0.005049739938393173
Wilnyevirus,1,5.049739938393173e-05,0.005049739938393173
Ampivirus,1,5.049739938393173e-05,0.005049739938393173
Amoyvirus,1,5.049739938393173e-05,0.005049739938393173
Amiranvirus,1,5.049739938393173e-05,0.005049739938393173
Aminayvirus,1,5.049739938393173e-05,0.005049739938393173
Amherstvirus,1,5.049739938393173e-05,0.005049739938393173
Ameliavirus,1,5.049739938393173e-05,0.005049739938393173
Amboselivirus,1,5.049739938393173e-05,0.005049739938393173
Amalthevirus,1,5.049739938393173e-05,0.005049739938393173
Wilfovirus,1,5.049739938393173e-05,0.005049739938393173
Wildcatvirus,1,5.049739938393173e-05,0.005049739938393173
Wihlevirus,1,5.049739938393173e-05,0.005049739938393173
Wihbtavirus,1,5.049739938393173e-05,0.005049739938393173
Widsokivirus,1,5.049739938393173e-05,0.005049739938393173
Wohtavirus,1,5.049739938393173e-05,0.005049739938393173
Alphapironavirus,1,5.049739938393173e-05,0.005049739938393173
Alphaovalivirus,1,5.049739938393173e-05,0.005049739938393173
Alphaorpheovirus,1,5.049739938393173e-05,0.005049739938393173
Alvostovirus,1,5.049739938393173e-05,0.005049739938393173
Alvestavirus,1,5.049739938393173e-05,0.005049739938393173
Alphaspiravirus,1,5.049739938393173e-05,0.005049739938393173
Wohrmlevirus,1,5.049739938393173e-05,0.005049739938393173
Wohodivirus,1,5.049739938393173e-05,0.005049739938393173
Wohlvevirus,1,5.049739938393173e-05,0.005049739938393173
Woesvirus,1,5.049739938393173e-05,0.005049739938393173
Wodongavirus,1,5.049739938393173e-05,0.005049739938393173
Woatevirus,1,5.049739938393173e-05,0.005049739938393173
Wixfuvirus,1,5.049739938393173e-05,0.005049739938393173
Wixfovirus,1,5.049739938393173e-05,0.005049739938393173
Wirwovirus,1,5.049739938393173e-05,0.005049739938393173
Wulmkuvirus,1,5.049739938393173e-05,0.005049739938393173
Wulfhavirus,1,5.049739938393173e-05,0.005049739938393173
Wulfhauvirus,1,5.049739938393173e-05,0.005049739938393173
Alphaletovirus,1,5.049739938393173e-05,0.005049739938393173
Alphahydrivirus,1,5.049739938393173e-05,0.005049739938393173
Alphafilamentovirus,1,5.049739938393173e-05,0.005049739938393173
Alphaentomopoxvirus,1,5.049739938393173e-05,0.005049739938393173
Wroclawvirus,1,5.049739938393173e-05,0.005049739938393173
Wotdevirus,1,5.049739938393173e-05,0.005049739938393173
Wostovirus,1,5.049739938393173e-05,0.005049739938393173
Woshavirus,1,5.049739938393173e-05,0.005049739938393173
Wolvivirus,1,5.049739938393173e-05,0.005049739938393173
Wolstavirus,1,5.049739938393173e-05,0.005049739938393173
Wolominvirus,1,5.049739938393173e-05,0.005049739938393173
Wollypogvirus,1,5.049739938393173e-05,0.005049739938393173
Wohudhevirus,1,5.049739938393173e-05,0.005049739938393173
Xuanyuanvirus,1,5.049739938393173e-05,0.005049739938393173
Xoxocotlavirus,1,5.049739938393173e-05,0.005049739938393173
Xenophyvirus,1,5.049739938393173e-05,0.005049739938393173
Xeniaduovirus,1,5.049739938393173e-05,0.005049739938393173
Xaviavirus,1,5.049739938393173e-05,0.005049739938393173
Alphadintovirus,1,5.049739938393173e-05,0.005049739938393173
Alphacarmotetravirus,1,5.049739938393173e-05,0.005049739938393173
Alphaarterivirus,1,5.049739938393173e-05,0.005049739938393173
Alphaabyssovirus,1,5.049739938393173e-05,0.005049739938393173
Xajduovirus,1,5.049739938393173e-05,0.005049739938393173
Wyahnevirus,1,5.049739938393173e-05,0.005049739938393173
Wurmloivirus,1,5.049739938393173e-05,0.005049739938393173
Wundevirus,1,5.049739938393173e-05,0.005049739938393173
Wulvevirus,1,5.049739938393173e-05,0.005049739938393173
Wulouvirus,1,5.049739938393173e-05,0.005049739938393173
Wulosvivirus,1,5.049739938393173e-05,0.005049739938393173
Yasminevirus,1,5.049739938393173e-05,0.005049739938393173
Yaravirus,1,5.049739938393173e-05,0.005049739938393173
Yangshanfusivirus,1,5.049739938393173e-05,0.005049739938393173
Yanchengvirus,1,5.049739938393173e-05,0.005049739938393173
Alisovirus,1,5.049739938393173e-05,0.005049739938393173
Alfirinvirus,1,5.049739938393173e-05,0.005049739938393173
Aleybvirus,1,5.049739938393173e-05,0.005049739938393173
Aleyavirus,1,5.049739938393173e-05,0.005049739938393173
Alehndavirus,1,5.049739938393173e-05,0.005049739938393173
Alegriavirus,1,5.049739938393173e-05,0.005049739938393173
Alefpapillomavirus,1,5.049739938393173e-05,0.005049739938393173
Alcestovirus,1,5.049739938393173e-05,0.005049739938393173
Alasvirus,1,5.049739938393173e-05,0.005049739938393173
Yadonushivirus,1,5.049739938393173e-05,0.005049739938393173
Xylavirus,1,5.049739938393173e-05,0.005049739938393173
Xuquatrovirus,1,5.049739938393173e-05,0.005049739938393173
Akiravirus,1,5.049739938393173e-05,0.005049739938393173
Akihdevirus,1,5.049739938393173e-05,0.005049739938393173
Akedovirus,1,5.049739938393173e-05,0.005049739938393173
Ailurivirus,1,5.049739938393173e-05,0.005049739938393173
Ahtivirus,1,5.049739938393173e-05,0.005049739938393173
Ahotrevirus,1,5.049739938393173e-05,0.005049739938393173
Ahduovirus,1,5.049739938393173e-05,0.005049739938393173
Agnivirus,1,5.049739938393173e-05,0.005049739938393173
Yenihzavirus,1,5.049739938393173e-05,0.005049739938393173
Yemegivirus,1,5.049739938393173e-05,0.005049739938393173
Yellowseavirus,1,5.049739938393173e-05,0.005049739938393173
Yeceytrevirus,1,5.049739938393173e-05,0.005049739938393173
Yaviravirus,1,5.049739938393173e-05,0.005049739938393173
Yavannavirus,1,5.049739938393173e-05,0.005049739938393173
Yautsimvirus,1,5.049739938393173e-05,0.005049739938393173
Yautepecvirus,1,5.049739938393173e-05,0.005049739938393173
Zetavirus,1,5.049739938393173e-05,0.005049739938393173
Zurivirus,1,5.049739938393173e-05,0.005049739938393173
Aalivirus,1,5.049739938393173e-05,0.005049739938393173
Zuhalvirus,1,5.049739938393173e-05,0.005049739938393173
Zoomievirus,1,5.049739938393173e-05,0.005049739938393173
Zohalivirus,1,5.049739938393173e-05,0.005049739938393173
Zetaarterivirus,1,5.049739938393173e-05,0.005049739938393173
Zedzedvirus,1,5.049739938393173e-05,0.005049739938393173
Zeavirus,1,5.049739938393173e-05,0.005049739938393173
Zarhavirus,1,5.049739938393173e-05,0.005049739938393173
Yvonnevirus,1,5.049739938393173e-05,0.005049739938393173
Yushanluvirus,1,5.049739938393173e-05,0.005049739938393173
Yunamivirus,1,5.049739938393173e-05,0.005049739938393173
Yumkaaxvirus,1,5.049739938393173e-05,0.005049739938393173
Yulgyerivirus,1,5.049739938393173e-05,0.005049739938393173
Yuanmingyuanvirus,1,5.049739938393173e-05,0.005049739938393173
Konkivirus,1,5.049739938393173e-05,0.005049739938393173
Kokobelvirus,1,5.049739938393173e-05,0.005049739938393173
Kohmavirus,1,5.049739938393173e-05,0.005049739938393173
Kobbarisatellite,1,5.049739938393173e-05,0.005049739938393173
Knuthellervirus,1,5.049739938393173e-05,0.005049739938393173
Klumppvirus,1,5.049739938393173e-05,0.005049739938393173
Klosterneuburgvirus,1,5.049739938393173e-05,0.005049739938393173
Klementvirus,1,5.049739938393173e-05,0.005049739938393173
Kleczkowskavirus,1,5.049739938393173e-05,0.005049739938393173
Kiwsmaevirus,1,5.049739938393173e-05,0.005049739938393173
Aastrivirus,1,5.049739938393173e-05,0.005049739938393173
Zirakzivirus,1,5.049739938393173e-05,0.005049739938393173
Zhuquevirus,1,5.049739938393173e-05,0.005049739938393173
Zhoulongquanvirus,1,5.049739938393173e-05,0.005049739938393173
Zhonglingvirus,1,5.049739938393173e-05,0.005049739938393173
Zhangqianvirus,1,5.049739938393173e-05,0.005049739938393173
