Accession,Family
AB000403.1,Phenuiviridae
AB000851.1,Peribunyaviridae
AB000906.1,Iflaviridae
AB000920.1,Alphasatellitidae
AB000922.1,Alphasatellitidae
AB002632.1,Inoviridae
AB003289.1,Flaviviridae
AB006531.1,Dicistroviridae
AB006783.1,Birnaviridae
AB008550.1,Peduoviridae
AB009046.1,Nanoviridae
AB009047.1,Alphasatellitidae
AB009656.1,Phenuiviridae
AB009958.2,Secoviridae
AB009959.2,Secoviridae
AB010300.1,Alphaflexiviridae
AB010302.1,Alphaflexiviridae
AB011257.1,Rhabdoviridae
AB011404.1,Potyviridae
AB011819.1,Potyviridae
AB012573.1,Inoviridae
AB012574.1,Inoviridae
AB014344.1,Endornaviridae
AB016162.1,Paramyxoviridae
AB017503.1,Virgaviridae
AB017630.1,Potyviridae
AB021287.1,Flaviviridae
AB025946.2,Anelloviridae
AB026929.1,Anelloviridae
AB026931.1,Anelloviridae
AB027007.1,Potyviridae
AB027020.1,Papillomaviridae
AB027021.1,Papillomaviridae
AB027511.1,Nanoviridae
AB028668.1,Anelloviridae
AB030277.1,Rhabdoviridae
AB030940.1,Secoviridae
AB032469.1,Betaflexiviridae
AB033689.1,Virgaviridae
AB033690.1,Virgaviridae
AB033691.1,Virgaviridae
AB033692.1,Virgaviridae
AB033998.1,Astroviridae
AB037926.1,Anelloviridae
AB038147.1,Tombusviridae
AB038343.1,Tospoviridae
AB038621.1,Anelloviridae
AB038625.1,Anelloviridae
AB038627.1,Anelloviridae
AB038629.1,Anelloviridae
AB038630.1,Anelloviridae
AB040456.1,Papillomaviridae
AB040749.1,Picornaviridae
AB040874.1,Paramyxoviridae
AB041007.1,Anelloviridae
AB041957.1,Anelloviridae
AB041958.2,Anelloviridae
AB041959.1,Anelloviridae
AB041960.1,Anelloviridae
AB041962.1,Anelloviridae
AB041963.1,Anelloviridae
AB043678.1,Inoviridae
AB043679.1,Inoviridae
AB049608.1,Anelloviridae
AB051848.1,Betaflexiviridae
AB054688.1,Secoviridae
AB057358.1,Anelloviridae
AB060594.1,Anelloviridae
AB060597.1,Anelloviridae
AB061774.1,Tospoviridae
AB063393.2,Matsushitaviridae
AB066288.1,Alphaflexiviridae
AB073147.1,Secoviridae
AB073148.2,Secoviridae
AB075039.1,Rhabdoviridae
AB076001.1,Anelloviridae
AB076002.1,Anelloviridae
AB080598.1,Bromoviridae
AB080600.1,Bromoviridae
AB084450.1,Secoviridae
AB084451.1,Secoviridae
AB084452.1,Secoviridae
AB084453.1,Secoviridae
AB084788.1,Picornaviridae
AB084913.1,Picornaviridae
AB085814.1,Pseudototiviridae
AB086951.1,Tombusviridae
AB089381.1,Virgaviridae
AB090161.1,Picornaviridae
AB098022.1,Spinareoviridae
AB099711.1,Potyviridae
AB102675.1,Spinareoviridae
AB110977.1,Mitoviridae
AB113347.1,Partitiviridae
AB114138.1,Rhabdoviridae
AB114858.1,Flaviviridae
AB126191.2,Orthomyxoviridae
AB126192.2,Orthomyxoviridae
AB158522.1,Potyviridae
AB158523.1,Potyviridae
AB176964.1,Pseudototiviridae
AB179636.1,Spinareoviridae
AB186897.1,Picobirnaviridae
AB186898.1,Picobirnaviridae
AB193315.2,Bacilladnaviridae
AB193726.1,Marnaviridae
AB194806.2,Bromoviridae
AB194807.2,Bromoviridae
AB194808.1,Bromoviridae
AB195968.1,Paramyxoviridae
AB206396.1,Alphaflexiviridae
AB218608.1,Alvernaviridae
AB219105.1,Alphaflexiviridae
AB219545.1,Potyviridae
AB244417.1,Rhabdoviridae
AB246773.1,Potyviridae
AB259123.2,Inoviridae
AB259124.1,Inoviridae
AB261167.1,Virgaviridae
AB271783.1,Potyviridae
AB276040.1,Peduoviridae
AB282754.1,Potyviridae
AB290917.1,Anelloviridae
AB295643.1,Secoviridae
AB295644.1,Secoviridae
AB300379.1,Pseudototiviridae
AB303552.1,Anelloviridae
AB303553.1,Anelloviridae
AB303554.1,Anelloviridae
AB303558.1,Anelloviridae
AB303560.1,Anelloviridae
AB303561.1,Anelloviridae
AB303564.1,Anelloviridae
AB303566.1,Anelloviridae
AB331650.1,Papillomaviridae
AB331651.1,Papillomaviridae
AB333801.2,Adenoviridae
AB334720.1,Inoviridae
AB334721.1,Inoviridae
AB353071.1,Alphaflexiviridae
AB368492.1,Alternaviridae
AB375474.1,Marnaviridae
AB426608.1,Picornaviridae
AB432910.1,Betaflexiviridae
AB434711.1,Inoviridae
AB444583.1,Bromoviridae
AB448767.1,Adenoviridae
AB449062.1,Anelloviridae
AB465308.1,Partitiviridae
AB469874.1,Marnaviridae
AB472900.2,Vandenendeviridae
AB486012.1,Hepadnaviridae
AB512282.1,Megabirnaviridae
AB516283.1,Rhabdoviridae
AB517596.1,Betaflexiviridae
AB518485.1,Secoviridae
AB518486.1,Secoviridae
AB537968.1,Clavaviridae
AB541985.1,Potyviridae
AB543336.1,Paramyxoviridae
AB543337.1,Paramyxoviridae
AB543507.1,Papillomaviridae
AB546335.1,Alphaflexiviridae
AB551370.1,Potyviridae
AB558120.2,Mitoviridae
AB560486.1,Lindbergviridae
AB560761.1,Chrysoviridae
AB562586.1,Adenoviridae
AB569997.1,Partitiviridae
AB573435.2,Hepeviridae
AB586644.1,Arenaviridae
AB586645.1,Arenaviridae
AB588640.1,Polyomaviridae
AB597179.1,Autotranscriptaviridae
AB597949.1,Bacilladnaviridae
AB604791.1,Rhabdoviridae
AB609718.1,Herelleviridae
AB620063.1,Quadriviridae
AB620102.1,Hantaviridae
AB620104.1,Hantaviridae
AB620105.1,Hantaviridae
AB620107.1,Hantaviridae
AB620108.1,Hantaviridae
AB626962.1,Rountreeviridae
AB639040.1,Marnaviridae
AB646346.1,Papillomaviridae
AB649296.1,Secoviridae
AB649297.1,Secoviridae
AB676848.1,Hantaviridae
AB690372.1,Hypoviridae
AB710145.1,Potyviridae
AB724113.1,Bromoviridae
AB724114.1,Bromoviridae
AB724115.1,Bromoviridae
AB735628.2,Rhabdoviridae
AB735629.2,Spiciviridae
AB742454.1,Pseudototiviridae
AB744679.1,Quadriviridae
AB745694.1,Papillomaviridae
AB747251.1,Picornaviridae
AB747254.1,Picornaviridae
AB747255.1,Picornaviridae
AB747256.1,Picornaviridae
AB747257.1,Picornaviridae
AB747258.1,Picornaviridae
AB753015.2,Mesoniviridae
AB759118.1,Paramyxoviridae
AB767294.1,Polyomaviridae
AB767295.2,Polyomaviridae
AB767297.1,Polyomaviridae
AB767298.1,Polyomaviridae
AB767299.2,Polyomaviridae
AB771723.1,Quadriviridae
AB775549.1,Autotranscriptaviridae
AB818538.1,Potyviridae
AB818899.1,Benyviridae
AB825953.1,Orthoherpesviridae
AB842088.1,Nairoviridae
AB842089.1,Nairoviridae
AB844264.1,Endornaviridae
AB844272.1,Bacilladnaviridae
AB853331.1,Herelleviridae
AB903967.1,Herelleviridae
AB910602.1,Inoviridae
AB914760.1,Spinareoviridae
AB914761.1,Spinareoviridae
AB914762.1,Spinareoviridae
AB914763.1,Spinareoviridae
AB914764.1,Spinareoviridae
AB914765.1,Spinareoviridae
AB914766.1,Spinareoviridae
AB914767.1,Spinareoviridae
AB914769.1,Spinareoviridae
AB915829.1,Fusariviridae
AB917427.1,Virgaviridae
AB920995.1,Autonotataviridae
AB923518.1,Retroviridae
AB923924.1,Closteroviridae
AB930182.1,Herelleviridae
AB931172.1,Inoviridae
AB937974.1,Inoviridae
AB937988.1,Parvoviridae
AB937989.1,Picornaviridae
AB971661.1,Marnaviridae
AB972428.1,Arenaviridae
AB972429.1,Arenaviridae
AB972430.1,Arenaviridae
AB972431.1,Arenaviridae
AB972940.1,Polyomaviridae
AB972941.1,Polyomaviridae
AB972945.1,Polyomaviridae
AB972946.1,Polyomaviridae
AB972947.1,Polyomaviridae
AB973945.1,Marnaviridae
AB976029.1,Virgaviridae
AB976030.1,Virgaviridae
AB981169.1,Peduoviridae
AB981170.1,Inoviridae
AB983711.1,Autonotataviridae
ABRO02087964.1,Adenoviridae
AC090446.27,Orthoherpesviridae
AC_000001.1,Adenoviridae
AC_000003.1,Adenoviridae
AC_000004.1,Adenoviridae
AC_000012.1,Adenoviridae
AC_000189.1,Adenoviridae
AC_000191.1,Adenoviridae
AE002163.1,Microviridae
AF005370.1,Orthoherpesviridae
AF009606.1,Flaviviridae
AF012825.2,Poxviridae
AF013360.1,Flaviviridae
AF013366.1,Flaviviridae
AF013368.1,Flaviviridae
AF013369.1,Flaviviridae
AF013370.1,Flaviviridae
AF013371.1,Flaviviridae
AF013375.1,Flaviviridae
AF013377.1,Flaviviridae
AF013384.1,Flaviviridae
AF013390.1,Flaviviridae
AF013394.1,Flaviviridae
AF013397.1,Flaviviridae
AF013401.1,Flaviviridae
AF013402.1,Flaviviridae
AF013407.1,Flaviviridae
AF013413.1,Flaviviridae
AF014388.1,Dicistroviridae
AF014953.1,Paramyxoviridae
AF016916.1,Baculoviridae
AF017149.3,Paramyxoviridae
AF017780.1,Betaflexiviridae
AF020051.3,Secoviridae
AF020334.1,Spinareoviridae
AF020335.1,Spinareoviridae
AF020336.1,Spinareoviridae
AF020541.1,Picornaviridae
AF022442.1,Potyviridae
AF022937.1,Dicistroviridae
AF023848.1,Potyviridae
AF025538.1,Tospoviridae
AF027657.1,Poxviridae
AF028004.1,Potyviridae
AF028022.1,Hantaviridae
AF029859.2,Picornaviridae
AF030027.1,Orthoherpesviridae
AF030154.1,Adenoviridae
AF033807.1,Retroviridae
AF033808.1,Retroviridae
AF033809.1,Retroviridae
AF033810.1,Retroviridae
AF033811.1,Retroviridae
AF033813.1,Retroviridae
AF033815.1,Retroviridae
AF033818.1,Retroviridae
AF035200.1,Tymoviridae
AF035201.1,Tymoviridae
AF036092.3,Adenoviridae
AF036710.1,Parvoviridae
AF037218.1,Orthoherpesviridae
AF037268.2,Closteroviridae
AF037405.1,Flaviviridae
AF038665.1,Pseudototiviridae
AF039063.1,Narnaviridae
AF039080.1,Pseudototiviridae
AF039205.1,Picornaviridae
AF043303.1,Parvoviridae
AF046996.1,Hepadnaviridae
AF047013.1,Partitiviridae
AF049704.1,Spinareoviridae
AF049705.1,Spinareoviridae
AF052723.1,Retroviridae
AF052755.1,Paramyxoviridae
AF055846.1,Picornaviridae
AF057136.1,Betaflexiviridae
AF057533.1,Potyviridae
AF059718.1,Spinareoviridae
AF059719.1,Spinareoviridae
AF059722.1,Spinareoviridae
AF059723.1,Spinareoviridae
AF059726.1,Spinareoviridae
AF059727.1,Spinareoviridae
AF062037.1,Permutotetraviridae
AF062926.1,Potyviridae
AF063097.1,Peduoviridae
AF065411.1,Leisingerviridae
AF070476.1,Flaviviridae
AF071878.1,Circoviridae
AF074946.1,Adenoviridae
AF074966.1,Retroviridae
AF078669.1,Birnaviridae
AF081020.2,Rhabdoviridae
AF081810.1,Baculoviridae
AF082843.1,Hepeviridae
AF083069.1,Picornaviridae
AF083132.1,Adenoviridae
AF083424.1,Orthoherpesviridae
AF083501.3,Orthoherpesviridae
AF083975.2,Adenoviridae
AF085222.2,Aliceevansviridae
AF086833.2,Filoviridae
AF092924.1,Iflaviridae
AF102884.1,Alphatetraviridae
AF104985.2,Rhabdoviridae
AF108105.1,Adenoviridae
AF111000.1,Hepadnaviridae
AF114383.1,Picornaviridae
AF115102.1,Aliceevansviridae
AF125163.2,Peduoviridae
AF127178.1,Pseudototiviridae
AF127929.2,Potyviridae
AF131950.1,Papillomaviridae
AF133128.1,Tospoviridae
AF133242.2,Plectroviridae
AF133290.1,Partitiviridae
AF139758.1,Spinareoviridae
AF139759.1,Spinareoviridae
AF139760.1,Spinareoviridae
AF142425.1,Baculoviridae
AF144617.2,Flaviviridae
AF144692.1,Flaviviridae
AF145054.1,Aliceevansviridae
AF147498.1,Rhabdoviridae
AF148805.2,Orthoherpesviridae
AF151794.2,Retroviridae
AF151983.1,Papillomaviridae
AF155037.1,Corticoviridae
AF157706.1,Orthoherpesviridae
AF158101.6,Straboviridae
AF158600.2,Aliceevansviridae
AF160501.1,Hepadnaviridae
AF162221.1,Baculoviridae
AF169561.2,Potyviridae
AF169823.1,Baculoviridae
AF170028.1,Betaflexiviridae
AF170722.1,Poxviridae
AF170726.2,Poxviridae
AF174585.1,Bromoviridae
AF178440.1,Dicistroviridae
AF178654.1,Paramyxoviridae
AF180391.2,Arteriviridae
AF183905.1,Dicistroviridae
AF185954.1,Potyviridae
AF185957.1,Potyviridae
AF185958.1,Potyviridae
AF188515.1,Hypoviridae
AF190123.1,Caulimoviridae
AF191796.1,Halspiviridae
AF191797.1,Pleolipoviridae
AF192260.1,Parvoviridae
AF193864.1,Hepadnaviridae
AF195000.2,Tymoviridae
AF196645.2,Birnaviridae
AF198100.1,Poxviridae
AF201902.1,Retroviridae
AF203527.1,Potyviridae
AF203537.1,Potyviridae
AF204951.2,Phycodnaviridae
AF206663.2,Astroviridae
AF207658.1,Adenoviridae
AF207660.1,Adenoviridae
AF208001.1,Solemoviridae
AF210709.2,Tymoviridae
AF212302.2,Paramyxoviridae
AF214014.1,Tospoviridae
AF218039.1,Dicistroviridae
AF218360.1,Spinareoviridae
AF218798.2,Tombusviridae
AF221122.1,Parvoviridae
AF224336.1,Adenoviridae
AF225953.1,Secoviridae
AF225954.1,Secoviridae
AF226160.1,Bromoviridae
AF226161.1,Bromoviridae
AF226162.1,Bromoviridae
AF226851.1,Cystoviridae
AF226853.1,Cystoviridae
AF227196.2,Roniviridae
AF227240.1,Papillomaviridae
AF228063.1,Arenaviridae
AF228515.1,Potyviridae
AF228516.1,Potyviridae
AF228693.1,Potyviridae
AF232689.2,Orthoherpesviridae
AF234533.1,Rhabdoviridae
AF235033.1,Bromoviridae
AF235165.1,Bromoviridae
AF235166.1,Bromoviridae
AF237816.1,Betaflexiviridae
AF238884.1,Gammaflexiviridae
AF241168.1,Polyomaviridae
AF241359.1,Picornaviridae
AF241411.1,Hepadnaviridae
AF246940.1,Picobirnaviridae
AF249332.2,Adenoviridae
AF250874.1,Picornaviridae
AF252610.1,Circoviridae
AF252854.1,Adenoviridae
AF253419.1,Flaviviridae
AF258784.1,Adenoviridae
AF261666.1,Cystoviridae
AF261761.1,Anelloviridae
AF265566.2,Tymoviridae
AF266518.2,Tombusviridae
AF270937.1,Baculoviridae
AF271059.2,Baculoviridae
AF277662.1,Bromoviridae
AF277675.1,Dicistroviridae
AF278534.1,Bromoviridae
AF278535.1,Bromoviridae
AF281817.1,Orthoherpesviridae
AF282468.1,Spinareoviridae
AF282469.1,Spinareoviridae
AF282470.1,Spinareoviridae
AF282930.1,Permutotetraviridae
AF283103.1,Closteroviridae
AF291073.1,Anelloviridae
AF291683.1,Spinareoviridae
AF291685.1,Spinareoviridae
AF291686.3,Spinareoviridae
AF291703.2,Hantaviridae
AF291866.1,Orthoherpesviridae
AF293960.1,Papillomaviridae
AF295543.1,Pneumoviridae
AF296087.1,Picornaviridae
AF296088.1,Picornaviridae
AF296089.1,Picornaviridae
AF296090.1,Picornaviridae
AF296092.1,Picornaviridae
AF296093.1,Picornaviridae
AF296094.1,Picornaviridae
AF296095.1,Picornaviridae
AF296440.1,Chrysoviridae
AF296441.1,Chrysoviridae
AF296442.1,Chrysoviridae
AF297176.1,Chrysoviridae
AF297177.1,Chrysoviridae
AF297178.1,Chrysoviridae
AF298895.2,Paramyxoviridae
AF303045.2,Baculoviridae
AF303741.1,Iridoviridae
AF304460.1,Coronaviridae
AF306496.1,Microviridae
AF308158.2,Alphaflexiviridae
AF311056.1,Flaviviridae
AF314662.1,Betaflexiviridae
AF315308.1,Betaflexiviridae
AF316992.1,Partitiviridae
AF319782.2,Orthoherpesviridae
AF320576.1,Andersonviridae
AF321057.1,Virgaviridae
AF323747.1,Iflaviridae
AF325155.1,Baculoviridae
AF325528.1,Poxviridae
AF325840.1,Pseudototiviridae
AF326573.1,Flaviviridae
AF326750.2,Picornaviridae
AF326751.2,Picornaviridae
AF326754.2,Picornaviridae
AF326764.2,Picornaviridae
AF327920.2,Picornaviridae
AF331718.1,Flaviviridae
AF332093.3,Nimaviridae
AF332868.1,Virgaviridae
AF334111.2,Duinviridae
AF335429.2,Aspiviridae
AF337175.1,Pseudototiviridae
AF338823.1,Adenoviridae
AF342731.1,Birnaviridae
AF345523.1,Anelloviridae
AF345526.1,Anelloviridae
AF347695.1,Caulimoviridae
AF348210.1,Potyviridae
AF348409.1,Anelloviridae
AF349909.1,Papillomaviridae
AF352024.1,Solemoviridae
AF353511.1,Coronaviridae
AF356083.1,Spinareoviridae
AF357836.1,Caulimoviridae
AF359556.1,Spinareoviridae
AF361253.1,Picornaviridae
AF363455.1,Picornaviridae
AF364175.3,Caulimoviridae
AF368033.1,Spinareoviridae
AF368035.1,Spinareoviridae
AF368036.1,Spinareoviridae
AF368037.1,Spinareoviridae
AF368272.1,Secoviridae
AF369029.2,Nimaviridae
AF371337.2,Pneumoviridae
AF371960.1,Iridoviridae
AF375296.1,Parvoviridae
AF376034.1,Orthoherpesviridae
AF380138.1,Poxviridae
AF389451.1,Iridoviridae
AF389452.1,Spinareoviridae
AF389454.1,Spinareoviridae
AF389455.1,Spinareoviridae
AF389463.1,Spinareoviridae
AF389464.1,Spinareoviridae
AF389466.1,Spinareoviridae
AF391797.1,Retroviridae
AF394196.1,Adenoviridae
AF395873.1,Spinareoviridae
AF395898.3,Virgaviridae
AF399011.1,Chimalliviridae
AF399672.1,Potyviridae
AF402620.2,Tombusviridae
AF403390.1,Spinareoviridae
AF403391.1,Spinareoviridae
AF403392.1,Spinareoviridae
AF403394.1,Spinareoviridae
AF403395.1,Spinareoviridae
AF403398.1,Spinareoviridae
AF403399.1,Spinareoviridae
AF403400.1,Spinareoviridae
AF403401.1,Spinareoviridae
AF403402.1,Spinareoviridae
AF403403.1,Spinareoviridae
AF403405.1,Spinareoviridae
AF403406.1,Spinareoviridae
AF403738.1,Baculoviridae
AF404346.1,Orthomyxoviridae
AF404509.2,Caulimoviridae
AF406744.1,Alphaflexiviridae
AF406813.1,Picornaviridae
AF406967.1,Parvoviridae
AF408636.1,Cystoviridae
AF410153.1,Poxviridae
AF414119.3,Closteroviridae
AF414372.2,Picornaviridae
AF416471.1,Alphasatellitidae
AF418294.1,Spinareoviridae
AF418296.1,Spinareoviridae
AF418297.1,Spinareoviridae
AF418298.1,Spinareoviridae
AF418299.1,Spinareoviridae
AF418301.1,Spinareoviridae
AF418302.1,Spinareoviridae
AF419318.1,Papillomaviridae
AF427517.1,Arenaviridae
AF428260.1,Paulinoviridae
AF434161.1,Nairoviridae
AF435014.1,Anelloviridae
AF436128.1,Papillomaviridae
AF436130.1,Papillomaviridae
AF438165.1,Poxviridae
AF440570.1,Nimaviridae
AF440571.2,Lipothrixviridae
AF441393.1,Tombusviridae
AF442959.1,Polyomaviridae
AF447397.1,Virgaviridae
AF450318.1,Spinareoviridae
AF450319.1,Spinareoviridae
AF450320.1,Spinareoviridae
AF451898.1,Nudiviridae
AF452449.2,Inoviridae
AF452884.3,Tombusviridae
AF453500.3,Inoviridae
AF454635.1,Caulimoviridae
AF457102.1,Paramyxoviridae
AF457465.1,Papillomaviridae
AF461742.1,Permutotetraviridae
AF473549.1,Partitiviridae
AF473864.1,Rhabdoviridae
AF478169.1,Orthoherpesviridae
AF480884.1,Orthoherpesviridae
AF482758.2,Poxviridae
AF484251.1,Alphaflexiviridae
AF485256.1,Arenaviridae
AF485261.1,Arenaviridae
AF485262.1,Arenaviridae
AF485263.1,Arenaviridae
AF486184.1,Papillomaviridae
AF493143.1,Autotranscriptaviridae
AF498323.1,Papillomaviridae
AF499025.1,Potyviridae
AF499596.1,Baculoviridae
AF499635.1,Picornaviridae
AF499636.1,Picornaviridae
AF499637.1,Picornaviridae
AF499639.1,Picornaviridae
AF499640.1,Picornaviridae
AF499641.1,Picornaviridae
AF499642.1,Picornaviridae
AF499643.1,Picornaviridae
AF499738.1,Potyviridae
AF499925.1,Spinareoviridae
AF499926.1,Spinareoviridae
AF499927.1,Spinareoviridae
AF499928.1,Spinareoviridae
AF502599.1,Papillomaviridae
AF512031.3,Baculoviridae
AF512830.1,Arenaviridae
AF512832.1,Arenaviridae
AF513032.1,Rountreeviridae
AF522874.1,Filoviridae
AF527633.1,Pseudototiviridae
AF531420.1,Papillomaviridae
AF533768.1,Orthoherpesviridae
AF534641.1,Mitoviridae
AF534906.1,Adenoviridae
AF536531.1,Dicistroviridae
AF538686.2,Potyviridae
AF538689.1,Picornaviridae
AF539999.1,Baculoviridae
AF542082.1,Spinareoviridae
AF546702.1,Picornaviridae
AF547984.1,Baculoviridae
AH005614.2,Pseudoviridae
AH009795.2,Spinareoviridae
AJ001691.1,Potyviridae
AJ004930.1,Mitoviridae
AJ005637.1,Hantaviridae
AJ005695.1,Picornaviridae
AJ005966.1,Alphasatellitidae
AJ010697.1,Betaflexiviridae
AJ011099.1,Caliciviridae
AJ011380.1,Picornaviridae
AJ011647.1,Hantaviridae
AJ011649.1,Hantaviridae
AJ012005.1,Virgaviridae
AJ012006.2,Virgaviridae
AJ131403.1,Potyviridae
AJ131569.1,Hepadnaviridae
AJ131571.1,Hepadnaviridae
AJ131573.1,Hepadnaviridae
AJ131574.1,Hepadnaviridae
AJ132180.1,Nanoviridae
AJ132183.1,Nanoviridae
AJ132268.1,Potyviridae
AJ132269.1,Potyviridae
AJ132344.1,Alphasatellitidae
AJ132576.1,Virgaviridae
AJ132577.1,Virgaviridae
AJ132579.1,Virgaviridae
AJ132755.1,Mitoviridae
AJ132756.1,Mitoviridae
AJ133521.1,Metaviridae
AJ223596.1,Virgaviridae
AJ223597.1,Virgaviridae
AJ223598.1,Virgaviridae
AJ225173.1,Picornaviridae
AJ238373.1,Papillomaviridae
AJ238493.1,Alphasatellitidae
AJ238607.1,Virgaviridae
AJ242984.1,Flaviviridae
AJ243719.1,Virgaviridae
AJ243766.2,Potyviridae
AJ249939.1,Caliciviridae
AJ251805.1,Autotranscriptaviridae
AJ251937.1,Hepadnaviridae
AJ270057.1,Microviridae
AJ271965.2,Coronaviridae
AJ272327.1,Bromoviridae
AJ272328.2,Bromoviridae
AJ272329.1,Bromoviridae
AJ277091.1,Caulimoviridae
AJ277435.1,Secoviridae
AJ277556.1,Virgaviridae
AJ278875.1,Secoviridae
AJ290434.1,Nanoviridae
AJ292226.1,Betaflexiviridae
AJ292230.1,Alphaflexiviridae
AJ293568.1,Poxviridae
AJ293984.1,Spinareoviridae
AJ295948.1,Virgaviridae
AJ296311.1,Potyviridae
AJ297628.1,Potyviridae
AJ298033.1,Potyviridae
AJ299445.1,Flaviviridae
AJ301633.2,Circoviridae
AJ304456.1,Circoviridae
AJ306719.1,Potyviridae
AJ307057.1,Potyviridae
AJ309022.1,Tymoviridae
AJ311524.1,Bornaviridae
AJ311875.1,Secoviridae
AJ312437.1,Potyviridae
AJ316085.1,Alphaflexiviridae
AJ318061.1,Betaflexiviridae
AJ318471.1,Autotranscriptaviridae
AJ344259.1,Rudiviridae
AJ400628.2,Papillomaviridae
AJ409145.1,Spinareoviridae
AJ409146.1,Spinareoviridae
AJ409147.1,Spinareoviridae
AJ409148.1,Spinareoviridae
AJ410616.1,Hantaviridae
AJ410617.1,Hantaviridae
AJ410618.2,Hantaviridae
AJ414696.1,Rudiviridae
AJ416153.1,Alphasatellitidae
AJ428554.1,Closteroviridae
AJ428555.1,Closteroviridae
AJ437279.1,Potyviridae
AJ437280.1,Potyviridae
AJ440010.1,Closteroviridae
AJ441111.1,Hepadnaviridae
AJ459382.1,Birnaviridae
AJ459383.1,Birnaviridae
AJ489744.2,Iflaviridae
AJ493062.2,Picornaviridae
AJ507388.2,Potyviridae
AJ507799.2,Orthoherpesviridae
AJ508757.2,Closteroviridae
AJ510223.1,Potyviridae
AJ512960.1,Alphasatellitidae
AJ516059.1,Betaflexiviridae
AJ544579.1,Retroviridae
AJ557128.1,Closteroviridae
AJ557129.1,Closteroviridae
AJ557804.1,Tombusviridae
AJ567472.1,Ungulaviridae
AJ579359.1,Alphasatellitidae
AJ580095.1,Potyviridae
AJ581528.1,Potyviridae
AJ581750.1,Orthoherpesviridae
AJ581751.1,Orthoherpesviridae
AJ581752.1,Orthoherpesviridae
AJ581753.1,Orthoherpesviridae
AJ604530.1,Demerecviridae
AJ607402.1,Tombusviridae
AJ607403.1,Tombusviridae
AJ608206.1,Solemoviridae
AJ608288.1,Paramyxoviridae
AJ620205.1,Papillomaviridae
AJ620208.1,Papillomaviridae
AJ620209.1,Papillomaviridae
AJ620210.1,Papillomaviridae
AJ620300.1,Betaflexiviridae
AJ621357.1,Secoviridae
AJ622822.1,Birnaviridae
AJ697969.1,Chimalliviridae
AJ749657.1,Virgaviridae
AJ781003.1,Caulimoviridae
AJ781165.1,Chrysoviridae
AJ781166.1,Chrysoviridae
AJ781168.1,Partitiviridae
AJ781397.1,Chrysoviridae
AJ781398.1,Chrysoviridae
AJ781401.1,Partitiviridae
AJ810084.2,Rhabdoviridae
AJ844470.1,Caliciviridae
AJ849636.2,Paramyxoviridae
AJ851866.1,Potyviridae
AJ854042.1,Lipothrixviridae
AJ854486.1,Adenoviridae
AJ863509.1,Betaflexiviridae
AJ867490.1,Solemoviridae
AJ867584.2,Rhabdoviridae
AJ875026.1,Rudiviridae
AJ877914.1,Endornaviridae
AJ888457.1,Bicaudaviridae
AJ889867.1,Potyviridae
AJ890348.1,Potyviridae
AJ890364.1,Phycodnaviridae
AJ920335.1,Birnaviridae
AJ920336.1,Birnaviridae
AJ969242.1,Plectroviridae
AM039800.1,Potyviridae
AM040148.1,Partitiviridae
AM040673.1,Inoviridae
AM040955.1,Virgaviridae
AM084415.1,Autosignataviridae
AM087121.2,Lipothrixviridae
AM087122.1,Lipothrixviridae
AM087123.2,Lipothrixviridae
AM087202.1,Partitiviridae
AM087548.1,Mitoviridae
AM087549.1,Mitoviridae
AM087550.1,Mitoviridae
AM087671.2,Secoviridae
AM111096.3,Phlegiviridae
AM156909.1,Drexlerviridae
AM157175.1,Potyviridae
AM158439.1,Betaflexiviridae
AM158908.1,Potyviridae
AM181350.1,Potyviridae
AM182028.1,Potyviridae
AM182569.2,Betaflexiviridae
AM183667.1,Autotranscriptaviridae
AM184113.1,Potyviridae
AM236765.1,Alphasatellitidae
AM398436.1,Virgaviridae
AM398843.1,Ascoviridae
AM419438.1,Graaviviridae
AM493895.2,Betaflexiviridae
AM711119.2,Tombusviridae
AM712239.1,Asfarviridae
AM712240.1,Asfarviridae
AM745758.1,Alphaflexiviridae
AM748741.2,Polyomaviridae
AM749299.1,Adenoviridae
AM749441.1,Mesyanzhinovviridae
AM749493.1,Alphasatellitidae
AM774001.1,Potyviridae
AM920542.1,Betaflexiviridae
AM940437.1,Solemoviridae
AM941711.6,Fimoviridae
AM990928.1,Solemoviridae
AM998806.1,Hantaviridae
AM998807.1,Hantaviridae
AM999771.1,Partitiviridae
AP006270.1,Baculoviridae
AP010838.1,Orthoherpesviridae
AP010907.1,Baculoviridae
AP011113.1,Straboviridae
AP013029.1,Herelleviridae
AP013055.1,Poxviridae
AP014693.1,Chimalliviridae
AP014927.1,Chimalliviridae
AP017903.1,Suoliviridae
AP017924.1,Chimalliviridae
AP017972.1,Chimalliviridae
AP018374.1,Adenoviridae
AP018495.1,Mamonoviridae
AP018714.1,Herelleviridae
AP018815.1,Lindbergviridae
AP018932.1,Straboviridae
AP019535.1,Lindbergviridae
AP019559.1,Demerecviridae
AP024483.1,Mimiviridae
AR101858.1,Adenoviridae
AUXO017923253.1,Ruviroviridae
AX025718.1,Anelloviridae
AX025830.1,Anelloviridae
AY004291.2,Solemoviridae
AY007231.1,Tombusviridae
AY012687.1,Arenaviridae
AY016208.1,Pseudoviridae
AY017339.1,Secoviridae
AY027810.2,Potyviridae
AY027935.1,Peduoviridae
AY029520.1,Spinareoviridae
AY029521.1,Spinareoviridae
AY032605.1,Caliciviridae
AY032882.1,Parvoviridae
AY033435.1,Parvoviridae
AY033436.1,Partitiviridae
AY034425.1,Cystoviridae
AY037858.1,Orthoherpesviridae
AY038066.2,Tombusviridae
AY038068.2,Tombusviridae
AY038069.2,Tombusviridae
AY039807.1,Cystoviridae
AY040531.1,Tymoviridae
AY043265.1,Baculoviridae
AY048850.2,Simuloviridae
AY055762.1,Alphaflexiviridae
AY057109.1,Papillomaviridae
AY064708.1,Picornaviridae
AY072921.2,Betaflexiviridae
AY077832.1,Poxviridae
AY077835.1,Poxviridae
AY082891.1,Caliciviridae
AY089993.1,Partitiviridae
AY090454.1,Hepadnaviridae
AY095314.2,Zobellviridae
AY100482.1,Tombusviridae
AY112735.1,Potyviridae
AY123041.1,Hepadnaviridae
AY129247.1,Arenaviridae
AY129248.1,Arenaviridae
AY135486.1,Peduoviridae
AY135739.1,Peduoviridae
AY137775.1,Virgaviridae
AY140894.1,Polyomaviridae
AY141760.2,Paramyxoviridae
AY145471.1,Baculoviridae
AY147187.1,Spinareoviridae
AY147260.2,Alphaflexiviridae
AY157993.1,Secoviridae
AY157994.1,Secoviridae
AY163248.1,Spinareoviridae
AY163756.1,Adenoviridae
AY163842.1,Tombusviridae
AY166866.1,Potyviridae
AY167578.1,Spinareoviridae
AY170317.1,Orthoherpesviridae
AY172454.1,Mitoviridae
AY179509.1,Astroviridae
AY189948.2,Parvoviridae
AY193805.1,Flaviviridae
AY196904.1,Flaviviridae
AY197700.1,Ascoviridae
AY206394.2,Potyviridae
AY208120.2,Picornaviridae
AY212251.1,Rountreeviridae
AY216502.2,Arenaviridae
AY216514.2,Arenaviridae
AY216517.2,Arenaviridae
AY225133.1,Phycodnaviridae
AY225134.1,Phycodnaviridae
AY225135.2,Phycodnaviridae
AY225140.1,Phycodnaviridae
AY225141.1,Phycodnaviridae
AY225147.1,Phycodnaviridae
AY228235.2,Caliciviridae
AY228555.1,Circoviridae
AY237111.1,Peribunyaviridae
AY242077.1,Closteroviridae
AY242078.1,Closteroviridae
AY242528.1,Inoviridae
AY243312.1,Poxviridae
AY247204.1,Partitiviridae
AY247822.1,Autotranscriptaviridae
AY251033.1,Peduoviridae
AY257527.1,Tectiviridae
AY260756.1,Partitiviridae
AY261359.1,Orthoherpesviridae
AY261360.1,Asfarviridae
AY261361.1,Asfarviridae
AY261362.1,Asfarviridae
AY261363.1,Asfarviridae
AY261365.1,Asfarviridae
AY266303.2,Straboviridae
AY274119.3,Coronaviridae
AY275710.1,Dicistroviridae
AY277888.1,Spinareoviridae
AY277889.1,Spinareoviridae
AY277890.1,Spinareoviridae
AY283928.2,Straboviridae
AY286409.1,Paramyxoviridae
AY288927.2,Autosignataviridae
AY291207.1,Secoviridae
AY291208.1,Secoviridae
AY302539.1,Picornaviridae
AY302540.1,Picornaviridae
AY302541.1,Picornaviridae
AY302542.1,Picornaviridae
AY302543.1,Picornaviridae
AY302544.1,Picornaviridae
AY302546.1,Picornaviridae
AY302547.1,Picornaviridae
AY302548.1,Picornaviridae
AY302550.1,Picornaviridae
AY302552.1,Picornaviridae
AY302553.1,Picornaviridae
AY302554.1,Picornaviridae
AY302555.1,Picornaviridae
AY302556.1,Picornaviridae
AY302557.1,Picornaviridae
AY302558.1,Picornaviridae
AY302560.1,Picornaviridae
AY303349.1,Straboviridae
AY303787.1,Secoviridae
AY303788.1,Secoviridae
AY307099.1,Hypoviridae
AY308796.1,Drexlerviridae
AY318871.1,Poxviridae
AY319521.1,Peduoviridae
AY323490.1,Flaviviridae
AY327402.2,Baculoviridae
AY330918.2,Closteroviridae
AY330919.2,Closteroviridae
AY337486.1,Marnaviridae
AY342390.1,Arenaviridae
AY343333.1,Straboviridae
AY349010.1,Parvoviridae
AY349019.1,Baculoviridae
AY357582.2,Casjensviridae
AY357730.1,Spinareoviridae
AY357732.1,Spinareoviridae
AY357733.1,Spinareoviridae
AY358021.2,Arenaviridae
AY358022.2,Arenaviridae
AY358024.2,Arenaviridae
AY358026.2,Arenaviridae
AY363179.1,Hantaviridae
AY363727.1,Secoviridae
AY365064.1,Iflaviridae
AY366207.2,Alphaflexiviridae
AY366209.1,Alphaflexiviridae
AY370674.1,Autosignataviridae
AY370762.1,Fuselloviridae
AY372243.1,Orthoherpesviridae
AY374414.2,Inoviridae
AY377938.1,Potyviridae
AY380826.1,Iridoviridae
AY386264.1,Poxviridae
AY386265.1,Poxviridae
AY386330.1,Parvoviridae
AY386371.1,Poxviridae
AY388628.1,Fuselloviridae
AY388995.1,Potyviridae
AY389361.2,Nairoviridae
AY395706.1,Papillomaviridae
AY421760.1,Picornaviridae
AY421761.1,Picornaviridae
AY421762.1,Picornaviridae
AY421763.1,Picornaviridae
AY421764.1,Picornaviridae
AY421765.1,Picornaviridae
AY421766.1,Picornaviridae
AY421768.1,Picornaviridae
AY422070.1,Closteroviridae
AY423772.1,Fuselloviridae
AY426531.1,Picornaviridae
AY427798.1,Tobaniviridae
AY430810.1,Baculoviridae
AY437609.1,Potyviridae
AY446894.2,Orthoherpesviridae
AY453411.1,Flaviviridae
AY461421.1,Betaflexiviridae
AY462106.1,Picornaviridae
AY485276.1,Potyviridae
AY487947.1,Adenoviridae
AY488137.2,Closteroviridae
AY488138.2,Closteroviridae
AY493509.1,Caulimoviridae
AY494081.1,Arenaviridae
AY494853.1,Hepadnaviridae
AY495969.1,Adenoviridae
AY496069.1,Bromoviridae
AY500236.1,Bromoviridae
AY500237.1,Bromoviridae
AY500238.1,Bromoviridae
AY500881.1,Tombusviridae
AY500882.1,Tombusviridae
AY500886.1,Tombusviridae
AY509253.2,Malacoherpesviridae
AY521625.1,Iridoviridae
AY528864.1,Orthoherpesviridae
AY530876.1,Adenoviridae
AY530877.1,Adenoviridae
AY530878.1,Adenoviridae
AY532606.1,Iridoviridae
AY533037.2,Fusariviridae
AY533038.1,Partitiviridae
AY535004.1,Hepeviridae
AY535016.1,Aspiviridae
AY541039.1,Tombusviridae
AY543070.1,Demerecviridae
AY548484.1,Iridoviridae
AY556057.1,Picornaviridae
AY556070.1,Picornaviridae
AY561500.1,Pseudototiviridae
AY563023.1,Picornaviridae
AY563040.2,Fimoviridae
AY567487.2,Coronaviridae
AY569307.1,Turriviridae
AY570982.3,Artiviridae
AY576273.1,Mesyanzhinovviridae
AY578085.1,Potyviridae
AY593726.1,Peribunyaviridae
AY593727.1,Peribunyaviridae
AY593731.1,Peribunyaviridae
AY593752.1,Picornaviridae
AY593805.1,Picornaviridae
AY593829.1,Picornaviridae
AY593849.1,Picornaviridae
AY594353.1,Alphatetraviridae
AY597011.2,Coronaviridae
AY598782.1,Adenoviridae
AY601633.1,Adenoviridae
AY603052.1,Partitiviridae
AY607587.1,Spinareoviridae
AY609301.1,Papillomaviridae
AY613852.2,Tombusviridae
AY613950.1,Coronaviridae
AY615211.1,Partitiviridae
AY616760.1,Tombusviridae
AY618417.1,Rhabdoviridae
AY618418.1,Rhabdoviridae
AY622943.1,Parvoviridae
AY623626.1,Potyviridae
AY623627.1,Potyviridae
AY626825.4,Potyviridae
AY632536.4,Flaviviridae
AY632539.4,Flaviviridae
AY632540.2,Flaviviridae
AY632541.4,Flaviviridae
AY634314.1,Dicistroviridae
AY640317.1,Pneumoviridae
AY642590.1,Potyviridae
AY651850.1,Circoviridae
AY654892.1,Aspiviridae
AY656816.1,Potyviridae
AY665654.1,Parvoviridae
AY665713.1,Orthoherpesviridae
AY666015.1,Iridoviridae
AY666122.2,Anelloviridae
AY675353.1,Hantaviridae
AY682195.1,Herelleviridae
AY684126.1,Papillomaviridae
AY685218.1,Potyviridae
AY686718.1,Tospoviridae
AY689436.1,Poxviridae
AY695933.1,Solemoviridae
AY697300.1,Potyviridae
AY697458.1,Picornaviridae
AY697459.1,Picornaviridae
AY697460.1,Picornaviridae
AY699705.1,Aliceevansviridae
AY700211.1,Coronaviridae
AY701338.1,Tectiviridae
AY705784.1,Partitiviridae
AY707771.1,Bromoviridae
AY707772.1,Bromoviridae
AY713379.1,Betaflexiviridae
AY714348.1,Inoviridae
AY714813.1,Orthoherpesviridae
AY722648.1,Papillomaviridae
AY722806.1,Globuloviridae
AY729016.1,Pneumoviridae
AY730274.2,Sarkviridae
AY737797.1,Adenoviridae
AY737798.1,Adenoviridae
AY738336.1,Partitiviridae
AY743591.2,Bromoviridae
AY750155.1,Caulimoviridae
AY751737.1,Partitiviridae
AY751777.1,Tymoviridae
AY751780.1,Tymoviridae
AY751783.1,Picornaviridae
AY763115.1,Papillomaviridae
AY771780.1,Adenoviridae
AY772169.1,Arenaviridae
AY772170.1,Arenaviridae
AY776335.2,Closteroviridae
AY780919.1,Birnaviridae
AY780926.1,Birnaviridae
AY781152.3,Flaviviridae
AY789137.1,Tymoviridae
AY789138.1,Alphaflexiviridae
AY792620.1,Closteroviridae
AY803294.1,Adenoviridae
AY805074.1,Caulimoviridae
AY823991.1,Anelloviridae
AY830918.1,Tombusviridae
AY839756.1,Orthoherpesviridae
AY840978.1,Rhabdoviridae
AY842951.1,Retroviridae
AY843297.1,Picornaviridae
AY843299.1,Picornaviridae
AY843301.1,Picornaviridae
AY843303.1,Picornaviridae
AY843304.1,Picornaviridae
AY843305.1,Picornaviridae
AY843306.1,Picornaviridae
AY843307.1,Picornaviridae
AY843308.1,Picornaviridae
AY847350.1,Arenaviridae
AY847351.1,Arenaviridae
AY848689.1,Tectiviridae
AY857869.1,Phycodnaviridae
AY861351.2,Potyviridae
AY863024.1,Alphaflexiviridae
AY864330.1,Baculoviridae
AY867502.1,Tospoviridae
AY875648.1,Adenoviridae
AY881628.1,Closteroviridae
AY884005.1,Tymoviridae
AY894343.1,Iridoviridae
AY900001.1,Paramyxoviridae
AY903447.1,Closteroviridae
AY903448.1,Closteroviridae
AY904722.1,Papillomaviridae
AY904723.1,Papillomaviridae
AY904724.1,Papillomaviridae
AY912055.1,Potyviridae
AY924390.1,Arenaviridae
AY924391.1,Arenaviridae
AY924393.1,Arenaviridae
AY924395.1,Arenaviridae
AY939844.2,Kyanoviridae
AY940168.2,Kyanoviridae
AY949771.1,Flaviviridae
AY954248.1,Potyviridae
AY954969.1,Herelleviridae
AY954970.1,Herelleviridae
AY956384.1,Solemoviridae
AY956402.1,Papillomaviridae
AY967407.1,Straboviridae
AY994084.1,Potyviridae
BD171712.1,Potyviridae
BK005918.1,Paramyxoviridae
BK010347.1,Amalgaviridae
BK010348.1,Amalgaviridae
BK010423.1,Mitoviridae
BK010425.1,Mitoviridae
BK010426.1,Mitoviridae
BK010427.1,Mitoviridae
BK010428.1,Mitoviridae
BK010429.1,Mitoviridae
BK010471.1,Intestiviridae
BK010890.1,Eupolintoviridae
BK011003.1,Eupolintoviridae
BK013145.1,Solemoviridae
BK013325.1,Secoviridae
BK013337.1,Simuloviridae
BK013338.1,Simuloviridae
BK013355.1,Fiersviridae
BK013357.1,Fiersviridae
BK013358.1,Fiersviridae
BK013359.1,Blumeviridae
BK013360.1,Blumeviridae
BK013361.1,Fiersviridae
BK013362.1,Blumeviridae
BK013364.1,Blumeviridae
BK013365.1,Fiersviridae
BK013366.1,Fiersviridae
BK013367.1,Fiersviridae
BK013370.1,Steitzviridae
BK013373.1,Atkinsviridae
BK013374.1,Fiersviridae
BK013376.1,Fiersviridae
BK013377.1,Fiersviridae
BK013378.1,Fiersviridae
BK013379.1,Steitzviridae
BK013381.1,Steitzviridae
BK013382.1,Fiersviridae
BK013383.1,Steitzviridae
BK013384.1,Steitzviridae
BK013385.1,Steitzviridae
BK013387.1,Steitzviridae
BK013388.1,Steitzviridae
BK013389.1,Steitzviridae
BK013390.1,Fiersviridae
BK013391.1,Steitzviridae
BK013392.1,Atkinsviridae
BK013393.1,Steitzviridae
BK013394.1,Steitzviridae
BK013395.1,Fiersviridae
BK013396.1,Steitzviridae
BK013398.1,Steitzviridae
BK013399.1,Steitzviridae
BK013400.1,Steitzviridae
BK013401.1,Steitzviridae
BK013402.1,Steitzviridae
BK013403.1,Atkinsviridae
BK013405.1,Fiersviridae
BK013406.1,Fiersviridae
BK013407.1,Steitzviridae
BK013408.1,Steitzviridae
BK013411.1,Steitzviridae
BK013413.1,Steitzviridae
BK013414.1,Atkinsviridae
BK013415.1,Fiersviridae
BK013417.1,Steitzviridae
BK013418.1,Steitzviridae
BK013419.1,Steitzviridae
BK013420.1,Atkinsviridae
BK013421.1,Atkinsviridae
BK013423.1,Steitzviridae
BK013424.1,Steitzviridae
BK013426.1,Steitzviridae
BK013427.1,Fiersviridae
BK013429.1,Fiersviridae
BK013430.1,Steitzviridae
BK013431.1,Steitzviridae
BK013432.1,Steitzviridae
BK013433.1,Fiersviridae
BK013435.1,Steitzviridae
BK013436.1,Fiersviridae
BK013437.1,Fiersviridae
BK013439.1,Steitzviridae
BK013440.1,Fiersviridae
BK013442.1,Fiersviridae
BK013443.1,Steitzviridae
BK013446.1,Steitzviridae
BK013447.1,Steitzviridae
BK013448.1,Atkinsviridae
BK013449.1,Steitzviridae
BK013450.1,Steitzviridae
BK013451.1,Steitzviridae
BK013452.1,Steitzviridae
BK013453.1,Fiersviridae
BK013454.1,Steitzviridae
BK013455.1,Steitzviridae
BK013456.1,Atkinsviridae
BK013458.1,Steitzviridae
BK013459.1,Steitzviridae
BK013460.1,Blumeviridae
BK013461.1,Steitzviridae
BK013463.1,Steitzviridae
BK013464.1,Fiersviridae
BK013466.1,Steitzviridae
BK013467.1,Steitzviridae
BK013468.1,Steitzviridae
BK013469.1,Atkinsviridae
BK013470.1,Steitzviridae
BK013472.1,Fiersviridae
BK013473.1,Steitzviridae
BK013474.1,Steitzviridae
BK013475.1,Steitzviridae
BK013476.1,Steitzviridae
BK013477.1,Steitzviridae
BK013479.1,Steitzviridae
BK013480.1,Steitzviridae
BK013481.1,Steitzviridae
BK013482.1,Steitzviridae
BK013484.1,Steitzviridae
BK013487.1,Fiersviridae
BK013488.1,Steitzviridae
BK013491.1,Fiersviridae
BK013492.1,Atkinsviridae
BK013493.1,Steitzviridae
BK013494.1,Steitzviridae
BK013495.1,Steitzviridae
BK013496.1,Steitzviridae
BK013497.1,Fiersviridae
BK013498.1,Atkinsviridae
BK013499.1,Steitzviridae
BK013500.1,Steitzviridae
BK013501.1,Steitzviridae
BK013502.1,Atkinsviridae
BK013503.1,Fiersviridae
BK013504.1,Steitzviridae
BK013505.1,Fiersviridae
BK013506.1,Steitzviridae
BK013507.1,Steitzviridae
BK013508.1,Steitzviridae
BK013509.1,Steitzviridae
BK013510.1,Steitzviridae
BK013511.1,Steitzviridae
BK013513.1,Fiersviridae
BK013514.1,Atkinsviridae
BK013515.1,Steitzviridae
BK013516.1,Steitzviridae
BK013519.1,Fiersviridae
BK013521.1,Fiersviridae
BK013522.1,Atkinsviridae
BK013523.1,Steitzviridae
BK013524.1,Atkinsviridae
BK013525.1,Steitzviridae
BK013526.1,Atkinsviridae
BK013527.1,Steitzviridae
BK013528.1,Fiersviridae
BK013529.1,Steitzviridae
BK013530.1,Steitzviridae
BK013531.1,Fiersviridae
BK013534.1,Steitzviridae
BK013538.1,Steitzviridae
BK013539.1,Atkinsviridae
BK013540.1,Steitzviridae
BK013541.1,Steitzviridae
BK013542.1,Steitzviridae
BK013543.1,Steitzviridae
BK013544.1,Steitzviridae
BK013545.1,Atkinsviridae
BK013546.1,Steitzviridae
BK013547.1,Fiersviridae
BK013548.1,Fiersviridae
BK013549.1,Fiersviridae
BK013550.1,Steitzviridae
BK013551.1,Fiersviridae
BK013552.1,Steitzviridae
BK013553.1,Steitzviridae
BK013554.1,Fiersviridae
BK013555.1,Steitzviridae
BK013556.1,Steitzviridae
BK013557.1,Steitzviridae
BK013558.1,Steitzviridae
BK013559.1,Steitzviridae
BK013560.1,Steitzviridae
BK013561.1,Steitzviridae
BK013563.1,Steitzviridae
BK013564.1,Atkinsviridae
BK013565.1,Steitzviridae
BK013566.1,Steitzviridae
BK013567.1,Steitzviridae
BK013568.1,Steitzviridae
BK013569.1,Fiersviridae
BK013570.1,Steitzviridae
BK013571.1,Steitzviridae
BK013573.1,Fiersviridae
BK013574.1,Atkinsviridae
BK013575.1,Blumeviridae
BK013576.1,Steitzviridae
BK013577.1,Fiersviridae
BK013580.1,Fiersviridae
BK013581.1,Fiersviridae
BK013582.1,Fiersviridae
BK013583.1,Fiersviridae
BK013584.1,Blumeviridae
BK013585.1,Fiersviridae
BK013586.1,Blumeviridae
BK013587.1,Blumeviridae
BK013588.1,Steitzviridae
BK013589.1,Steitzviridae
BK013591.1,Steitzviridae
BK013592.1,Fiersviridae
BK013593.1,Fiersviridae
BK013594.1,Fiersviridae
BK013596.1,Steitzviridae
BK013597.1,Fiersviridae
BK013598.1,Fiersviridae
BK013599.1,Steitzviridae
BK013600.1,Steitzviridae
BK013601.1,Steitzviridae
BK013602.1,Fiersviridae
BK013605.1,Fiersviridae
BK013606.1,Fiersviridae
BK013607.1,Atkinsviridae
BK013608.1,Fiersviridae
BK013609.1,Atkinsviridae
BK013611.1,Duinviridae
BK013612.1,Fiersviridae
BK013614.1,Fiersviridae
BK013615.1,Fiersviridae
BK013616.1,Fiersviridae
BK013617.1,Fiersviridae
BK013618.1,Fiersviridae
BK013619.1,Fiersviridae
BK013620.1,Fiersviridae
BK013622.1,Fiersviridae
BK013623.1,Fiersviridae
BK013625.1,Fiersviridae
BK013627.1,Fiersviridae
BK013628.1,Fiersviridae
BK013629.1,Atkinsviridae
BK013630.1,Atkinsviridae
BK013632.1,Steitzviridae
BK013633.1,Blumeviridae
BK013634.1,Blumeviridae
BK013635.1,Fiersviridae
BK013636.1,Fiersviridae
BK013639.1,Steitzviridae
BK013640.1,Fiersviridae
BK013643.1,Fiersviridae
BK013645.1,Fiersviridae
BK013646.1,Fiersviridae
BK013647.1,Steitzviridae
BK013648.1,Steitzviridae
BK013649.1,Fiersviridae
BK013650.1,Fiersviridae
BK013651.1,Fiersviridae
BK013653.1,Atkinsviridae
BK013654.1,Steitzviridae
BK013655.1,Fiersviridae
BK013656.1,Fiersviridae
BK013657.1,Blumeviridae
BK013658.1,Steitzviridae
BK013659.1,Steitzviridae
BK013660.1,Fiersviridae
BK013661.1,Atkinsviridae
BK013662.1,Fiersviridae
BK013664.1,Atkinsviridae
BK013665.1,Fiersviridae
BK013667.1,Fiersviridae
BK013668.1,Steitzviridae
BK013670.1,Steitzviridae
BK013671.1,Steitzviridae
BK013672.1,Fiersviridae
BK013675.1,Blumeviridae
BK013676.1,Fiersviridae
BK013677.1,Fiersviridae
BK013678.1,Steitzviridae
BK013679.1,Fiersviridae
BK013684.1,Atkinsviridae
BK013685.1,Duinviridae
BK013687.1,Fiersviridae
BK013688.1,Fiersviridae
BK013689.1,Steitzviridae
BK013690.1,Steitzviridae
BK013692.1,Fiersviridae
BK013694.1,Steitzviridae
BK013695.1,Atkinsviridae
BK013696.1,Fiersviridae
BK013697.1,Fiersviridae
BK013698.1,Fiersviridae
BK013699.1,Fiersviridae
BK013700.1,Fiersviridae
BK013701.1,Fiersviridae
BK013702.1,Fiersviridae
BK013704.1,Steitzviridae
BK013705.1,Steitzviridae
BK013706.1,Fiersviridae
BK013707.1,Fiersviridae
BK013708.1,Fiersviridae
BK013711.1,Atkinsviridae
BK013712.1,Steitzviridae
BK013713.1,Atkinsviridae
BK013714.1,Fiersviridae
BK013715.1,Blumeviridae
BK013717.1,Blumeviridae
BK013718.1,Fiersviridae
BK013719.1,Fiersviridae
BK013720.1,Fiersviridae
BK013721.1,Fiersviridae
BK013722.1,Fiersviridae
BK013723.1,Steitzviridae
BK013724.1,Fiersviridae
BK013725.1,Fiersviridae
BK013726.1,Atkinsviridae
BK013727.1,Atkinsviridae
BK013729.1,Fiersviridae
BK013730.1,Blumeviridae
BK013731.1,Steitzviridae
BK013732.1,Fiersviridae
BK013733.1,Steitzviridae
BK013734.1,Steitzviridae
BK013736.1,Fiersviridae
BK013737.1,Steitzviridae
BK013738.1,Fiersviridae
BK013739.1,Fiersviridae
BK013740.1,Blumeviridae
BK013741.1,Blumeviridae
BK013742.1,Blumeviridae
BK013743.1,Fiersviridae
BK013745.1,Fiersviridae
BK013746.1,Fiersviridae
BK013747.1,Steitzviridae
BK013748.1,Steitzviridae
BK013749.1,Fiersviridae
BK013750.1,Fiersviridae
BK013751.1,Duinviridae
BK013752.1,Fiersviridae
BK013753.1,Fiersviridae
BK013755.1,Atkinsviridae
BK013756.1,Steitzviridae
BK013757.1,Fiersviridae
BK013758.1,Fiersviridae
BK013759.1,Fiersviridae
BK013760.1,Atkinsviridae
BK013761.1,Atkinsviridae
BK013762.1,Fiersviridae
BK013763.1,Steitzviridae
BK013764.1,Atkinsviridae
BK013765.1,Atkinsviridae
BK013767.1,Fiersviridae
BK013768.1,Atkinsviridae
BK013769.1,Steitzviridae
BK013770.1,Atkinsviridae
BK013771.1,Steitzviridae
BK013772.1,Steitzviridae
BK013773.1,Fiersviridae
BK013775.1,Steitzviridae
BK013777.1,Fiersviridae
BK013778.1,Fiersviridae
BK013780.1,Atkinsviridae
BK013781.1,Atkinsviridae
BK013782.1,Steitzviridae
BK013783.1,Fiersviridae
BK013784.1,Fiersviridae
BK013785.1,Atkinsviridae
BK013786.1,Steitzviridae
BK013787.1,Steitzviridae
BK013788.1,Steitzviridae
BK013789.1,Steitzviridae
BK013790.1,Steitzviridae
BK013794.1,Steitzviridae
BK013796.1,Steitzviridae
BK013797.1,Steitzviridae
BK013798.1,Steitzviridae
BK013799.1,Fiersviridae
BK013800.1,Fiersviridae
BK013801.1,Steitzviridae
BK013802.1,Fiersviridae
BK013803.1,Steitzviridae
BK013805.1,Steitzviridae
BK013806.1,Steitzviridae
BK013807.1,Fiersviridae
BK013808.1,Steitzviridae
BK013809.1,Steitzviridae
BK013810.1,Steitzviridae
BK013813.1,Steitzviridae
BK013814.1,Steitzviridae
BK013815.1,Steitzviridae
BK013816.1,Steitzviridae
BK013817.1,Steitzviridae
BK013818.1,Steitzviridae
BK013819.1,Fiersviridae
BK013821.1,Steitzviridae
BK013822.1,Fiersviridae
BK013824.1,Fiersviridae
BK013825.1,Steitzviridae
BK013826.1,Steitzviridae
BK013827.1,Steitzviridae
BK013828.1,Steitzviridae
BK013830.1,Steitzviridae
BK013831.1,Steitzviridae
BK013832.1,Steitzviridae
BK013833.1,Fiersviridae
BK013834.1,Steitzviridae
BK013836.1,Steitzviridae
BK013837.1,Steitzviridae
BK013838.1,Fiersviridae
BK013839.1,Steitzviridae
BK013840.1,Atkinsviridae
BK013841.1,Steitzviridae
BK013842.1,Steitzviridae
BK013843.1,Steitzviridae
BK013844.1,Steitzviridae
BK013846.1,Fiersviridae
BK013847.1,Fiersviridae
BK013848.1,Steitzviridae
BK013849.1,Fiersviridae
BK013850.1,Steitzviridae
BK013853.1,Steitzviridae
BK013854.1,Fiersviridae
BK013856.1,Fiersviridae
BK013857.1,Steitzviridae
BK013859.1,Fiersviridae
BK013860.1,Steitzviridae
BK013862.1,Fiersviridae
BK013863.1,Fiersviridae
BK013864.1,Steitzviridae
BK013867.1,Steitzviridae
BK013868.1,Steitzviridae
BK013869.1,Steitzviridae
BK013870.1,Steitzviridae
BK013871.1,Steitzviridae
BK013873.1,Steitzviridae
BK013874.1,Steitzviridae
BK013875.1,Atkinsviridae
BK013877.1,Fiersviridae
BK013878.1,Steitzviridae
BK013880.1,Atkinsviridae
BK013881.1,Steitzviridae
BK013882.1,Steitzviridae
BK013883.1,Fiersviridae
BK013884.1,Steitzviridae
BK013885.1,Atkinsviridae
BK013886.1,Steitzviridae
BK013887.1,Steitzviridae
BK013888.1,Atkinsviridae
BK013889.1,Steitzviridae
BK013890.1,Steitzviridae
BK013891.1,Steitzviridae
BK013892.1,Fiersviridae
BK013893.1,Fiersviridae
BK013894.1,Steitzviridae
BK013895.1,Steitzviridae
BK013896.1,Steitzviridae
BK013897.1,Steitzviridae
BK013898.1,Steitzviridae
BK013899.1,Fiersviridae
BK013900.1,Fiersviridae
BK013902.1,Atkinsviridae
BK013903.1,Steitzviridae
BK013905.1,Steitzviridae
BK013906.1,Steitzviridae
BK013907.1,Steitzviridae
BK013908.1,Steitzviridae
BK013910.1,Steitzviridae
BK013912.1,Steitzviridae
BK013914.1,Steitzviridae
BK013915.1,Atkinsviridae
BK013916.1,Fiersviridae
BK013917.1,Steitzviridae
BK013918.1,Fiersviridae
BK013919.1,Steitzviridae
BK013921.1,Fiersviridae
BK013922.1,Steitzviridae
BK013924.1,Steitzviridae
BK013926.1,Steitzviridae
BK013927.1,Steitzviridae
BK013928.1,Steitzviridae
BK013929.1,Fiersviridae
BK013930.1,Steitzviridae
BK013932.1,Steitzviridae
BK013933.1,Fiersviridae
BK013934.1,Atkinsviridae
BK013935.1,Atkinsviridae
BK013937.1,Steitzviridae
BK013938.1,Steitzviridae
BK013939.1,Steitzviridae
BK013940.1,Steitzviridae
BK013941.1,Steitzviridae
BK013942.1,Steitzviridae
BK013943.1,Steitzviridae
BK013944.1,Steitzviridae
BK013946.1,Fiersviridae
BK013947.1,Steitzviridae
BK013948.1,Atkinsviridae
BK013949.1,Atkinsviridae
BK013950.1,Steitzviridae
BK013951.1,Steitzviridae
BK013954.1,Steitzviridae
BK013955.1,Steitzviridae
BK013956.1,Steitzviridae
BK013957.1,Fiersviridae
BK013959.1,Fiersviridae
BK013960.1,Steitzviridae
BK013962.1,Steitzviridae
BK013963.1,Steitzviridae
BK013964.1,Steitzviridae
BK013965.1,Steitzviridae
BK013967.1,Atkinsviridae
BK013968.1,Steitzviridae
BK013970.1,Steitzviridae
BK013971.1,Steitzviridae
BK013973.1,Steitzviridae
BK013975.1,Atkinsviridae
BK013976.1,Steitzviridae
BK013979.1,Steitzviridae
BK013980.1,Steitzviridae
BK013983.1,Fiersviridae
BK013984.1,Steitzviridae
BK013985.1,Steitzviridae
BK013986.1,Fiersviridae
BK013988.1,Steitzviridae
BK013989.1,Steitzviridae
BK013990.1,Fiersviridae
BK013993.1,Steitzviridae
BK013994.1,Steitzviridae
BK013995.1,Fiersviridae
BK013996.1,Fiersviridae
BK013998.1,Steitzviridae
BK013999.1,Steitzviridae
BK014001.1,Steitzviridae
BK014002.1,Atkinsviridae
BK014003.1,Fiersviridae
BK014005.1,Steitzviridae
BK014006.1,Fiersviridae
BK014008.1,Steitzviridae
BK014010.1,Steitzviridae
BK014011.1,Atkinsviridae
BK014012.1,Steitzviridae
BK014015.1,Steitzviridae
BK014017.1,Atkinsviridae
BK014018.1,Steitzviridae
BK014019.1,Steitzviridae
BK014020.1,Steitzviridae
BK014021.1,Fiersviridae
BK014023.1,Steitzviridae
BK014024.1,Steitzviridae
BK014025.1,Steitzviridae
BK014026.1,Steitzviridae
BK014027.1,Steitzviridae
BK014029.1,Steitzviridae
BK014031.1,Steitzviridae
BK014032.1,Steitzviridae
BK014033.1,Steitzviridae
BK014034.1,Steitzviridae
BK014035.1,Steitzviridae
BK014036.1,Fiersviridae
BK014037.1,Fiersviridae
BK014038.1,Steitzviridae
BK014039.1,Atkinsviridae
BK014040.1,Fiersviridae
BK014041.1,Steitzviridae
BK014042.1,Steitzviridae
BK014043.1,Steitzviridae
BK014046.1,Fiersviridae
BK014047.1,Fiersviridae
BK014048.1,Steitzviridae
BK014049.1,Fiersviridae
BK014050.1,Fiersviridae
BK014051.1,Fiersviridae
BK014053.1,Blumeviridae
BK014054.1,Fiersviridae
BK014056.1,Fiersviridae
BK014058.1,Fiersviridae
BK014059.1,Blumeviridae
BK014060.1,Fiersviridae
BK014061.1,Fiersviridae
BK014062.1,Fiersviridae
BK014063.1,Fiersviridae
BK014064.1,Steitzviridae
BK014065.1,Steitzviridae
BK014066.1,Fiersviridae
BK014067.1,Fiersviridae
BK014068.1,Fiersviridae
BK014069.1,Fiersviridae
BK014070.1,Fiersviridae
BK014071.1,Steitzviridae
BK014073.1,Fiersviridae
BK014075.1,Fiersviridae
BK014077.1,Fiersviridae
BK014081.1,Atkinsviridae
BK014082.1,Fiersviridae
BK014084.1,Steitzviridae
BK014087.1,Fiersviridae
BK014089.1,Fiersviridae
BK014090.1,Steitzviridae
BK014093.1,Atkinsviridae
BK014094.1,Atkinsviridae
BK014096.1,Fiersviridae
BK014097.1,Blumeviridae
BK014098.1,Atkinsviridae
BK014100.1,Fiersviridae
BK014101.1,Fiersviridae
BK014102.1,Steitzviridae
BK014103.1,Fiersviridae
BK014104.1,Atkinsviridae
BK014105.1,Fiersviridae
BK014107.1,Steitzviridae
BK014108.1,Steitzviridae
BK014110.1,Atkinsviridae
BK014111.1,Fiersviridae
BK014112.1,Atkinsviridae
BK014113.1,Fiersviridae
BK014114.1,Steitzviridae
BK014115.1,Fiersviridae
BK014116.1,Fiersviridae
BK014117.1,Steitzviridae
BK014118.1,Steitzviridae
BK014120.1,Steitzviridae
BK014121.1,Steitzviridae
BK014122.1,Steitzviridae
BK014123.1,Atkinsviridae
BK014125.1,Fiersviridae
BK014127.1,Fiersviridae
BK014131.1,Steitzviridae
BK014133.1,Steitzviridae
BK014134.1,Fiersviridae
BK014135.1,Steitzviridae
BK014137.1,Steitzviridae
BK014138.1,Steitzviridae
BK014140.1,Atkinsviridae
BK014142.1,Steitzviridae
BK014144.1,Steitzviridae
BK014145.1,Fiersviridae
BK014146.1,Fiersviridae
BK014147.1,Fiersviridae
BK014148.1,Steitzviridae
BK014149.1,Atkinsviridae
BK014151.1,Atkinsviridae
BK014152.1,Steitzviridae
BK014153.1,Fiersviridae
BK014155.1,Fiersviridae
BK014156.1,Atkinsviridae
BK014157.1,Fiersviridae
BK014158.1,Fiersviridae
BK014160.1,Fiersviridae
BK014161.1,Steitzviridae
BK014162.1,Blumeviridae
BK014164.1,Fiersviridae
BK014165.1,Steitzviridae
BK014168.1,Steitzviridae
BK014170.1,Fiersviridae
BK014171.1,Atkinsviridae
BK014172.1,Fiersviridae
BK014173.1,Fiersviridae
BK014174.1,Fiersviridae
BK014177.1,Fiersviridae
BK014179.1,Steitzviridae
BK014180.1,Fiersviridae
BK014181.1,Blumeviridae
BK014182.1,Fiersviridae
BK014183.1,Fiersviridae
BK014185.1,Atkinsviridae
BK014186.1,Fiersviridae
BK014187.1,Steitzviridae
BK014189.1,Steitzviridae
BK014190.1,Fiersviridae
BK014191.1,Fiersviridae
BK014192.1,Atkinsviridae
BK014193.1,Steitzviridae
BK014194.1,Steitzviridae
BK014196.1,Steitzviridae
BK014197.1,Fiersviridae
BK014199.1,Steitzviridae
BK014200.1,Steitzviridae
BK014201.1,Fiersviridae
BK014202.1,Fiersviridae
BK014203.1,Atkinsviridae
BK014206.1,Atkinsviridae
BK014207.1,Fiersviridae
BK014208.1,Fiersviridae
BK014209.1,Atkinsviridae
BK014210.1,Steitzviridae
BK014211.1,Atkinsviridae
BK014212.1,Atkinsviridae
BK014213.1,Steitzviridae
BK014214.1,Atkinsviridae
BK014215.1,Fiersviridae
BK014217.1,Fiersviridae
BK014218.1,Fiersviridae
BK014219.1,Duinviridae
BK014220.1,Fiersviridae
BK014297.1,Rhabdoviridae
BK014298.1,Rhabdoviridae
BK014299.1,Rhabdoviridae
BK014301.1,Rhabdoviridae
BK014302.1,Rhabdoviridae
BK014304.1,Rhabdoviridae
BK014305.1,Rhabdoviridae
BK014307.1,Rhabdoviridae
BK014308.1,Rhabdoviridae
BK014309.1,Rhabdoviridae
BK014310.1,Rhabdoviridae
BK014311.1,Rhabdoviridae
BK014312.1,Rhabdoviridae
BK014313.1,Rhabdoviridae
BK014314.1,Rhabdoviridae
BK014315.1,Rhabdoviridae
BK014316.1,Rhabdoviridae
BK014417.1,Mymonaviridae
BK014571.1,Bornaviridae
BK014572.1,Bornaviridae
BK059209.1,Rhabdoviridae
BK059306.1,Aliusviridae
BK059310.1,Aliusviridae
BK059370.1,Solemoviridae
BK059372.1,Solemoviridae
BK059373.1,Solemoviridae
BK059374.1,Solemoviridae
BK059375.1,Solemoviridae
BK059423.1,Rhabdoviridae
BK059424.1,Rhabdoviridae
BK059662.1,Rhabdoviridae
BK059663.1,Rhabdoviridae
BK059664.1,Rhabdoviridae
BK059675.1,Rhabdoviridae
BK059676.1,Rhabdoviridae
BK059680.1,Rhabdoviridae
BK059681.1,Rhabdoviridae
BK059698.1,Rhabdoviridae
BK059719.1,Nyamiviridae
BK059720.1,Nyamiviridae
BK059721.1,Nyamiviridae
BK059722.1,Nyamiviridae
BK059723.1,Rhabdoviridae
BK059745.1,Rhabdoviridae
BK059746.1,Rhabdoviridae
BK059758.1,Rhabdoviridae
BK059762.1,Nyamiviridae
BK061229.1,Paramyxoviridae
BK061318.1,Secoviridae
BK061322.1,Secoviridae
BK061324.1,Secoviridae
BK061325.1,Secoviridae
BK061326.1,Secoviridae
BK061328.1,Secoviridae
BK061329.1,Secoviridae
BK061330.1,Secoviridae
BK061331.1,Secoviridae
BK061334.1,Secoviridae
BK061335.1,Secoviridae
BK061547.1,Chuviridae
BK061669.1,Chuviridae
BK061670.1,Chuviridae
BK061672.1,Chuviridae
BK061673.1,Chuviridae
BK061731.1,Rhabdoviridae
BK061732.1,Rhabdoviridae
BK061733.1,Rhabdoviridae
BK061734.1,Rhabdoviridae
BK061735.1,Rhabdoviridae
BK061736.1,Rhabdoviridae
BK061737.1,Rhabdoviridae
BK061738.1,Rhabdoviridae
BK061739.1,Rhabdoviridae
BK061740.1,Rhabdoviridae
BK061741.1,Rhabdoviridae
BK061742.1,Rhabdoviridae
BK061743.1,Rhabdoviridae
BK061744.1,Rhabdoviridae
BK061747.1,Rhabdoviridae
BK061748.1,Rhabdoviridae
BK061755.1,Rhabdoviridae
BK061756.1,Rhabdoviridae
BK061757.1,Rhabdoviridae
BK061758.1,Rhabdoviridae
BK061761.1,Rhabdoviridae
BK061763.1,Rhabdoviridae
BK061764.1,Rhabdoviridae
BK061765.1,Rhabdoviridae
BK061766.1,Rhabdoviridae
BK061767.1,Rhabdoviridae
BK061768.1,Rhabdoviridae
BK061769.1,Rhabdoviridae
BK061770.1,Rhabdoviridae
BK061771.1,Rhabdoviridae
BK061772.1,Rhabdoviridae
BK061773.1,Rhabdoviridae
BK061774.1,Rhabdoviridae
BK061775.1,Rhabdoviridae
BK061781.1,Rhabdoviridae
BK061784.1,Rhabdoviridae
BK061785.1,Rhabdoviridae
BK061791.1,Rhabdoviridae
BK061792.1,Rhabdoviridae
BK061793.1,Rhabdoviridae
BK061794.1,Rhabdoviridae
BK061797.1,Rhabdoviridae
BK061798.1,Rhabdoviridae
BK061800.1,Rhabdoviridae
BK061801.1,Rhabdoviridae
BK061802.1,Rhabdoviridae
BK061804.1,Rhabdoviridae
BK061808.1,Rhabdoviridae
BK061813.1,Rhabdoviridae
BK061814.1,Rhabdoviridae
BK061815.1,Rhabdoviridae
BK061816.1,Rhabdoviridae
BK061817.1,Rhabdoviridae
BK061818.1,Rhabdoviridae
BK061819.1,Rhabdoviridae
BK061820.1,Rhabdoviridae
BK061821.1,Rhabdoviridae
BK061822.1,Rhabdoviridae
BK061823.1,Rhabdoviridae
BK061824.1,Rhabdoviridae
BK061825.1,Rhabdoviridae
BK061826.1,Rhabdoviridae
BK062752.1,Skuldviridae
BK062754.1,Phenuiviridae
BK062755.1,Phenuiviridae
BK062756.1,Phenuiviridae
BK062757.1,Phenuiviridae
BK062758.1,Phenuiviridae
BK062943.1,Mymonaviridae
BK062979.1,Secoviridae
BK062980.1,Secoviridae
BK062986.1,Secoviridae
BK062987.1,Secoviridae
BK062989.1,Secoviridae
BK062990.1,Secoviridae
BK062991.1,Secoviridae
BK062992.1,Secoviridae
BK062995.1,Secoviridae
BK062996.1,Secoviridae
BK062997.1,Secoviridae
BK062999.1,Secoviridae
BK063000.1,Secoviridae
BK063001.1,Secoviridae
BK063002.1,Secoviridae
BK063446.1,Pseudototiviridae
BK063517.1,Bornaviridae
BK063518.1,Bornaviridae
BK063519.1,Bornaviridae
BK063657.1,Bornaviridae
BK063658.1,Bornaviridae
BK063676.1,Clermontviridae
BK063677.1,Pigerviridae
BK063678.1,Armatusviridae
BK063679.1,Kairosviridae
BK063680.1,Lutetiaviridae
BK063699.1,Rhabdoviridae
BK064247.1,Rhabdoviridae
BK064248.1,Rhabdoviridae
BK064250.1,Rhabdoviridae
BK064252.1,Rhabdoviridae
BK064253.1,Rhabdoviridae
BK064254.1,Rhabdoviridae
BK064256.1,Rhabdoviridae
BK064262.1,Rhabdoviridae
BK064263.1,Rhabdoviridae
BK064266.1,Rhabdoviridae
BK064267.1,Rhabdoviridae
BK064269.1,Rhabdoviridae
BK064270.1,Rhabdoviridae
BK064271.1,Rhabdoviridae
BK064272.1,Rhabdoviridae
BK064274.1,Rhabdoviridae
BK064276.1,Rhabdoviridae
BK064277.1,Rhabdoviridae
BK064279.1,Rhabdoviridae
BK064280.1,Rhabdoviridae
BK064281.1,Rhabdoviridae
BK064284.1,Rhabdoviridae
BK064285.1,Rhabdoviridae
BK064286.1,Rhabdoviridae
BK064287.1,Rhabdoviridae
BK064288.1,Rhabdoviridae
BK064291.1,Rhabdoviridae
BK064292.1,Rhabdoviridae
BK064294.1,Rhabdoviridae
BK064296.1,Rhabdoviridae
BK064297.1,Rhabdoviridae
BK064298.1,Rhabdoviridae
BK064299.1,Rhabdoviridae
BK064300.1,Rhabdoviridae
BK064301.1,Rhabdoviridae
BK064302.1,Rhabdoviridae
BK064305.1,Rhabdoviridae
BK064306.1,Rhabdoviridae
BK064307.1,Rhabdoviridae
BK064308.1,Rhabdoviridae
BK064309.1,Rhabdoviridae
BK064310.1,Rhabdoviridae
BK064311.1,Rhabdoviridae
BK064312.1,Rhabdoviridae
BK064313.1,Rhabdoviridae
BK064314.1,Rhabdoviridae
BK064315.1,Rhabdoviridae
BK064316.1,Rhabdoviridae
BK064317.1,Rhabdoviridae
BK064318.1,Rhabdoviridae
BK064319.1,Rhabdoviridae
BK064320.1,Rhabdoviridae
BK064321.1,Rhabdoviridae
BK064322.1,Rhabdoviridae
BK064323.1,Rhabdoviridae
BK064325.1,Rhabdoviridae
BK064326.1,Rhabdoviridae
BK064328.1,Rhabdoviridae
BK064329.1,Rhabdoviridae
BK064330.1,Rhabdoviridae
BK064331.1,Rhabdoviridae
BK064332.1,Rhabdoviridae
BK064333.1,Rhabdoviridae
BK064334.1,Rhabdoviridae
BK064335.1,Rhabdoviridae
BK064336.1,Rhabdoviridae
BK064339.1,Rhabdoviridae
BK064340.1,Rhabdoviridae
BK064341.1,Rhabdoviridae
BK064342.1,Rhabdoviridae
BK064343.1,Rhabdoviridae
BK064344.1,Rhabdoviridae
BK064346.1,Rhabdoviridae
BK064347.1,Rhabdoviridae
BK064349.1,Rhabdoviridae
BK064350.1,Rhabdoviridae
BK064351.1,Rhabdoviridae
BK064355.1,Rhabdoviridae
BK064356.1,Rhabdoviridae
BK064357.1,Rhabdoviridae
BK064358.1,Rhabdoviridae
BK064709.1,Secoviridae
BK065154.1,Thalassapleoviridae
BK065155.1,Thalassapleoviridae
BK065157.1,Thalassapleoviridae
BK065158.1,Thalassapleoviridae
BK066403.1,Adenoviridae
BK066448.1,Adenoviridae
BK066631.1,Adenoviridae
BK066675.1,Adenoviridae
BK066828.1,Adenoviridae
BK066905.1,Adenoviridae
BK067782.1,Nipumfusiviridae
BK067784.1,Nipumfusiviridae
BK067785.1,Nipumfusiviridae
BK067786.1,Nipumfusiviridae
BK067787.1,Nipumfusiviridae
BK067788.1,Nipumfusiviridae
BK067789.1,Nipumfusiviridae
BK067792.1,Nipumfusiviridae
BK068089.1,Alisviridae
BK068090.1,Alisviridae
BK068092.1,Alisviridae
BK068093.1,Alisviridae
BK068095.1,Alisviridae
BK068097.1,Nixviridae
BK068098.1,Nixviridae
BK068099.1,Nixviridae
BK068101.1,Nixviridae
BK068104.1,Nixviridae
BK068105.1,Nixviridae
BK068106.1,Nixviridae
BK068107.1,Nixviridae
BK068108.1,Nixviridae
BK068109.1,Nixviridae
BK068110.1,Nixviridae
BK068113.1,Nixviridae
BK068243.1,Usuviridae
BR001666.1,Rhabdoviridae
BR001752.1,Filoviridae
BTCP01000001.1,Soropartitiviridae
BTCP01000004.1,Soropartitiviridae
BX897699.1,Bartogtaviriformidae
CAJDJZ010000002.1,Herelleviridae
CAJDKA010000002.1,Herelleviridae
CASDWV010000002.1,Fiersviridae
CASDWV010000007.1,Steitzviridae
CASDWV010000011.1,Atkinsviridae
CASDWV010000016.1,Fiersviridae
CASDWV010000017.1,Fiersviridae
CASDWV010000019.1,Fiersviridae
CASDWV010000023.1,Steitzviridae
CASDWV010000036.1,Steitzviridae
CASDWV010000039.1,Steitzviridae
CASDWV010000040.1,Steitzviridae
CASDWV010000063.1,Steitzviridae
CASDWV010000071.1,Steitzviridae
CASDWV010000072.1,Steitzviridae
CASDWV010000075.1,Fiersviridae
CASDWV010000076.1,Steitzviridae
CASDWV010000081.1,Steitzviridae
CASDWV010000082.1,Steitzviridae
CASDWV010000089.1,Fiersviridae
CASDWV010000096.1,Steitzviridae
CASDWV010000100.1,Steitzviridae
CASDWV010000104.1,Steitzviridae
CASDWV010000109.1,Steitzviridae
CASDWV010000110.1,Fiersviridae
CASDWV010000115.1,Steitzviridae
CASDWV010000116.1,Steitzviridae
CASDWV010000119.1,Steitzviridae
CASDWV010000121.1,Steitzviridae
CASDWV010000122.1,Fiersviridae
CASDWV010000134.1,Steitzviridae
CASDWV010000151.1,Steitzviridae
CASDWV010000152.1,Fiersviridae
CASDWV010000155.1,Steitzviridae
CASDWV010000162.1,Fiersviridae
CASDWV010000167.1,Atkinsviridae
CASDWV010000175.1,Steitzviridae
CASDWV010000178.1,Steitzviridae
CASDWV010000181.1,Steitzviridae
CASDWV010000187.1,Steitzviridae
CASDWV010000192.1,Steitzviridae
CASDWV010000194.1,Atkinsviridae
CASDWV010000200.1,Steitzviridae
CASDWV010000202.1,Steitzviridae
CASDWV010000204.1,Steitzviridae
CASDWV010000209.1,Steitzviridae
CASDWV010000210.1,Fiersviridae
CASDWV010000211.1,Fiersviridae
CASDWV010000228.1,Steitzviridae
CASDWV010000238.1,Fiersviridae
CASDWV010000243.1,Steitzviridae
CASDWV010000255.1,Steitzviridae
CASDWV010000256.1,Steitzviridae
CASDWV010000257.1,Atkinsviridae
CASDWV010000263.1,Steitzviridae
CASDWV010000265.1,Steitzviridae
CASDWV010000269.1,Steitzviridae
CASDWV010000284.1,Fiersviridae
CASDWV010000287.1,Steitzviridae
CASDWV010000293.1,Steitzviridae
CASDWV010000297.1,Steitzviridae
CASDWV010000301.1,Steitzviridae
CASDWV010000305.1,Fiersviridae
CASDWV010000316.1,Steitzviridae
CASDWV010000318.1,Steitzviridae
CASDWV010000323.1,Atkinsviridae
CASDWV010000325.1,Steitzviridae
CASDWV010000331.1,Steitzviridae
CASDWV010000342.1,Steitzviridae
CASDWV010000343.1,Steitzviridae
CASDWV010000345.1,Fiersviridae
CASDWV010000347.1,Steitzviridae
CASDWV010000348.1,Steitzviridae
CASDWV010000349.1,Blumeviridae
CASDWV010000359.1,Fiersviridae
CASDWV010000364.1,Atkinsviridae
CASDWV010000366.1,Fiersviridae
CASDWV010000372.1,Steitzviridae
CASDWV010000377.1,Steitzviridae
CASDWV010000389.1,Steitzviridae
CASDWV010000391.1,Fiersviridae
CASDWV010000394.1,Fiersviridae
CASDWV010000413.1,Steitzviridae
CASDWV010000415.1,Steitzviridae
CASDWV010000416.1,Steitzviridae
CASDWV010000421.1,Steitzviridae
CASDWV010000422.1,Fiersviridae
CASDWV010000425.1,Fiersviridae
CASDWV010000428.1,Atkinsviridae
CASDWV010000432.1,Steitzviridae
CASDWV010000443.1,Steitzviridae
CASDWV010000448.1,Fiersviridae
CASDWV010000452.1,Fiersviridae
CASDWV010000455.1,Steitzviridae
CASDWV010000457.1,Steitzviridae
CASDWV010000463.1,Fiersviridae
CASDWV010000465.1,Steitzviridae
CASDWV010000475.1,Fiersviridae
CASDWV010000484.1,Fiersviridae
CASDWV010000493.1,Atkinsviridae
CASDWV010000494.1,Fiersviridae
CASDWV010000505.1,Atkinsviridae
CASDWV010000506.1,Steitzviridae
CASDWV010000511.1,Fiersviridae
CASDWV010000515.1,Steitzviridae
CASDWV010000523.1,Steitzviridae
CASDWV010000532.1,Fiersviridae
CASDWV010000539.1,Steitzviridae
CASDWV010000548.1,Steitzviridae
CASDWV010000551.1,Fiersviridae
CASDWV010000556.1,Fiersviridae
CASDWV010000560.1,Fiersviridae
CASDWV010000561.1,Steitzviridae
CASDWV010000563.1,Atkinsviridae
CASDWV010000566.1,Fiersviridae
CASDWV010000567.1,Fiersviridae
CASDWV010000573.1,Fiersviridae
CASDWV010000574.1,Fiersviridae
CASDWV010000576.1,Fiersviridae
CASDWV010000586.1,Fiersviridae
CASDWV010000598.1,Steitzviridae
CASDWV010000599.1,Fiersviridae
CASDWV010000601.1,Steitzviridae
CASDWV010000603.1,Fiersviridae
CASDWV010000608.1,Fiersviridae
CASDWV010000614.1,Steitzviridae
CASDWV010000616.1,Fiersviridae
CASDWV010000622.1,Steitzviridae
CASDWV010000623.1,Steitzviridae
CASDWV010000627.1,Fiersviridae
CASDWV010000639.1,Steitzviridae
CASDWV010000643.1,Fiersviridae
CASDWV010000645.1,Fiersviridae
CASDWV010000660.1,Steitzviridae
CASDWV010000661.1,Steitzviridae
CASDWV010000663.1,Steitzviridae
CASDWV010000669.1,Steitzviridae
CASDWV010000674.1,Steitzviridae
CASDWV010000676.1,Fiersviridae
CASDWV010000677.1,Fiersviridae
CASDWV010000679.1,Atkinsviridae
CASDWV010000681.1,Atkinsviridae
CASDWV010000689.1,Steitzviridae
CASDWV010000695.1,Steitzviridae
CASDWV010000696.1,Steitzviridae
CASDWV010000697.1,Fiersviridae
CASDWV010000705.1,Steitzviridae
CASDWV010000715.1,Steitzviridae
CASDWV010000716.1,Fiersviridae
CASDWV010000726.1,Steitzviridae
CASDWV010000727.1,Atkinsviridae
CASDWV010000730.1,Steitzviridae
CASDWV010000732.1,Steitzviridae
CASDWV010000738.1,Fiersviridae
CASDWV010000742.1,Steitzviridae
CASDWV010000744.1,Fiersviridae
CASDWV010000749.1,Atkinsviridae
CASDWV010000775.1,Steitzviridae
CASDWV010000776.1,Atkinsviridae
CASDWV010000778.1,Steitzviridae
CASDWV010000782.1,Fiersviridae
CASDWV010000783.1,Fiersviridae
CASDWV010000784.1,Steitzviridae
CASDWV010000786.1,Steitzviridae
CASDWV010000791.1,Steitzviridae
CASDWV010000793.1,Steitzviridae
CASDWV010000800.1,Fiersviridae
CASDWV010000802.1,Atkinsviridae
CASDWV010000804.1,Steitzviridae
CASDWV010000806.1,Fiersviridae
CASDWV010000810.1,Fiersviridae
CASDWV010000817.1,Fiersviridae
CASDWV010000821.1,Fiersviridae
CASDWV010000822.1,Steitzviridae
CASDWV010000823.1,Steitzviridae
CASDWV010000830.1,Fiersviridae
CASDWV010000839.1,Atkinsviridae
CASDWV010000842.1,Steitzviridae
CASDWV010000845.1,Steitzviridae
CASDWV010000849.1,Fiersviridae
CASDWV010000854.1,Steitzviridae
CASDWV010000856.1,Steitzviridae
CASDWV010000861.1,Steitzviridae
CASDWV010000864.1,Fiersviridae
CASDWV010000871.1,Atkinsviridae
CASDWV010000879.1,Steitzviridae
CASDWV010000882.1,Steitzviridae
CASDWV010000886.1,Atkinsviridae
CASDWV010000896.1,Fiersviridae
CASDWV010000899.1,Fiersviridae
CASDWV010000902.1,Steitzviridae
CASDWV010000904.1,Atkinsviridae
CASDWV010000906.1,Steitzviridae
CASDWV010000916.1,Steitzviridae
CASDWV010000918.1,Steitzviridae
CASDWV010000923.1,Steitzviridae
CASDWV010000931.1,Fiersviridae
CASDWV010000932.1,Steitzviridae
CASDWV010000936.1,Fiersviridae
CASDWV010000939.1,Steitzviridae
CASDWV010000944.1,Steitzviridae
CASDWV010000947.1,Fiersviridae
CASDWV010000950.1,Atkinsviridae
CASDWV010000956.1,Atkinsviridae
CASDWV010000958.1,Atkinsviridae
CASDWV010000964.1,Atkinsviridae
CASDWV010000970.1,Fiersviridae
CASDWV010000973.1,Fiersviridae
CASDWV010000974.1,Fiersviridae
CASDWV010000980.1,Steitzviridae
CASDWV010000989.1,Steitzviridae
CASDWV010000992.1,Steitzviridae
CASDWV010000995.1,Steitzviridae
CASDWV010001001.1,Steitzviridae
CASDWV010001018.1,Steitzviridae
CASDWV010001020.1,Steitzviridae
CASDWV010001040.1,Fiersviridae
CASDWV010001045.1,Fiersviridae
CASDWV010001048.1,Steitzviridae
CASDWV010001053.1,Atkinsviridae
CASDWV010001056.1,Steitzviridae
CASDWV010001060.1,Fiersviridae
CASDWV010001061.1,Steitzviridae
CASDWV010001072.1,Steitzviridae
CASDWV010001079.1,Steitzviridae
CASDWV010001086.1,Steitzviridae
CASDWV010001087.1,Steitzviridae
CASDWV010001097.1,Steitzviridae
CASDWV010001099.1,Steitzviridae
CASDWV010001100.1,Fiersviridae
CASDWV010001101.1,Steitzviridae
CASDWV010001107.1,Fiersviridae
CASDWV010001115.1,Fiersviridae
CASDWV010001128.1,Fiersviridae
CASDWV010001130.1,Blumeviridae
CASDWV010001132.1,Steitzviridae
CASDWV010001135.1,Steitzviridae
CASDWV010001141.1,Fiersviridae
CASDWV010001148.1,Steitzviridae
CASDWV010001151.1,Steitzviridae
CASDWV010001153.1,Steitzviridae
CASDWV010001154.1,Fiersviridae
CASDWV010001159.1,Fiersviridae
CASDWV010001165.1,Fiersviridae
CASDWV010001175.1,Fiersviridae
CASDWV010001176.1,Atkinsviridae
CASDWV010001184.1,Fiersviridae
CASDWV010001185.1,Steitzviridae
CASDWV010001189.1,Fiersviridae
CASDWV010001191.1,Steitzviridae
CASDWV010001194.1,Steitzviridae
CASDWV010001198.1,Fiersviridae
CASDWV010001209.1,Fiersviridae
CASDWV010001219.1,Fiersviridae
CASDWV010001220.1,Fiersviridae
CASDWV010001221.1,Fiersviridae
CASDWV010001223.1,Fiersviridae
CASDWV010001225.1,Fiersviridae
CASDWV010001227.1,Fiersviridae
CASDWV010001228.1,Steitzviridae
CASDWV010001229.1,Steitzviridae
CASDWV010001231.1,Steitzviridae
CASDWV010001234.1,Fiersviridae
CASDWV010001251.1,Steitzviridae
CASDWV010001255.1,Fiersviridae
CASDWV010001256.1,Atkinsviridae
CASDWV010001259.1,Steitzviridae
CASDWV010001261.1,Fiersviridae
CASDWV010001278.1,Steitzviridae
CASDWV010001280.1,Fiersviridae
CASDWV010001284.1,Fiersviridae
CASDWV010001286.1,Steitzviridae
CASDWV010001299.1,Steitzviridae
CASDWV010001300.1,Atkinsviridae
CASDWV010001305.1,Atkinsviridae
CASDWV010001307.1,Fiersviridae
CASDWV010001308.1,Fiersviridae
CASDWV010001312.1,Fiersviridae
CASDWV010001315.1,Fiersviridae
CASDWV010001321.1,Steitzviridae
CASDWV010001323.1,Steitzviridae
CASDWV010001328.1,Atkinsviridae
CASDWV010001330.1,Steitzviridae
CASDWV010001331.1,Fiersviridae
CASDWV010001332.1,Steitzviridae
CASDWV010001333.1,Atkinsviridae
CASDWV010001340.1,Fiersviridae
CASDWV010001355.1,Fiersviridae
CASDWV010001363.1,Steitzviridae
CASDWV010001367.1,Steitzviridae
CASDWV010001368.1,Steitzviridae
CASDWV010001376.1,Steitzviridae
CASDWV010001381.1,Fiersviridae
CASDWV010001384.1,Atkinsviridae
CASDWV010001395.1,Steitzviridae
CASDWV010001397.1,Steitzviridae
CASDWV010001400.1,Steitzviridae
CASDWV010001402.1,Steitzviridae
CASDWV010001406.1,Fiersviridae
CASDWV010001407.1,Fiersviridae
CASDWV010001409.1,Fiersviridae
CASDWV010001412.1,Atkinsviridae
CASDWV010001417.1,Atkinsviridae
CASDWV010001424.1,Steitzviridae
CASDWV010001428.1,Steitzviridae
CASDWV010001430.1,Steitzviridae
CASDWV010001431.1,Steitzviridae
CASDWV010001434.1,Fiersviridae
CASDWV010001440.1,Steitzviridae
CASDWV010001444.1,Atkinsviridae
CASDWV010001454.1,Atkinsviridae
CASDWV010001461.1,Fiersviridae
CASDWV010001464.1,Atkinsviridae
CASDWV010001466.1,Atkinsviridae
CASDWV010001468.1,Fiersviridae
CASDWV010001469.1,Atkinsviridae
CASDWV010001470.1,Steitzviridae
CASDWV010001474.1,Steitzviridae
CASDWV010001476.1,Fiersviridae
CASDWV010001477.1,Steitzviridae
CASDWV010001478.1,Fiersviridae
CASDWV010001481.1,Steitzviridae
CASDWV010001482.1,Steitzviridae
CASDWV010001484.1,Fiersviridae
CASDWV010001486.1,Steitzviridae
CASDWV010001488.1,Fiersviridae
CASDWV010001489.1,Steitzviridae
CASDWV010001495.1,Steitzviridae
CASDWV010001499.1,Fiersviridae
CASDWV010001500.1,Steitzviridae
CASDWV010001513.1,Steitzviridae
CASDWV010001518.1,Fiersviridae
CASDWV010001521.1,Fiersviridae
CASDWV010001525.1,Steitzviridae
CASDWV010001531.1,Atkinsviridae
CASDWV010001550.1,Fiersviridae
CASDWV010001557.1,Fiersviridae
CASDWV010001560.1,Steitzviridae
CASDWV010001567.1,Fiersviridae
CASDWV010001570.1,Steitzviridae
CASDWV010001576.1,Steitzviridae
CASDWV010001577.1,Fiersviridae
CASDWV010001592.1,Steitzviridae
CASDWV010001593.1,Fiersviridae
CASDWV010001603.1,Steitzviridae
CASDWV010001605.1,Steitzviridae
CASDWV010001610.1,Steitzviridae
CASDWV010001612.1,Fiersviridae
CASDWV010001615.1,Atkinsviridae
CASDWV010001619.1,Fiersviridae
CASDWV010001622.1,Steitzviridae
CASDWV010001623.1,Steitzviridae
CASDWV010001624.1,Steitzviridae
CASDWV010001626.1,Fiersviridae
CASDWV010001629.1,Steitzviridae
CASDWV010001634.1,Fiersviridae
CASDWV010001635.1,Fiersviridae
CASDWV010001636.1,Atkinsviridae
CASDWV010001637.1,Fiersviridae
CASDWV010001645.1,Steitzviridae
CASDWV010001658.1,Steitzviridae
CASDWV010001663.1,Steitzviridae
CASDWV010001666.1,Steitzviridae
CASDWV010001667.1,Steitzviridae
CASDWV010001669.1,Steitzviridae
CASDWV010001670.1,Steitzviridae
CASDWV010001671.1,Steitzviridae
CASDWV010001674.1,Fiersviridae
CASDWV010001682.1,Steitzviridae
CASDWV010001685.1,Steitzviridae
CASDWV010001686.1,Fiersviridae
CASDWV010001703.1,Atkinsviridae
CASDWV010001707.1,Fiersviridae
CASDWV010001710.1,Steitzviridae
CASDWV010001714.1,Steitzviridae
CASDWV010001716.1,Steitzviridae
CASDWV010001720.1,Fiersviridae
CASDWV010001724.1,Steitzviridae
CASDWV010001725.1,Steitzviridae
CASDWV010001727.1,Steitzviridae
CASDWV010001728.1,Steitzviridae
CASDWV010001730.1,Steitzviridae
CASDWV010001732.1,Steitzviridae
CASDWV010001734.1,Steitzviridae
CASDWV010001736.1,Steitzviridae
CASDWV010001737.1,Fiersviridae
CASDWV010001738.1,Fiersviridae
CASDWV010001751.1,Steitzviridae
CASDWV010001754.1,Steitzviridae
CASDWV010001768.1,Fiersviridae
CASDWV010001771.1,Steitzviridae
CASDWV010001773.1,Steitzviridae
CASDWV010001774.1,Steitzviridae
CASDWV010001775.1,Steitzviridae
CASDWV010001778.1,Steitzviridae
CASDWV010001781.1,Fiersviridae
CASDWV010001786.1,Atkinsviridae
CASDWV010001792.1,Fiersviridae
CASDWV010001793.1,Fiersviridae
CASDWV010001802.1,Steitzviridae
CASDWV010001806.1,Fiersviridae
CASDWV010001810.1,Fiersviridae
CASDWV010001811.1,Fiersviridae
CASDWV010001813.1,Steitzviridae
CASDWV010001826.1,Fiersviridae
CASDWV010001827.1,Steitzviridae
CASDWV010001833.1,Atkinsviridae
CASDWV010001835.1,Atkinsviridae
CASDWV010001836.1,Steitzviridae
CASDWV010001837.1,Steitzviridae
CASDWV010001840.1,Atkinsviridae
CASDWV010001841.1,Steitzviridae
CASDWV010001844.1,Atkinsviridae
CASDWV010001847.1,Fiersviridae
CASDWV010001855.1,Steitzviridae
CASDWV010001873.1,Steitzviridae
CASDWV010001878.1,Fiersviridae
CASDWV010001879.1,Atkinsviridae
CASDWV010001884.1,Fiersviridae
CASDWV010001889.1,Atkinsviridae
CASDWV010001904.1,Fiersviridae
CASDWV010001907.1,Fiersviridae
CASDWV010001919.1,Steitzviridae
CASDWV010001921.1,Atkinsviridae
CASDWV010001925.1,Steitzviridae
CASDWV010001926.1,Steitzviridae
CASDWV010001933.1,Steitzviridae
CASDWV010001934.1,Steitzviridae
CASDWV010001938.1,Atkinsviridae
CASDWV010001951.1,Steitzviridae
CASDWV010001952.1,Steitzviridae
CASDWV010001954.1,Fiersviridae
CASDWV010001955.1,Fiersviridae
CASDWV010001960.1,Steitzviridae
CASDWV010001969.1,Fiersviridae
CASDWV010001977.1,Fiersviridae
CASDWV010001978.1,Fiersviridae
CASDWV010001986.1,Steitzviridae
CASDWV010001988.1,Steitzviridae
CASDWV010001989.1,Steitzviridae
CASDWV010001990.1,Steitzviridae
CASDWV010001991.1,Steitzviridae
CASDWV010001993.1,Atkinsviridae
CASDWV010001995.1,Atkinsviridae
CASDWV010001996.1,Atkinsviridae
CASDWV010001999.1,Fiersviridae
CASDWV010002010.1,Steitzviridae
CASDWV010002012.1,Fiersviridae
CASDWV010002013.1,Fiersviridae
CASDWV010002017.1,Steitzviridae
CASDWV010002018.1,Steitzviridae
CASDWV010002023.1,Atkinsviridae
CASDWV010002028.1,Atkinsviridae
CASDWV010002031.1,Atkinsviridae
CASDWV010002038.1,Steitzviridae
CASDWV010002039.1,Steitzviridae
CASDWV010002045.1,Fiersviridae
CASDWV010002046.1,Steitzviridae
CASDWV010002048.1,Steitzviridae
CASDWV010002063.1,Steitzviridae
CASDWV010002064.1,Steitzviridae
CASDWV010002068.1,Fiersviridae
CASDWV010002069.1,Fiersviridae
CASDWV010002070.1,Fiersviridae
CASDWV010002091.1,Steitzviridae
CASDWV010002094.1,Steitzviridae
CASDWV010002098.1,Fiersviridae
CASDWV010002115.1,Steitzviridae
CASDWV010002117.1,Steitzviridae
CASDWV010002124.1,Steitzviridae
CASDWV010002135.1,Fiersviridae
CASDWV010002152.1,Steitzviridae
CASDWV010002153.1,Steitzviridae
CASDWV010002158.1,Atkinsviridae
CASDWV010002159.1,Fiersviridae
CASDWV010002161.1,Steitzviridae
CASDWV010002162.1,Steitzviridae
CASDWV010002164.1,Steitzviridae
CASDWV010002167.1,Steitzviridae
CASDWV010002168.1,Fiersviridae
CASDWV010002169.1,Steitzviridae
CASDWV010002170.1,Steitzviridae
CASDWV010002172.1,Steitzviridae
CASDWV010002173.1,Fiersviridae
CASDWV010002174.1,Atkinsviridae
CASDWV010002175.1,Steitzviridae
CASDWV010002191.1,Steitzviridae
CASDWV010002193.1,Steitzviridae
CASDWV010002196.1,Fiersviridae
CASDWV010002198.1,Steitzviridae
CASDWV010002202.1,Atkinsviridae
CASDWV010002204.1,Steitzviridae
CASDWV010002205.1,Fiersviridae
CASDWV010002212.1,Fiersviridae
CASDWV010002219.1,Steitzviridae
CASDWV010002221.1,Steitzviridae
CASDWV010002227.1,Fiersviridae
CASDWV010002236.1,Steitzviridae
CASDWV010002238.1,Fiersviridae
CASDWV010002243.1,Fiersviridae
CASDWV010002250.1,Fiersviridae
CASDWV010002258.1,Steitzviridae
CASDWV010002265.1,Fiersviridae
CASDWV010002269.1,Fiersviridae
CASDWV010002272.1,Steitzviridae
CASDWV010002273.1,Steitzviridae
CASDWV010002274.1,Steitzviridae
CASDWV010002276.1,Fiersviridae
CASDWV010002286.1,Steitzviridae
CASDWV010002287.1,Fiersviridae
CASDWV010002288.1,Steitzviridae
CASDWV010002293.1,Fiersviridae
CASDWV010002295.1,Fiersviridae
CASDWV010002299.1,Atkinsviridae
CASDWV010002303.1,Fiersviridae
CASDWV010002307.1,Fiersviridae
CASDWV010002308.1,Fiersviridae
CASDWV010002315.1,Steitzviridae
CASDWV010002317.1,Steitzviridae
CASDWV010002318.1,Fiersviridae
CASDWV010002321.1,Steitzviridae
CASDWV010002322.1,Steitzviridae
CASDWV010002323.1,Steitzviridae
CASDWV010002325.1,Steitzviridae
CASDWV010002326.1,Fiersviridae
CASDWV010002328.1,Atkinsviridae
CASDWV010002331.1,Fiersviridae
CASDWV010002333.1,Fiersviridae
CASDWV010002336.1,Atkinsviridae
CASDWV010002342.1,Steitzviridae
CASDWV010002348.1,Fiersviridae
CASDWV010002352.1,Steitzviridae
CASDWV010002355.1,Atkinsviridae
CASDWV010002360.1,Steitzviridae
CASDWV010002375.1,Fiersviridae
CASDWV010002380.1,Fiersviridae
CASDWV010002381.1,Fiersviridae
CASDWV010002382.1,Steitzviridae
CASDWV010002385.1,Fiersviridae
CASDWV010002387.1,Atkinsviridae
CASDWV010002398.1,Fiersviridae
CASDWV010002399.1,Steitzviridae
CASDWV010002403.1,Fiersviridae
CASDWV010002412.1,Atkinsviridae
CASDWV010002415.1,Steitzviridae
CASDWV010002416.1,Fiersviridae
CASDWV010002426.1,Steitzviridae
CASDWV010002430.1,Steitzviridae
CASDWV010002432.1,Steitzviridae
CASDWV010002434.1,Steitzviridae
CASDWV010002439.1,Steitzviridae
CASDWV010002447.1,Fiersviridae
CASDWV010002452.1,Steitzviridae
CASDWV010002456.1,Steitzviridae
CASDWV010002464.1,Steitzviridae
CASDWV010002480.1,Steitzviridae
CASDWV010002484.1,Steitzviridae
CASDWV010002486.1,Steitzviridae
CASDWV010002488.1,Fiersviridae
CASDWV010002493.1,Fiersviridae
CASDWV010002496.1,Fiersviridae
CASDWV010002499.1,Fiersviridae
CASDWV010002501.1,Fiersviridae
CASDWV010002505.1,Steitzviridae
CASDWV010002506.1,Steitzviridae
CASDWV010002512.1,Fiersviridae
CASDWV010002516.1,Fiersviridae
CASDWV010002521.1,Steitzviridae
CASDWV010002525.1,Steitzviridae
CASDWV010002528.1,Atkinsviridae
CASDWV010002533.1,Steitzviridae
CASDWV010002541.1,Fiersviridae
CASDWV010002544.1,Fiersviridae
CASDWV010002548.1,Fiersviridae
CASDWV010002550.1,Fiersviridae
CASDWV010002552.1,Fiersviridae
CASDWV010002553.1,Fiersviridae
CASDWV010002554.1,Fiersviridae
CASDWV010002559.1,Fiersviridae
CASDWV010002566.1,Fiersviridae
CASDWV010002567.1,Steitzviridae
CASDWV010002572.1,Atkinsviridae
CASDWV010002580.1,Fiersviridae
CASDWV010002593.1,Atkinsviridae
CASDWV010002615.1,Steitzviridae
CASDWV010002616.1,Steitzviridae
CASDWV010002634.1,Atkinsviridae
CASDWV010002636.1,Atkinsviridae
CASDWV010002639.1,Fiersviridae
CASDWV010002647.1,Steitzviridae
CASDWV010002651.1,Fiersviridae
CASDWV010002657.1,Steitzviridae
CASDWV010002673.1,Fiersviridae
CASDWV010002675.1,Steitzviridae
CASDWV010002690.1,Steitzviridae
CASDWV010002701.1,Steitzviridae
CASDWV010002702.1,Steitzviridae
CASDWV010002710.1,Fiersviridae
CASDWV010002711.1,Fiersviridae
CASDWV010002717.1,Steitzviridae
CASDWV010002720.1,Steitzviridae
CASDWV010002724.1,Atkinsviridae
CASDWV010002733.1,Steitzviridae
CASDWV010002734.1,Steitzviridae
CASDWV010002738.1,Fiersviridae
CASDWV010002739.1,Atkinsviridae
CASDWV010002748.1,Steitzviridae
CASDWV010002751.1,Steitzviridae
CASDWV010002753.1,Steitzviridae
CASDWV010002754.1,Steitzviridae
CASDWV010002756.1,Steitzviridae
CASDWV010002757.1,Steitzviridae
CASDWV010002758.1,Atkinsviridae
CASDWV010002760.1,Fiersviridae
CASDWV010002765.1,Steitzviridae
CASDWV010002768.1,Fiersviridae
CASDWV010002773.1,Steitzviridae
CASDWV010002779.1,Steitzviridae
CASDWV010002783.1,Fiersviridae
CASDWV010002785.1,Fiersviridae
CASDWV010002788.1,Steitzviridae
CASDWV010002793.1,Steitzviridae
CASDWV010002799.1,Steitzviridae
CASDWV010002815.1,Steitzviridae
CASDWV010002816.1,Fiersviridae
CASDWV010002830.1,Fiersviridae
CASDWV010002838.1,Atkinsviridae
CASDWV010002845.1,Steitzviridae
CASDWV010002849.1,Steitzviridae
CASDWV010002861.1,Fiersviridae
CASDWV010002863.1,Steitzviridae
CASDWV010002867.1,Steitzviridae
CASDWV010002872.1,Steitzviridae
CASDWV010002875.1,Steitzviridae
CASDWV010002880.1,Fiersviridae
CASDWV010002887.1,Atkinsviridae
CASDWV010002890.1,Atkinsviridae
CASDWV010002892.1,Fiersviridae
CASDWV010002894.1,Fiersviridae
CASDWV010002906.1,Steitzviridae
CASDWV010002912.1,Steitzviridae
CASDWV010002915.1,Fiersviridae
CASDWV010002922.1,Steitzviridae
CASDWV010002923.1,Steitzviridae
CASDWV010002926.1,Steitzviridae
CASDWV010002937.1,Steitzviridae
CASDWV010002941.1,Steitzviridae
CASDWV010002943.1,Steitzviridae
CASDWV010002949.1,Fiersviridae
CASDWV010002951.1,Steitzviridae
CASDWV010002959.1,Steitzviridae
CASDWV010002967.1,Fiersviridae
CASDWV010002976.1,Steitzviridae
CASDWV010002982.1,Steitzviridae
CASDWV010002996.1,Steitzviridae
CASDWV010002999.1,Steitzviridae
CASDWV010003010.1,Steitzviridae
CASDWV010003019.1,Steitzviridae
CASDWV010003020.1,Steitzviridae
CASDWV010003025.1,Steitzviridae
CASDWV010003028.1,Fiersviridae
CASDWV010003030.1,Fiersviridae
CASDWV010003034.1,Fiersviridae
CASDWV010003035.1,Fiersviridae
CASDWV010003038.1,Steitzviridae
CASDWV010003041.1,Steitzviridae
CASDWV010003048.1,Fiersviridae
CASDWV010003051.1,Fiersviridae
CASDWV010003055.1,Steitzviridae
CASDWV010003066.1,Fiersviridae
CASDWV010003068.1,Fiersviridae
CASDWV010003070.1,Steitzviridae
CASDWV010003076.1,Steitzviridae
CASDWV010003079.1,Fiersviridae
CASDWV010003084.1,Steitzviridae
CASDWV010003096.1,Steitzviridae
CASDWV010003100.1,Steitzviridae
CASDWV010003101.1,Steitzviridae
CASDWV010003104.1,Steitzviridae
CASDWV010003108.1,Steitzviridae
CASDWV010003123.1,Steitzviridae
CASDWV010003126.1,Steitzviridae
CASDWV010003127.1,Steitzviridae
CASDWV010003129.1,Steitzviridae
CASDWV010003132.1,Atkinsviridae
CASDWV010003133.1,Steitzviridae
CASDWV010003134.1,Fiersviridae
CASDWV010003135.1,Steitzviridae
CASDWV010003145.1,Steitzviridae
CASDWV010003149.1,Fiersviridae
CASDWV010003152.1,Fiersviridae
CASDWV010003161.1,Blumeviridae
CASDWV010003162.1,Blumeviridae
CASDWV010003164.1,Steitzviridae
CASDWV010003165.1,Fiersviridae
CASDWV010003166.1,Atkinsviridae
CASDWV010003175.1,Steitzviridae
CASDWV010003179.1,Steitzviridae
CASDWV010003185.1,Steitzviridae
CASDWV010003186.1,Steitzviridae
CASDWV010003187.1,Atkinsviridae
CASDWV010003188.1,Steitzviridae
CASDWV010003189.1,Steitzviridae
CASDWV010003199.1,Fiersviridae
CASDWV010003201.1,Steitzviridae
CASDWV010003203.1,Fiersviridae
CASDWV010003216.1,Fiersviridae
CASDWV010003222.1,Steitzviridae
CASDWV010003225.1,Fiersviridae
CASDWV010003229.1,Fiersviridae
CASDWV010003243.1,Steitzviridae
CASDWV010003245.1,Atkinsviridae
CASDWV010003255.1,Steitzviridae
CASDWV010003268.1,Steitzviridae
CASDWV010003276.1,Atkinsviridae
CASDWV010003280.1,Steitzviridae
CASDWV010003283.1,Steitzviridae
CASDWV010003287.1,Steitzviridae
CASDWV010003291.1,Steitzviridae
CASDWV010003306.1,Steitzviridae
CASDWV010003307.1,Fiersviridae
CASDWV010003310.1,Steitzviridae
CASDWV010003311.1,Steitzviridae
CASDWV010003312.1,Steitzviridae
CASDWV010003314.1,Fiersviridae
CASDWV010003317.1,Steitzviridae
CASDWV010003318.1,Steitzviridae
CASDWV010003326.1,Steitzviridae
CASDWV010003329.1,Steitzviridae
CASDWV010003330.1,Steitzviridae
CASDWV010003332.1,Steitzviridae
CASDWV010003348.1,Fiersviridae
CASDWV010003352.1,Fiersviridae
CASDWV010003354.1,Fiersviridae
CASDWV010003365.1,Fiersviridae
CASDWV010003373.1,Fiersviridae
CASDWV010003374.1,Fiersviridae
CASDWV010003377.1,Steitzviridae
CASDWV010003378.1,Steitzviridae
CASDWV010003399.1,Atkinsviridae
CASDWV010003403.1,Steitzviridae
CASDWV010003404.1,Steitzviridae
CASDWV010003406.1,Steitzviridae
CASDWV010003407.1,Steitzviridae
CASDWV010003411.1,Steitzviridae
CASDWV010003414.1,Steitzviridae
CASDWV010003416.1,Steitzviridae
CASDWV010003417.1,Steitzviridae
CASDWV010003419.1,Steitzviridae
CASDWV010003422.1,Atkinsviridae
CASDWV010003423.1,Steitzviridae
CASDWV010003429.1,Fiersviridae
CASDWV010003430.1,Steitzviridae
CASDWV010003437.1,Steitzviridae
CASDWV010003439.1,Fiersviridae
CASDWV010003442.1,Fiersviridae
CASDWV010003448.1,Steitzviridae
CASDWV010003449.1,Steitzviridae
CASDWV010003454.1,Steitzviridae
CASDWV010003456.1,Steitzviridae
CASDWV010003464.1,Fiersviridae
CASDWV010003466.1,Fiersviridae
CASDWV010003469.1,Steitzviridae
CASDWV010003472.1,Steitzviridae
CASDWV010003474.1,Fiersviridae
CASDWV010003477.1,Steitzviridae
CASDWV010003486.1,Steitzviridae
CASDWV010003489.1,Fiersviridae
CASDWV010003490.1,Steitzviridae
CASDWV010003492.1,Steitzviridae
CASDWV010003494.1,Fiersviridae
CASDWV010003501.1,Steitzviridae
CASDWV010003502.1,Steitzviridae
CASDWV010003503.1,Fiersviridae
CASDWV010003504.1,Fiersviridae
CASDWV010003515.1,Steitzviridae
CASDWV010003518.1,Steitzviridae
CASDWV010003521.1,Steitzviridae
CASDWV010003525.1,Fiersviridae
CASDWV010003530.1,Steitzviridae
CASDWV010003534.1,Fiersviridae
CASDWV010003539.1,Fiersviridae
CASDWV010003554.1,Fiersviridae
CASDWV010003565.1,Steitzviridae
CASDWV010003567.1,Steitzviridae
CASDWV010003568.1,Steitzviridae
CASDWV010003569.1,Steitzviridae
CASDWV010003570.1,Fiersviridae
CASDWV010003575.1,Steitzviridae
CASDWV010003578.1,Atkinsviridae
CASDWV010003581.1,Steitzviridae
CASDWV010003582.1,Steitzviridae
CASDWV010003587.1,Steitzviridae
CASDWV010003591.1,Steitzviridae
CASDWV010003595.1,Fiersviridae
CASDWV010003602.1,Steitzviridae
CASDWV010003607.1,Steitzviridae
CASDWV010003611.1,Atkinsviridae
CASDWV010003625.1,Fiersviridae
CASDWV010003626.1,Fiersviridae
CASDWV010003635.1,Fiersviridae
CASDWV010003637.1,Steitzviridae
CASDWV010003649.1,Steitzviridae
CASDWV010003656.1,Fiersviridae
CASDWV010003665.1,Steitzviridae
CASDWV010003670.1,Fiersviridae
CASDWV010003671.1,Fiersviridae
CASDWV010003673.1,Fiersviridae
CASDWV010003677.1,Steitzviridae
CASDWV010003682.1,Steitzviridae
CASDWV010003685.1,Steitzviridae
CASDWV010003689.1,Steitzviridae
CASDWV010003695.1,Fiersviridae
CASDWV010003701.1,Steitzviridae
CASDWV010003712.1,Steitzviridae
CASDWV010003715.1,Steitzviridae
CASDWV010003716.1,Steitzviridae
CASDWV010003724.1,Steitzviridae
CASDWV010003726.1,Fiersviridae
CASDWV010003737.1,Atkinsviridae
CASDWV010003741.1,Steitzviridae
CASDWV010003742.1,Steitzviridae
CASDWV010003752.1,Steitzviridae
CASDWV010003753.1,Fiersviridae
CASDWV010003759.1,Atkinsviridae
CASDWV010003763.1,Steitzviridae
CASDWV010003769.1,Fiersviridae
CASDWV010003772.1,Fiersviridae
CASDWV010003773.1,Atkinsviridae
CASDWV010003791.1,Fiersviridae
CASDWV010003801.1,Fiersviridae
CASDWV010003811.1,Fiersviridae
CASDWV010003812.1,Steitzviridae
CASDWV010003815.1,Steitzviridae
CASDWV010003817.1,Steitzviridae
CASDWV010003818.1,Steitzviridae
CASDWV010003820.1,Fiersviridae
CASDWV010003821.1,Atkinsviridae
CASDWV010003826.1,Steitzviridae
CASDWV010003828.1,Fiersviridae
CASDWV010003832.1,Steitzviridae
CASDWV010003833.1,Steitzviridae
CASDWV010003843.1,Steitzviridae
CASDWV010003844.1,Fiersviridae
CASDWV010003848.1,Fiersviridae
CASDWV010003851.1,Steitzviridae
CASDWV010003854.1,Fiersviridae
CASDWV010003859.1,Fiersviridae
CASDWV010003869.1,Fiersviridae
CASDWV010003875.1,Fiersviridae
CASDWV010003881.1,Fiersviridae
CASDWV010003888.1,Fiersviridae
CASDWV010003889.1,Fiersviridae
CASDWV010003897.1,Steitzviridae
CASDWV010003898.1,Steitzviridae
CASDWV010003905.1,Atkinsviridae
CASDWV010003906.1,Steitzviridae
CASDWV010003907.1,Steitzviridae
CASDWV010003917.1,Fiersviridae
CASDWV010003918.1,Fiersviridae
CASDWV010003921.1,Atkinsviridae
CASDWV010003924.1,Atkinsviridae
CASDWV010003930.1,Fiersviridae
CASDWV010003931.1,Fiersviridae
CASDWV010003932.1,Fiersviridae
CASDWV010003943.1,Steitzviridae
CASDWV010003946.1,Fiersviridae
CASDWV010003955.1,Steitzviridae
CASDWV010003956.1,Fiersviridae
CASDWV010003959.1,Steitzviridae
CASDWV010003971.1,Atkinsviridae
CASDWV010003972.1,Steitzviridae
CASDWV010003974.1,Fiersviridae
CASDWV010003978.1,Fiersviridae
CASDWV010003981.1,Steitzviridae
CASDWV010003989.1,Fiersviridae
CASDWV010003991.1,Steitzviridae
CASDWV010003993.1,Steitzviridae
CASDWV010004002.1,Fiersviridae
CASDWV010004005.1,Fiersviridae
CASDWV010004006.1,Fiersviridae
CASDWV010004011.1,Fiersviridae
CASDWV010004017.1,Steitzviridae
CASDWV010004024.1,Steitzviridae
CASDWV010004033.1,Fiersviridae
CASDWV010004040.1,Steitzviridae
CASDWV010004043.1,Atkinsviridae
CASDWV010004046.1,Steitzviridae
CASDWV010004053.1,Steitzviridae
CASDWV010004058.1,Steitzviridae
CASDWV010004067.1,Atkinsviridae
CASDWV010004068.1,Steitzviridae
CASDWV010004077.1,Steitzviridae
CASDWV010004095.1,Atkinsviridae
CASDWV010004097.1,Fiersviridae
CASDWV010004116.1,Fiersviridae
CASDWV010004123.1,Steitzviridae
CASDWV010004138.1,Fiersviridae
CASDWV010004152.1,Steitzviridae
CASDWV010004154.1,Steitzviridae
CASDWV010004158.1,Steitzviridae
CASDWV010004159.1,Steitzviridae
CASDWV010004161.1,Fiersviridae
CASDWV010004180.1,Fiersviridae
CASDWV010004181.1,Fiersviridae
CASDWV010004186.1,Steitzviridae
CASDWV010004192.1,Fiersviridae
CASDWV010004195.1,Atkinsviridae
CASDWV010004206.1,Steitzviridae
CASDWV010004215.1,Steitzviridae
CASDWV010004216.1,Atkinsviridae
CASDWV010004218.1,Steitzviridae
CASDWV010004220.1,Fiersviridae
CASDWV010004223.1,Fiersviridae
CASDWV010004227.1,Steitzviridae
CASDWV010004230.1,Fiersviridae
CASDWV010004232.1,Steitzviridae
CASDWV010004239.1,Atkinsviridae
CASDWV010004241.1,Fiersviridae
CASDWV010004242.1,Fiersviridae
CASDWV010004244.1,Fiersviridae
CASDWV010004260.1,Fiersviridae
CASDWV010004262.1,Steitzviridae
CASDWV010004264.1,Steitzviridae
CASDWV010004265.1,Steitzviridae
CASDWV010004271.1,Steitzviridae
CASDWV010004273.1,Steitzviridae
CASDWV010004274.1,Steitzviridae
CASDWV010004276.1,Fiersviridae
CASDWV010004290.1,Fiersviridae
CASDWV010004291.1,Steitzviridae
CASDWV010004292.1,Fiersviridae
CASDWV010004297.1,Steitzviridae
CASDWV010004303.1,Steitzviridae
CASDWV010004308.1,Fiersviridae
CASDWV010004316.1,Fiersviridae
CASDWV010004318.1,Fiersviridae
CASDWV010004323.1,Steitzviridae
CASDWV010004337.1,Atkinsviridae
CASDWV010004338.1,Steitzviridae
CASDWV010004340.1,Steitzviridae
CASDWV010004353.1,Fiersviridae
CASDWV010004354.1,Steitzviridae
CASDWV010004363.1,Steitzviridae
CASDWV010004364.1,Fiersviridae
CASDWV010004376.1,Fiersviridae
CASDWV010004377.1,Steitzviridae
CASDWV010004378.1,Atkinsviridae
CASDWV010004384.1,Steitzviridae
CASDWV010004389.1,Steitzviridae
CASDWV010004390.1,Steitzviridae
CASDWV010004392.1,Steitzviridae
CASDWV010004395.1,Steitzviridae
CASDWV010004412.1,Fiersviridae
CASDWV010004413.1,Steitzviridae
CASDWV010004414.1,Steitzviridae
CASDWV010004416.1,Fiersviridae
CASDWV010004418.1,Fiersviridae
CASDWV010004422.1,Fiersviridae
CASDWV010004425.1,Fiersviridae
CASDWV010004429.1,Atkinsviridae
CASDWV010004440.1,Steitzviridae
CASDWV010004441.1,Fiersviridae
CASDWV010004446.1,Steitzviridae
CASDWV010004460.1,Fiersviridae
CASDWV010004464.1,Fiersviridae
CASDWV010004475.1,Atkinsviridae
CASDWV010004479.1,Steitzviridae
CASDWV010004480.1,Steitzviridae
CASDWV010004482.1,Steitzviridae
CASDWV010004484.1,Fiersviridae
CASDWV010004487.1,Steitzviridae
CASDWV010004489.1,Steitzviridae
CASDWV010004490.1,Steitzviridae
CASDWV010004498.1,Steitzviridae
CASDWV010004501.1,Steitzviridae
CASDWV010004504.1,Steitzviridae
CASDWV010004515.1,Blumeviridae
CASDWV010004523.1,Fiersviridae
CASDWV010004530.1,Steitzviridae
CASDWV010004540.1,Fiersviridae
CASDWV010004548.1,Fiersviridae
CASDWV010004549.1,Steitzviridae
CASDWV010004554.1,Atkinsviridae
CASDWV010004556.1,Steitzviridae
CASDWV010004561.1,Steitzviridae
CASDWV010004564.1,Steitzviridae
CASDWV010004565.1,Steitzviridae
CASDWV010004567.1,Steitzviridae
CASDWV010004568.1,Steitzviridae
CASDWV010004579.1,Steitzviridae
CASDWV010004581.1,Fiersviridae
CASDWV010004586.1,Steitzviridae
CASDWV010004591.1,Atkinsviridae
CASDWV010004596.1,Fiersviridae
CASDWV010004599.1,Fiersviridae
CASDWV010004606.1,Steitzviridae
CASDWV010004615.1,Atkinsviridae
CASDWV010004627.1,Steitzviridae
CASDWV010004629.1,Fiersviridae
CASDWV010004634.1,Fiersviridae
CASDWV010004638.1,Fiersviridae
CASDWV010004641.1,Steitzviridae
CASDWV010004643.1,Atkinsviridae
CASDWV010004645.1,Steitzviridae
CASDWV010004654.1,Steitzviridae
CASDWV010004655.1,Steitzviridae
CASDWV010004662.1,Atkinsviridae
CASDWV010004668.1,Fiersviridae
CASDWV010004670.1,Steitzviridae
CASDWV010004677.1,Steitzviridae
CASDWV010004679.1,Steitzviridae
CASDWV010004688.1,Steitzviridae
CASDWV010004692.1,Fiersviridae
CASDWV010004694.1,Atkinsviridae
CASDWV010004709.1,Atkinsviridae
CASDWV010004714.1,Steitzviridae
CASDWV010004716.1,Fiersviridae
CASDWV010004724.1,Fiersviridae
CASDWV010004727.1,Steitzviridae
CASDWV010004737.1,Steitzviridae
CASDWV010004739.1,Steitzviridae
CASDWV010004744.1,Steitzviridae
CASDWV010004745.1,Steitzviridae
CASDWV010004758.1,Steitzviridae
CASDWV010004767.1,Fiersviridae
CASDWV010004769.1,Fiersviridae
CASDWV010004770.1,Fiersviridae
CASDWV010004771.1,Atkinsviridae
CASDWV010004778.1,Steitzviridae
CASDWV010004780.1,Fiersviridae
CASDWV010004784.1,Steitzviridae
CASDWV010004787.1,Steitzviridae
CASDWV010004790.1,Steitzviridae
CASDWV010004794.1,Steitzviridae
CASDWV010004800.1,Steitzviridae
CASDWV010004802.1,Steitzviridae
CASDWV010004810.1,Steitzviridae
CASDWV010004818.1,Steitzviridae
CASDWV010004820.1,Steitzviridae
CASDWV010004824.1,Atkinsviridae
CASDWV010004828.1,Fiersviridae
CASDWV010004829.1,Steitzviridae
CASDWV010004833.1,Fiersviridae
CASDWV010004834.1,Steitzviridae
CASDWV010004848.1,Atkinsviridae
CASDWV010004850.1,Fiersviridae
CASDWV010004856.1,Atkinsviridae
CASDWV010004862.1,Fiersviridae
CASDWV010004863.1,Steitzviridae
CASDWV010004864.1,Steitzviridae
CASDWV010004876.1,Steitzviridae
CASDWV010004891.1,Steitzviridae
CASDWV010004899.1,Steitzviridae
CASDWV010004902.1,Steitzviridae
CASDWV010004904.1,Steitzviridae
CASDWV010004912.1,Steitzviridae
CASDWV010004920.1,Steitzviridae
CASDWV010004927.1,Fiersviridae
CASDWV010004928.1,Atkinsviridae
CASDWV010004942.1,Fiersviridae
CASDWV010004943.1,Atkinsviridae
CASDWV010004946.1,Fiersviridae
CASDWV010004962.1,Atkinsviridae
CASDWV010004964.1,Steitzviridae
CASDWV010004975.1,Steitzviridae
CASDWV010004978.1,Fiersviridae
CASDWV010004981.1,Steitzviridae
CASDWV010004984.1,Fiersviridae
CASDWV010004996.1,Steitzviridae
CASDWV010005008.1,Fiersviridae
CASDWV010005013.1,Atkinsviridae
CASDWV010005021.1,Atkinsviridae
CASDWV010005031.1,Steitzviridae
CASDWV010005034.1,Steitzviridae
CASDWV010005035.1,Fiersviridae
CASDWV010005042.1,Steitzviridae
CASDWV010005046.1,Steitzviridae
CASDWV010005047.1,Steitzviridae
CASDWV010005048.1,Steitzviridae
CASDWV010005055.1,Fiersviridae
CASDWV010005058.1,Steitzviridae
CASDWV010005063.1,Steitzviridae
CASDWV010005068.1,Steitzviridae
CASDWV010005072.1,Steitzviridae
CASDWV010005080.1,Atkinsviridae
CASDWV010005094.1,Steitzviridae
CP000031.2,Rhodogtaviriformidae
CP000623.1,Peduoviridae
CP000830.1,Rhodogtaviriformidae
CP001357.1,Brachygtaviriformidae
CP006891.1,Peduoviridae
CP014526.1,Peduoviridae
CP015418.1,Rhodogtaviriformidae
CP019275.1,Peduoviridae
CP023680.1,Peduoviridae
CP023686.1,Peduoviridae
CP025874.1,Peduoviridae
CP025900.1,Peduoviridae
CP025901.1,Peduoviridae
CP029253.1,Aliceevansviridae
CP038625.1,Peduoviridae
CP052639.1,Peduoviridae
CS138463.1,Adenoviridae
CS138464.1,Adenoviridae
CU469068.1,Ascoviridae
D00214.1,Picornaviridae
D00239.1,Picornaviridae
D00246.1,Flaviviridae
D00322.1,Secoviridae
D00344.1,Alphaflexiviridae
D00353.1,Peribunyaviridae
D00356.1,Bromoviridae
D00507.2,Potyviridae
D00624.1,Microviridae
D00627.1,Picornaviridae
D00637.1,Tymoviridae
D00645.1,Tospoviridae
D00820.1,Picornaviridae
D00915.1,Secoviridae
D00944.1,Flaviviridae
D10044.1,Bromoviridae
D10066.1,Tospoviridae
D10538.1,Bromoviridae
D10663.1,Bromoviridae
D10759.1,Phenuiviridae
D10930.1,Potyviridae
D11028.1,Tombusviridae
D12477.2,Secoviridae
D12517.1,Alphaflexiviridae
D12937.1,Flaviviridae
D13176.1,Phenuiviridae
D13438.1,Virgaviridae
D13751.1,Potyviridae
D13954.1,Solemoviridae
D14066.1,Secoviridae
D14449.2,Betaflexiviridae
D14995.2,Betaflexiviridae
D17763.1,Flaviviridae
D21208.1,Papillomaviridae
D21829.2,Betaflexiviridae
D26017.1,Alphaflexiviridae
D31879.1,Phenuiviridae
D32136.1,Endornaviridae
D49693.1,Spinareoviridae
D49695.1,Spinareoviridae
D49696.1,Spinareoviridae
D55633.1,Papillomaviridae
D55668.1,Partitiviridae
D63821.1,Flaviviridae
D63822.1,Flaviviridae
D83749.1,Potyviridae
D84410.1,Benyviridae
D84411.1,Benyviridae
D86123.1,Tombusviridae
D86371.1,Potyviridae
D86634.1,Potyviridae
D86635.1,Potyviridae
D86636.1,Virgaviridae
D86638.1,Virgaviridae
D87713.1,Flaviviridae
D88448.2,Betaflexiviridae
D89074.1,Inoviridae
D90208.1,Flaviviridae
D90400.1,Papillomaviridae
DQ003638.2,Herelleviridae
DQ004855.1,Herelleviridae
DQ011234.1,Tombusviridae
DQ013304.1,Caliciviridae
DQ017380.1,Baculoviridae
DQ029335.1,Autotranscriptaviridae
DQ056292.1,Hantaviridae
DQ058829.1,Caliciviridae
DQ079870.1,Microviridae
DQ079871.1,Microviridae
DQ079874.1,Microviridae
DQ079875.1,Microviridae
DQ079876.1,Microviridae
DQ079877.1,Microviridae
DQ079879.1,Microviridae
DQ080078.1,Papillomaviridae
DQ080079.1,Papillomaviridae
DQ080080.1,Papillomaviridae
DQ080082.1,Papillomaviridae
DQ080083.1,Papillomaviridae
DQ086466.1,Adenoviridae
DQ087276.1,Spinareoviridae
DQ087278.1,Spinareoviridae
DQ087280.1,Spinareoviridae
DQ087285.2,Peduoviridae
DQ091194.2,Bromoviridae
DQ091195.2,Bromoviridae
DQ091200.1,Papillomaviridae
DQ092770.1,Picornaviridae
DQ092792.1,Picornaviridae
DQ092794.1,Picornaviridae
DQ092795.1,Picornaviridae
DQ098905.1,Betaflexiviridae
DQ098913.1,Papillomaviridae
DQ106414.1,Adenoviridae
DQ108383.1,Picornaviridae
DQ114220.1,Peduoviridae
DQ117579.1,Betaflexiviridae
DQ121662.1,Drexlerviridae
DQ123841.1,Baculoviridae
DQ143874.1,Secoviridae
DQ146997.1,Circoviridae
DQ149153.1,Orthoherpesviridae
DQ152190.1,Potyviridae
DQ152191.1,Potyviridae
DQ152192.1,Potyviridae
DQ152193.1,Potyviridae
DQ163914.1,Fredfastierviridae
DQ163915.1,Zobellviridae
DQ163917.1,Lindbergviridae
DQ177347.1,Hantaviridae
DQ180494.1,Papillomaviridae
DQ187006.1,Anelloviridae
DQ192570.1,Polyomaviridae
DQ192571.1,Polyomaviridae
DQ211612.1,Nairoviridae
DQ211625.1,Nairoviridae
DQ211638.1,Nairoviridae
DQ217792.2,Filoviridae
DQ217793.1,Papillomaviridae
DQ219415.2,Tombusviridae
DQ226541.1,Picornaviridae
DQ235144.1,Flaviviridae
DQ235145.1,Flaviviridae
DQ235146.1,Flaviviridae
DQ235149.1,Flaviviridae
DQ235151.1,Flaviviridae
DQ235152.1,Flaviviridae
DQ235153.1,Flaviviridae
DQ256123.1,Tospoviridae
DQ256124.1,Tospoviridae
DQ256125.1,Tospoviridae
DQ269468.1,Papillomaviridae
DQ288858.2,Baculoviridae
DQ288865.1,Dicistroviridae
DQ295066.1,Papillomaviridae
DQ315364.2,Adenoviridae
DQ315670.1,Picornaviridae
DQ317692.1,Baculoviridae
DQ318818.3,Bromoviridae
DQ328876.1,Arenaviridae
DQ328877.1,Arenaviridae
DQ328878.1,Arenaviridae
DQ333351.1,Baculoviridae
DQ335247.1,Parvoviridae
DQ344639.1,Secoviridae
DQ352194.1,Kitaviridae
DQ352195.1,Kitaviridae
DQ355023.1,Virgaviridae
DQ356948.1,Poxviridae
DQ356949.1,Virgaviridae
DQ357218.1,Closteroviridae
DQ366842.1,Papillomaviridae
DQ375403.1,Phenuiviridae
DQ380206.1,Phenuiviridae
DQ388879.1,Secoviridae
DQ388880.1,Secoviridae
DQ393829.1,Adenoviridae
DQ398052.2,Vilmaviridae
DQ399259.2,Closteroviridae
DQ399289.1,Endornaviridae
DQ399789.1,Rhabdoviridae
DQ426904.1,Peduoviridae
DQ437594.1,Poxviridae
DQ447649.1,Filoviridae
DQ455582.1,Betaflexiviridae
DQ458789.2,Mesoniviridae
DQ473478.1,Caulimoviridae
DQ473485.1,Picornaviridae
DQ473486.1,Picornaviridae
DQ473487.1,Picornaviridae
DQ473488.1,Picornaviridae
DQ473489.1,Picornaviridae
DQ473490.1,Picornaviridae
DQ473491.1,Picornaviridae
DQ473492.1,Picornaviridae
DQ473493.1,Picornaviridae
DQ473494.1,Picornaviridae
DQ473495.1,Picornaviridae
DQ473496.1,Picornaviridae
DQ473498.1,Picornaviridae
DQ473500.1,Picornaviridae
DQ473501.1,Picornaviridae
DQ473502.1,Picornaviridae
DQ473503.1,Picornaviridae
DQ473504.1,Picornaviridae
DQ473505.1,Picornaviridae
DQ473507.1,Picornaviridae
DQ473508.1,Picornaviridae
DQ473510.1,Picornaviridae
DQ473511.1,Picornaviridae
DQ473512.1,Picornaviridae
DQ486030.3,Baculoviridae
DQ491002.1,Phycodnaviridae
DQ499600.1,Zierdtviridae
DQ504428.1,Baculoviridae
DQ525916.1,Flaviviridae
DQ529280.1,Straboviridae
DQ533483.2,Picornaviridae
DQ630754.1,Adenoviridae
DQ630755.1,Adenoviridae
DQ630757.2,Adenoviridae
DQ630758.1,Adenoviridae
DQ630760.1,Adenoviridae
DQ641248.1,Potyviridae
DQ641257.1,Picornaviridae
DQ641718.1,Alphasatellitidae
DQ643392.1,Iridoviridae
DQ655700.1,Solemoviridae
DQ660333.1,Alphaflexiviridae
DQ665652.1,Alloherpesviridae
DQ665917.1,Alloherpesviridae
DQ674738.2,Peduoviridae
DQ675189.1,Secoviridae
DQ680848.1,Solemoviridae
DQ792570.1,Adenoviridae
DQ813662.2,Baculoviridae
DQ822073.1,Caulimoviridae
DQ825770.1,Hantaviridae
DQ825771.1,Hantaviridae
DQ826393.1,Nanoviridae
DQ826394.1,Nanoviridae
DQ826395.1,Nanoviridae
DQ826396.1,Nanoviridae
DQ836063.1,Fiersviridae
DQ837165.1,Baculoviridae
DQ837642.1,Flaviviridae
DQ845075.1,Circoviridae
DQ851493.1,Potyviridae
DQ851494.1,Potyviridae
DQ851495.1,Potyviridae
DQ859056.1,Flaviviridae
DQ859057.1,Flaviviridae
DQ859060.1,Flaviviridae
DQ859062.1,Flaviviridae
DQ859066.1,Flaviviridae
DQ859067.1,Flaviviridae
DQ860147.1,Potyviridae
DQ860839.1,Closteroviridae
DQ875594.2,Solemoviridae
DQ875742.1,Saffermanviridae
DQ875932.2,Picornaviridae
DQ898157.1,Tobaniviridae
DQ900900.1,Adenoviridae
DQ902712.1,Picornaviridae
DQ902713.1,Picornaviridae
DQ904452.1,Straboviridae
DQ923122.2,Adenoviridae
EF015886.1,Picornaviridae
EF026081.1,Picornaviridae
EF035042.2,Baculoviridae
EF056009.1,Schitoviridae
EF065505.1,Coronaviridae
EF065509.1,Coronaviridae
EF065513.1,Coronaviridae
EF068134.1,Fiersviridae
EF077279.1,Picornaviridae
EF077280.1,Picornaviridae
EF077630.1,Hepeviridae
EF091714.2,Solemoviridae
EF100713.2,Flaviviridae
EF101928.1,Phycodnaviridae
EF108306.2,Flaviviridae
EF125867.1,Baculoviridae
EF127906.1,Polyomaviridae
EF133465.1,Ascoviridae
EF152346.1,Chrysoviridae
EF152347.1,Chrysoviridae
EF153473.1,Adenoviridae
EF153474.1,Adenoviridae
EF153632.1,Lindbergviridae
EF155421.1,Picornaviridae
EF157976.1,Rhabdoviridae
EF157977.2,Rhabdoviridae
EF160123.1,Autosignataviridae
EF173389.1,Partitiviridae
EF173396.1,Partitiviridae
EF173414.1,Picornaviridae
EF173415.1,Picornaviridae
EF173417.1,Picornaviridae
EF173418.1,Picornaviridae
EF173419.1,Picornaviridae
EF173423.1,Picornaviridae
EF173425.1,Picornaviridae
EF198241.1,Marnaviridae
EF198242.1,Marnaviridae
EF203064.1,Coronaviridae
EF203088.1,Nudiviridae
EF206691.1,Hepeviridae
EF207438.1,Tombusviridae
EF219380.1,Dicistroviridae
EF219408.1,Potyviridae
EF362621.1,Potyviridae
EF375551.1,Virgaviridae
EF395818.1,Papillomaviridae
EF420156.1,Poxviridae
EF427894.1,Potyviridae
EF432053.1,Ampullaviridae
EF437941.1,Straboviridae
EF442780.1,Amalgaviridae
EF444549.1,Polyomaviridae
EF460875.1,Chaseviridae
EF467176.1,Papillomaviridae
EF469154.1,Straboviridae
EF485030.1,Peribunyaviridae
EF485031.1,Peribunyaviridae
EF488741.1,Potyviridae
EF489910.1,Inoviridae
EF492068.1,Betaflexiviridae
EF506570.1,Plectroviridae
EF517277.1,Iflaviridae
EF527260.1,Betaflexiviridae
EF529515.1,Aliceevansviridae
EF529624.1,Solemoviridae
EF536349.1,Papillomaviridae
EF537008.1,Saffermanviridae
EF538876.1,Anelloviridae
EF538877.1,Anelloviridae
EF538880.1,Anelloviridae
EF538882.1,Anelloviridae
EF543525.2,Hantaviridae
EF543526.1,Hantaviridae
EF546442.1,Closteroviridae
EF546802.1,Nanoviridae
EF546804.1,Nanoviridae
EF546805.1,Nanoviridae
EF546806.1,Nanoviridae
EF546811.1,Nanoviridae
EF546812.1,Nanoviridae
EF546813.1,Nanoviridae
EF552434.1,Tospoviridae
EF552435.1,Tospoviridae
EF555644.1,Picornaviridae
EF555645.1,Picornaviridae
EF558838.1,Papillomaviridae
EF558839.2,Papillomaviridae
EF558841.1,Papillomaviridae
EF558842.1,Papillomaviridae
EF558843.1,Papillomaviridae
EF568108.1,Hytrosaviridae
EF569970.1,Paramyxoviridae
EF579955.1,Potyviridae
EF580100.3,Mitoviridae
EF582385.1,Picornaviridae
EF582386.1,Picornaviridae
EF582387.1,Picornaviridae
EF584537.1,Papillomaviridae
EF584664.1,Bromoviridae
EF584665.1,Bromoviridae
EF589098.1,Spinareoviridae
EF589099.1,Spinareoviridae
EF589100.1,Spinareoviridae
EF589101.1,Spinareoviridae
EF589103.1,Spinareoviridae
EF589105.1,Spinareoviridae
EF589106.1,Spinareoviridae
EF589670.1,Tombusviridae
EF608612.1,Potyviridae
EF612701.1,Rhabdoviridae
EF614259.1,Rhabdoviridae
EF614260.1,Rhabdoviridae
EF614261.1,Rhabdoviridae
EF619034.1,Arenaviridae
EF619035.1,Arenaviridae
EF634323.1,Spinareoviridae
EF634324.1,Spinareoviridae
EF634325.1,Spinareoviridae
EF641798.1,Hantaviridae
EF641806.1,Hantaviridae
EF646763.1,Hantaviridae
EF667344.1,Picornaviridae
EF680235.1,Papillomaviridae
EF681764.1,Secoviridae
EF687738.1,Rhabdoviridae
EF710625.1,Potyviridae
EU000534.1,Solemoviridae
EU010385.1,Retroviridae
EU020009.1,Betaflexiviridae
EU024678.1,Tombusviridae
EU030938.1,Fuselloviridae
EU030939.1,Fuselloviridae
EU034539.1,Caulimoviridae
EU035616.1,Iflaviridae
EU043335.1,Virgaviridae
EU074853.1,Betaflexiviridae
EU081018.1,Tombusviridae
EU099844.3,Benyviridae
EU099845.3,Benyviridae
EU111742.1,Coronaviridae
EU118277.1,Partitiviridae
EU123328.1,Arenaviridae
EU127904.1,Tombusviridae
EU136038.1,Arenaviridae
EU136039.1,Arenaviridae
EU136189.1,Rountreeviridae
EU151723.4,Tombusviridae
EU156171.1,Paramyxoviridae
EU162589.1,Betaflexiviridae
EU188799.1,Papillomaviridae
EU189200.1,Spinareoviridae
EU189201.1,Spinareoviridae
EU189202.1,Spinareoviridae
EU191904.1,Closteroviridae
EU191905.1,Closteroviridae
EU195326.1,Partitiviridae
EU197055.1,Chimalliviridae
EU200669.1,Parvoviridae
EU200677.1,Parvoviridae
EU233812.1,Parvoviridae
EU236594.1,Picornaviridae
EU240894.1,Papillomaviridae
EU240895.1,Papillomaviridae
EU252582.1,Spinareoviridae
EU257626.1,Nairoviridae
EU257627.1,Nairoviridae
EU257628.1,Nairoviridae
EU259611.1,Potyviridae
EU260464.1,Arenaviridae
EU262553.1,Peribunyaviridae
EU293108.1,Rhabdoviridae
EU293119.1,Rhabdoviridae
EU294510.1,Peribunyaviridae
EU304328.2,Phycodnaviridae
EU309041.1,Baculoviridae
EU330206.1,Mktvariviridae
EU338414.1,Paramyxoviridae
EU371896.1,Amalgaviridae
EU373657.1,Rhabdoviridae
EU373658.1,Rhabdoviridae
EU384623.1,Alphasatellitidae
EU391643.1,Caliciviridae
EU403085.1,Paramyxoviridae
EU408779.1,Tectiviridae
EU409297.1,Peribunyaviridae
EU410348.1,Papillomaviridae
EU410442.1,Potyviridae
EU418428.2,Herelleviridae
EU420138.1,Coronaviridae
EU420139.1,Coronaviridae
EU433397.2,Betaflexiviridae
EU486988.1,Spinareoviridae
EU486989.1,Spinareoviridae
EU486990.1,Spinareoviridae
EU489061.1,Partitiviridae
EU489641.1,Alphaflexiviridae
EU490515.1,Papillomaviridae
EU490516.1,Papillomaviridae
EU493091.1,Papillomaviridae
EU493092.1,Papillomaviridae
EU503122.1,Papillomaviridae
EU522111.1,Hytrosaviridae
EU527979.1,Betaflexiviridae
EU541441.1,Papillomaviridae
EU541442.1,Papillomaviridae
EU545650.1,Lipothrixviridae
EU547803.1,Autotranscriptaviridae
EU554423.1,Caulimoviridae
EU556224.1,Picornaviridae
EU564828.1,Peribunyaviridae
EU564830.1,Peribunyaviridae
EU589450.1,Alphasatellitidae
EU606015.1,Sputniviroviridae
EU622819.2,Peribunyaviridae
EU622820.2,Peribunyaviridae
EU623082.1,Bidnaviridae
EU623083.1,Bidnaviridae
EU627010.1,Iridoviridae
EU627612.1,Arenaviridae
EU627613.1,Arenaviridae
EU652770.3,Autotranscriptaviridae
EU659745.1,Betaflexiviridae
EU665255.1,Peribunyaviridae
EU715130.4,Adenoviridae
EU715328.1,Artiviridae
EU716175.1,Picornaviridae
EU716414.1,Lindbergviridae
EU723237.1,Picornaviridae
EU725772.1,Phenuiviridae
EU725773.1,Phenuiviridae
EU734171.1,Autotranscriptaviridae
EU734172.1,Autotranscriptaviridae
EU734173.1,Autotranscriptaviridae
EU734174.1,Autotranscriptaviridae
EU741694.2,Secoviridae
EU747721.1,Nudiviridae
EU770620.1,Botourmiaviridae
EU770623.1,Botourmiaviridae
EU771092.1,Salasmaviridae
EU779934.1,Mycoalphaviridae
EU781967.1,Bornaviridae
EU782025.1,Paramyxoviridae
EU788002.1,Hantaviridae
EU789367.1,Picornaviridae
EU789573.1,Peribunyaviridae
EU796884.1,Papillomaviridae
EU835937.1,Betaflexiviridae
EU839994.1,Baculoviridae
EU840728.1,Picornaviridae
EU840733.1,Picornaviridae
EU847144.2,Astroviridae
EU847145.2,Astroviridae
EU847155.1,Astroviridae
EU847625.2,Potyviridae
EU853709.2,Caulimoviridae
EU854568.1,Picornaviridae
EU863408.1,Straboviridae
EU863409.1,Straboviridae
EU877232.1,Andersonviridae
EU877976.1,Paramyxoviridae
EU879062.3,Peribunyaviridae
EU881936.2,Secoviridae
EU881937.2,Secoviridae
EU910942.1,Paramyxoviridae
EU914103.1,Arenaviridae
EU914104.1,Arenaviridae
EU916176.1,Phycodnaviridae
EU919666.1,Bromoviridae
EU919667.1,Bromoviridae
EU919669.1,Bromoviridae
EU938663.1,Arenaviridae
EU980442.1,Secoviridae
FJ007373.1,Picornaviridae
FJ025899.1,Adenoviridae
FJ025901.1,Adenoviridae
FJ025915.1,Adenoviridae
FJ025919.1,Adenoviridae
FJ025920.1,Adenoviridae
FJ025929.1,Adenoviridae
FJ025930.1,Adenoviridae
FJ025931.1,Adenoviridae
FJ028650.2,Secoviridae
FJ040215.1,Flaviviridae
FJ040397.1,Parvoviridae
FJ157981.1,Botourmiaviridae
FJ170278.1,Parvoviridae
FJ185044.1,Potyviridae
FJ188392.1,Polyomaviridae
FJ214110.1,Parvoviridae
FJ215863.2,Paramyxoviridae
FJ217161.1,Filoviridae
FJ217162.1,Filoviridae
FJ222451.1,Astroviridae
FJ226752.1,Aliceevansviridae
FJ227128.1,Baculoviridae
FJ230960.1,Herelleviridae
FJ263671.1,Potyviridae
FJ349096.1,Adenoviridae
FJ355928.1,Caliciviridae
FJ362497.2,Paramyxoviridae
FJ373179.1,Picornaviridae
FJ373894.1,Ackermannviridae
FJ376622.1,Coronaviridae
FJ379293.1,Papillomaviridae
FJ380118.1,Closteroviridae
FJ380119.1,Closteroviridae
FJ404771.1,Adenoviridae
FJ409640.1,Autotranscriptaviridae
FJ433873.1,Iridoviridae
FJ436028.1,Tymoviridae
FJ438902.1,Picornaviridae
FJ438903.1,Picornaviridae
FJ438904.1,Picornaviridae
FJ438905.1,Picornaviridae
FJ438906.1,Picornaviridae
FJ438907.1,Picornaviridae
FJ438908.1,Picornaviridae
FJ439817.1,Caulimoviridae
FJ444852.2,Tymoviridae
FJ445112.1,Picornaviridae
FJ445113.1,Picornaviridae
FJ445116.1,Picornaviridae
FJ445118.1,Picornaviridae
FJ445119.1,Picornaviridae
FJ445120.1,Picornaviridae
FJ445121.1,Picornaviridae
FJ445122.1,Picornaviridae
FJ445123.1,Picornaviridae
FJ445124.1,Picornaviridae
FJ445125.1,Picornaviridae
FJ445127.1,Picornaviridae
FJ445128.1,Picornaviridae
FJ445129.1,Picornaviridae
FJ445130.1,Picornaviridae
FJ445131.1,Picornaviridae
FJ445132.1,Picornaviridae
FJ445133.1,Picornaviridae
FJ445135.1,Picornaviridae
FJ445136.1,Picornaviridae
FJ445137.1,Picornaviridae
FJ445138.1,Picornaviridae
FJ445140.1,Picornaviridae
FJ445141.1,Picornaviridae
FJ445142.1,Picornaviridae
FJ445144.1,Picornaviridae
FJ445146.1,Picornaviridae
FJ445147.1,Picornaviridae
FJ445148.1,Picornaviridae
FJ445149.1,Picornaviridae
FJ445150.1,Picornaviridae
FJ445151.1,Picornaviridae
FJ445152.1,Picornaviridae
FJ445153.1,Picornaviridae
FJ445154.1,Picornaviridae
FJ445155.1,Picornaviridae
FJ445156.1,Picornaviridae
FJ445157.1,Picornaviridae
FJ445161.1,Picornaviridae
FJ445163.1,Picornaviridae
FJ445164.1,Picornaviridae
FJ445167.1,Picornaviridae
FJ445169.1,Picornaviridae
FJ445171.1,Picornaviridae
FJ445172.1,Picornaviridae
FJ445174.1,Picornaviridae
FJ445175.1,Picornaviridae
FJ445177.1,Picornaviridae
FJ445186.1,Picornaviridae
FJ445188.1,Picornaviridae
FJ457015.1,Tombusviridae
FJ459582.1,Anelloviridae
FJ463615.1,Picornaviridae
FJ463617.1,Picornaviridae
FJ478159.2,Orthoherpesviridae
FJ483841.1,Fiersviridae
FJ483967.2,Orthoherpesviridae
FJ483968.2,Orthoherpesviridae
FJ483970.2,Orthoherpesviridae
FJ492742.1,Papillomaviridae
FJ492743.1,Papillomaviridae
FJ492744.1,Papillomaviridae
FJ493469.1,Caulimoviridae
FJ527854.1,Flaviviridae
FJ528584.1,Solinviviridae
FJ531634.1,Betaflexiviridae
FJ550604.1,Partitiviridae
FJ554525.1,Nyamiviridae
FJ554526.1,Nyamiviridae
FJ560943.2,Caulimoviridae
FJ571066.1,Astroviridae
FJ571067.1,Astroviridae
FJ571074.1,Astroviridae
FJ608550.1,Hantaviridae
FJ608823.2,Cystoviridae
FJ608824.1,Cystoviridae
FJ618540.1,Potyviridae
FJ623474.1,Tospoviridae
FJ643676.1,Adenoviridae
FJ670570.2,Alphaflexiviridae
FJ685618.1,Betaflexiviridae
FJ685651.1,Pleolipoviridae
FJ692500.1,Caliciviridae
FJ715959.1,Rhabdoviridae
FJ768020.1,Tombusviridae
FJ796965.1,Papillomaviridae
FJ804072.1,Papillomaviridae
FJ809772.1,Hantaviridae
FJ810126.1,Parvoviridae
FJ815289.2,Alloherpesviridae
FJ815440.1,Closteroviridae
FJ815441.1,Closteroviridae
FJ816271.1,Partitiviridae
FJ822135.1,Herelleviridae
FJ822961.1,Tospoviridae
FJ822962.1,Tospoviridae
FJ824737.1,Betaflexiviridae
FJ824813.1,Caulimoviridae
FJ824826.1,Adenoviridae
FJ839692.1,Straboviridae
FJ839693.1,Straboviridae
FJ849795.1,Adenoviridae
FJ858378.1,Hantaviridae
FJ861695.1,Orthomyxoviridae
FJ861696.1,Orthomyxoviridae
FJ861697.1,Orthomyxoviridae
FJ869862.1,Closteroviridae
FJ870915.1,Fuselloviridae
FJ870917.1,Fuselloviridae
FJ882854.1,Baculoviridae
FJ890351.1,Astroviridae
FJ890355.1,Astroviridae
FJ899676.1,Chrysoviridae
FJ904927.1,Inoviridae
FJ907327.1,Mayoviridae
FJ907328.1,Mayoviridae
FJ940765.3,Alloherpesviridae
FJ943505.1,Peribunyaviridae
FJ943510.1,Peribunyaviridae
FJ947080.1,Papillomaviridae
FJ952384.1,Arenaviridae
FJ952385.1,Arenaviridae
FJ959081.1,Kanorauviridae
FJ973620.1,Astroviridae
FJ985748.1,Rhabdoviridae
FM164764.1,Rudiviridae
FM201281.1,Lindbergviridae
FM201282.1,Lindbergviridae
FM206346.1,Potyviridae
FM207411.1,Kyanoviridae
FM212639.1,Papillomaviridae
FM212972.1,Potyviridae
FM865413.1,Solemoviridae
FM881899.1,Bromoviridae
FM881900.1,Bromoviridae
FM881901.1,Bromoviridae
FM887021.1,Lindbergviridae
FM955837.2,Papillomaviridae
FM955838.1,Papillomaviridae
FM955839.1,Papillomaviridae
FM955840.1,Papillomaviridae
FM955841.1,Papillomaviridae
FM995220.1,Birnaviridae
FN178512.1,Chrysoviridae
FN178513.2,Chrysoviridae
FN178514.1,Chrysoviridae
FN356900.1,Polyomaviridae
FN356901.1,Polyomaviridae
FN422398.1,Schitoviridae
FN422399.1,Schitoviridae
FN436007.1,Alphasatellitidae
FN436008.1,Alphasatellitidae
FN547152.2,Papillomaviridae
FN557213.1,Rhabdoviridae
FN557520.1,Asfarviridae
FN563123.1,Tymoviridae
FN563989.1,Spinareoviridae
FN563990.1,Spinareoviridae
FN563991.1,Spinareoviridae
FN563992.1,Spinareoviridae
FN563993.1,Spinareoviridae
FN563994.1,Spinareoviridae
FN658711.1,Alphasatellitidae
FN658716.1,Alphasatellitidae
FN667788.1,Connertonviridae
FN667789.1,Connertonviridae
FN669168.1,Bromoviridae
FN669169.1,Bromoviridae
FN675296.1,Alphasatellitidae
FN675297.1,Alphasatellitidae
FN677755.1,Papillomaviridae
FN677756.1,Papillomaviridae
FN691934.1,Secoviridae
FN691935.1,Secoviridae
FN824512.2,Adenoviridae
FQ312032.1,Ackermannviridae
FR667955.1,Autotranscriptaviridae
FR677324.1,Iridoviridae
FR682468.2,Asfarviridae
FR687854.1,Partitiviridae
FR692334.1,Polyomaviridae
FR694191.1,Spinareoviridae
FR694192.1,Spinareoviridae
FR694193.1,Spinareoviridae
FR694194.1,Spinareoviridae
FR694196.1,Spinareoviridae
FR694197.1,Spinareoviridae
FR694198.1,Spinareoviridae
FR694199.1,Spinareoviridae
FR719956.1,Schitoviridae
FR750562.1,Pseudototiviridae
FR772086.1,Alphasatellitidae
FR772088.1,Alphasatellitidae
FR823298.1,Autotranscriptaviridae
FR823299.1,Fimoviridae
FR823450.1,Connertonviridae
FR851461.1,Secoviridae
FR851462.1,Secoviridae
FR852584.1,Herelleviridae
FR877530.2,Betaflexiviridae
GBBW01007738.1,Abyssoviridae
GQ140626.1,Fusagraviridae
GQ140627.1,Curvulaviridae
GQ150778.1,Nanoviridae
GQ150779.1,Nanoviridae
GQ150782.1,Nanoviridae
GQ153916.1,Inoviridae
GQ153917.1,Inoviridae
GQ153918.1,Inoviridae
GQ153919.1,Inoviridae
GQ169129.1,Orthoherpesviridae
GQ179640.3,Picornaviridae
GQ180114.1,Papillomaviridae
GQ200736.1,Parvoviridae
GQ200821.1,Hantaviridae
GQ202541.1,Baculoviridae
GQ222381.1,Secoviridae
GQ223227.1,Picornaviridae
GQ223228.1,Picornaviridae
GQ225585.2,Closteroviridae
GQ227670.1,Papillomaviridae
GQ244431.1,Tombusviridae
GQ244463.1,Papillomaviridae
GQ244521.1,Hantaviridae
GQ244526.1,Hantaviridae
GQ246950.1,Papillomaviridae
GQ246951.1,Papillomaviridae
GQ257737.1,Noraviridae
GQ258977.1,Spinareoviridae
GQ258978.1,Spinareoviridae
GQ258979.1,Spinareoviridae
GQ258980.1,Spinareoviridae
GQ258981.1,Spinareoviridae
GQ258982.1,Spinareoviridae
GQ258983.1,Spinareoviridae
GQ258984.1,Spinareoviridae
GQ273492.1,Iridoviridae
GQ274025.1,Nanoviridae
GQ274026.1,Nanoviridae
GQ274028.1,Nanoviridae
GQ274030.1,Nanoviridae
GQ274033.1,Nanoviridae
GQ274034.1,Nanoviridae
GQ274036.1,Nanoviridae
GQ274038.1,Nanoviridae
GQ290645.2,Chrysoviridae
GQ290649.2,Chrysoviridae
GQ294472.1,Rhabdoviridae
GQ303582.1,Hantaviridae
GQ323774.1,Picornaviridae
GQ329670.1,Poxviridae
GQ331138.1,Polyomaviridae
GQ342961.1,Artiviridae
GQ342962.1,Birnaviridae
GQ342963.1,Birnaviridae
GQ351272.1,Smacoviridae
GQ351273.1,Smacoviridae
GQ375258.1,Rhabdoviridae
GQ384080.1,Adenoviridae
GQ387499.1,Parvoviridae
GQ403789.1,Matsushitaviridae
GQ404844.1,Circoviridae
GQ404846.1,Circoviridae
GQ404849.1,Circoviridae
GQ404851.1,Circoviridae
GQ404854.1,Circoviridae
GQ404855.1,Circoviridae
GQ404856.1,Circoviridae
GQ404857.1,Circoviridae
GQ410979.1,Rhabdoviridae
GQ413937.1,Autotranscriptaviridae
GQ415051.1,Picornaviridae
GQ415660.1,Astroviridae
GQ421689.2,Potyviridae
GQ443611.1,Caliciviridae
GQ468526.1,Autotranscriptaviridae
GQ497731.1,Potyviridae
GQ845441.1,Papillomaviridae
GQ845443.1,Papillomaviridae
GQ845444.1,Papillomaviridae
GQ845446.1,Papillomaviridae
GQ847511.2,Phenuiviridae
GQ847512.2,Phenuiviridae
GQ847513.2,Phenuiviridae
GQ865517.1,Picornaviridae
GQ884143.1,Baculoviridae
GQ916624.1,Potyviridae
GQ918152.1,Iridoviridae
GQ981382.1,Straboviridae
GU002364.2,Tobaniviridae
GU014531.1,Papillomaviridae
GU014532.1,Papillomaviridae
GU014533.1,Papillomaviridae
GU071086.1,Marseilleviridae
GU071094.1,Kyanoviridae
GU071095.1,Kyanoviridae
GU071096.1,Kyanoviridae
GU071098.1,Kyanoviridae
GU071103.1,Kyanoviridae
GU071106.1,Kyanoviridae
GU071108.1,Kyanoviridae
GU078660.1,Arenaviridae
GU078661.1,Arenaviridae
GU080336.1,Turriviridae
GU117621.1,Papillomaviridae
GU117622.1,Papillomaviridae
GU117623.1,Papillomaviridae
GU117630.1,Papillomaviridae
GU117632.1,Papillomaviridae
GU117633.1,Papillomaviridae
GU117634.1,Papillomaviridae
GU121676.1,Caulimoviridae
GU128080.1,Paramyxoviridae
GU128082.1,Paramyxoviridae
GU129016.1,Papillomaviridae
GU135606.1,Phenuiviridae
GU135607.1,Phenuiviridae
GU135608.1,Phenuiviridae
GU167940.1,Solemoviridae
GU170201.1,Rhabdoviridae
GU181199.1,Potyviridae
GU182406.1,Picornaviridae
GU182408.1,Picornaviridae
GU182410.1,Picornaviridae
GU191019.1,Adenoviridae
GU196277.1,Sarkviridae
GU196279.1,Sarkviridae
GU196280.1,Sarkviridae
GU206351.1,Paramyxoviridae
GU214706.1,Parvoviridae
GU219984.1,Picornaviridae
GU220391.1,Papillomaviridae
GU225708.1,Papillomaviridae
GU226970.2,Adenoviridae
GU226971.1,Parvoviridae
GU233853.1,Papillomaviridae
GU244497.1,Mimiviridae
GU245693.2,Picornaviridae
GU295964.1,Straboviridae
GU296433.1,Connertonviridae
GU305914.1,Orthoherpesviridae
GU321093.1,Pleolipoviridae
GU323318.1,Straboviridae
GU345042.1,Hepeviridae
GU345044.1,Polyomaviridae
GU356395.1,Retroviridae
GU371276.1,Parvoviridae
GU384895.1,Papillomaviridae
GU393987.1,Autonotataviridae
GU396103.1,Straboviridae
GU459069.1,Straboviridae
GU563327.1,Potyviridae
GU566735.1,Flaviviridae
GU583987.1,Autotranscriptaviridae
GU584184.1,Tospoviridae
GU584185.1,Tospoviridae
GU595417.2,Autosignataviridae
GU734660.1,Rhabdoviridae
GU799606.1,Circoviridae
GU808564.1,Papillomaviridae
GU810903.1,Secoviridae
GU814265.1,Flaviviridae
GU911303.1,Peduoviridae
GU911304.1,Peduoviridae
GU911519.1,Straboviridae
GU936707.2,Adenoviridae
GU938300.1,Parvoviridae
GU954430.1,Hepeviridae
GU969308.1,Orthomyxoviridae
GU969310.1,Orthomyxoviridae
GU969313.1,Orthomyxoviridae
GU979419.1,Spiciviridae
GU988610.2,Vandenendeviridae
GU989205.1,Polyomaviridae
GU991616.1,Carmotetraviridae
HB426607.1,Adenoviridae
HB426671.1,Adenoviridae
HB426768.1,Adenoviridae
HC000785.1,Adenoviridae
HC000816.1,Adenoviridae
HC000847.1,Adenoviridae
HC085020.1,Adenoviridae
HC085052.1,Adenoviridae
HC085083.1,Adenoviridae
HC191003.1,Adenoviridae
HC191035.1,Adenoviridae
HE572565.1,Bromoviridae
HE572591.1,Pseudototiviridae
HE580237.1,Guttaviridae
HE588144.1,Alternaviridae
HE588147.1,Pseudototiviridae
HE588148.1,Yadokariviridae
HE588185.1,Closteroviridae
HE600015.1,Ackermannviridae
HE601899.1,Poxviridae
HE608152.1,Adenoviridae
HE654124.1,Nanoviridae
HE654127.1,Nanoviridae
HE681887.1,Spiraviridae
HE717021.1,Mitoviridae
HE774604.1,Secoviridae
HE775250.1,Sarkviridae
HE795090.1,Peribunyaviridae
HE795092.1,Peribunyaviridae
HE795093.1,Peribunyaviridae
HE795095.1,Peribunyaviridae
HE795096.1,Peribunyaviridae
HE795097.1,Peribunyaviridae
HE795098.1,Peribunyaviridae
HE795099.1,Peribunyaviridae
HE795100.1,Peribunyaviridae
HE795101.1,Peribunyaviridae
HE795102.1,Peribunyaviridae
HE795103.1,Peribunyaviridae
HE795104.1,Peribunyaviridae
HE795105.1,Peribunyaviridae
HE795106.1,Peribunyaviridae
HE795107.1,Peribunyaviridae
HE795108.1,Peribunyaviridae
HE806451.1,Alphasatellitidae
HE815464.1,Connertonviridae
HE861935.1,Aliceevansviridae
HE956707.2,Autonotataviridae
HE956708.2,Demerecviridae
HE956709.1,Straboviridae
HE956710.2,Autonotataviridae
HE956711.1,Straboviridae
HE978309.1,Straboviridae
HE984148.1,Alphasatellitidae
HF546575.1,Alphasatellitidae
HF679131.1,Poxviridae
HF679132.1,Poxviridae
HF679133.1,Poxviridae
HF679486.1,Solemoviridae
HF912243.1,Fimoviridae
HF912246.1,Fimoviridae
HF920633.1,Iridoviridae
HF920634.1,Iridoviridae
HF920635.1,Iridoviridae
HF920636.1,Iridoviridae
HF920637.1,Iridoviridae
HF937074.1,Rountreeviridae
HG008921.2,Betaflexiviridae
HG315669.1,Inoviridae
HG380752.1,Aliceevansviridae
HG421739.1,Papillomaviridae
HG424323.1,Aliceevansviridae
HG530535.1,Papillomaviridae
HG530538.1,Papillomaviridae
HG531932.1,Sputniviroviridae
HG793132.1,Autonotataviridae
HG803181.1,Peduoviridae
HG813241.1,Autotranscriptaviridae
HG818823.1,Autotranscriptaviridae
HG818824.1,Autotranscriptaviridae
HG940503.2,Caulimoviridae
HG962375.1,Schitoviridae
HG975302.1,Polymycoviridae
HG994092.1,Autotranscriptaviridae
HG994135.1,Xinmoviridae
HG999358.1,Schizomimiviridae
HM002617.1,Caliciviridae
HM004067.2,Chrysoviridae
HM004068.2,Chrysoviridae
HM004124.1,Straboviridae
HM007350.1,Peribunyaviridae
HM007351.1,Peribunyaviridae
HM007352.1,Peribunyaviridae
HM011556.1,Polyomaviridae
HM011560.1,Polyomaviridae
HM011566.1,Polyomaviridae
HM011570.1,Papillomaviridae
HM015219.1,Hantaviridae
HM015221.1,Hantaviridae
HM026454.1,Virgaviridae
HM029246.1,Amalgaviridae
HM035025.1,Straboviridae
HM049560.1,Adenoviridae
HM053693.2,Parvoviridae
HM066936.1,Steitzviridae
HM071924.1,Straboviridae
HM119401.1,Phenuiviridae
HM119402.1,Phenuiviridae
HM119403.1,Phenuiviridae
HM119404.1,Phenuiviridae
HM119405.1,Phenuiviridae
HM119406.2,Phenuiviridae
HM119407.1,Phenuiviridae
HM119408.1,Phenuiviridae
HM119409.1,Phenuiviridae
HM119410.1,Phenuiviridae
HM119411.1,Phenuiviridae
HM119412.1,Phenuiviridae
HM119414.1,Phenuiviridae
HM119415.1,Phenuiviridae
HM119416.2,Phenuiviridae
HM119418.2,Phenuiviridae
HM119419.1,Phenuiviridae
HM119420.1,Phenuiviridae
HM119421.1,Phenuiviridae
HM119422.1,Phenuiviridae
HM119423.1,Phenuiviridae
HM119424.1,Phenuiviridae
HM119425.1,Phenuiviridae
HM119426.1,Phenuiviridae
HM119427.1,Phenuiviridae
HM119429.1,Phenuiviridae
HM119430.1,Phenuiviridae
HM119431.1,Phenuiviridae
HM119432.1,Phenuiviridae
HM119433.1,Phenuiviridae
HM119434.1,Phenuiviridae
HM119435.1,Phenuiviridae
HM119436.2,Phenuiviridae
HM134276.1,Straboviridae
HM150760.1,Inoviridae
HM152763.1,Vilmaviridae
HM153767.3,Picornaviridae
HM159613.1,Spinareoviridae
HM159615.1,Spinareoviridae
HM159616.1,Spinareoviridae
HM159617.1,Spinareoviridae
HM159618.1,Spinareoviridae
HM159619.1,Spinareoviridae
HM159620.1,Spinareoviridae
HM159621.1,Spinareoviridae
HM159622.1,Spinareoviridae
HM159995.1,Paramyxoviridae
HM163578.1,Alphasatellitidae
HM181930.1,Potyviridae
HM181996.1,Picornaviridae
HM228874.1,Circoviridae
HM236897.1,Picornaviridae
HM236903.1,Picornaviridae
HM236904.1,Picornaviridae
HM236906.1,Picornaviridae
HM236908.1,Picornaviridae
HM236911.1,Picornaviridae
HM236918.1,Picornaviridae
HM236923.1,Picornaviridae
HM236934.1,Picornaviridae
HM236939.1,Picornaviridae
HM236949.1,Picornaviridae
HM236952.1,Picornaviridae
HM236958.1,Picornaviridae
HM236964.1,Picornaviridae
HM245790.1,Retroviridae
HM245925.1,Coronaviridae
HM363516.1,Potyviridae
HM439608.2,Solemoviridae
HM439775.1,Solemoviridae
HM452126.1,Straboviridae
HM461974.1,Rhabdoviridae
HM461982.1,Peduoviridae
HM466934.1,Phenuiviridae
HM466935.1,Phenuiviridae
HM466936.1,Phenuiviridae
HM474855.1,Rhabdoviridae
HM480846.1,Autotranscriptaviridae
HM560703.1,Partitiviridae
HM563683.1,Straboviridae
HM565953.1,Partitiviridae
HM566138.1,Phenuiviridae
HM566139.1,Phenuiviridae
HM566146.1,Phenuiviridae
HM566147.1,Phenuiviridae
HM566148.1,Phenuiviridae
HM566152.1,Phenuiviridae
HM566153.1,Phenuiviridae
HM566154.1,Phenuiviridae
HM566156.1,Phenuiviridae
HM566157.1,Phenuiviridae
HM566158.1,Phenuiviridae
HM566159.1,Phenuiviridae
HM566160.1,Phenuiviridae
HM566161.1,Phenuiviridae
HM566163.1,Phenuiviridae
HM566164.1,Phenuiviridae
HM566165.1,Phenuiviridae
HM566166.1,Phenuiviridae
HM566167.1,Phenuiviridae
HM566168.1,Phenuiviridae
HM566169.1,Phenuiviridae
HM566173.1,Phenuiviridae
HM566174.1,Phenuiviridae
HM566175.1,Phenuiviridae
HM566179.1,Phenuiviridae
HM566185.1,Phenuiviridae
HM566186.1,Phenuiviridae
HM566187.1,Phenuiviridae
HM566191.1,Phenuiviridae
HM566192.1,Phenuiviridae
HM566193.1,Phenuiviridae
HM566195.1,Rhabdoviridae
HM585353.1,Adenoviridae
HM588723.1,Closteroviridae
HM590588.1,Anelloviridae
HM627170.1,Orthomyxoviridae
HM627171.1,Orthomyxoviridae
HM627176.1,Peribunyaviridae
HM627177.1,Peribunyaviridae
HM627178.1,Peribunyaviridae
HM627180.1,Peribunyaviridae
HM627181.1,Peribunyaviridae
HM627184.1,Phenuiviridae
HM627185.1,Phenuiviridae
HM639779.1,Peribunyaviridae
HM639780.1,Peribunyaviridae
HM640230.1,Guelinviridae
HM640935.2,Tombusviridae
HM745930.1,Phenuiviridae
HM745931.1,Phenuiviridae
HM751199.1,Picornaviridae
HM754263.2,Solemoviridae
HM756287.1,Hantaviridae
HM770079.1,Peduoviridae
HM770721.2,Adenoviridae
HM777507.1,Dicistroviridae
HM849038.1,Nyamiviridae
HM856902.1,Rhabdoviridae
HM989930.1,Spinareoviridae
HM989931.1,Spinareoviridae
HM989932.1,Spinareoviridae
HM989934.1,Spinareoviridae
HM989935.1,Spinareoviridae
HM989937.1,Spinareoviridae
HM989938.1,Spinareoviridae
HM997019.1,Grimontviridae
HM997020.1,Straboviridae
HM999987.1,Papillomaviridae
HM999989.1,Papillomaviridae
HM999990.1,Papillomaviridae
HM999991.1,Papillomaviridae
HM999993.1,Papillomaviridae
HM999994.1,Papillomaviridae
HM999995.1,Papillomaviridae
HM999996.1,Papillomaviridae
HM999997.1,Papillomaviridae
HM999998.1,Papillomaviridae
HM999999.1,Papillomaviridae
HQ003891.1,Rhabdoviridae
HQ010042.1,Caliciviridae
HQ110083.1,Peduoviridae
HQ110084.1,Peduoviridae
HQ113105.1,Marseilleviridae
HQ123444.1,Picornaviridae
HQ128706.1,Amalgaviridae
HQ158596.1,Orthototiviridae
HQ161081.1,Potyviridae
HQ163896.1,Herelleviridae
HQ184471.1,Betaflexiviridae
HQ189459.1,Curvulaviridae
HQ221963.1,Orthoherpesviridae
HQ228213.1,Chrysoviridae
HQ228215.2,Chrysoviridae
HQ241409.1,Betaflexiviridae
HQ241818.1,Adenoviridae
HQ241819.1,Adenoviridae
HQ259103.1,Ackermannviridae
HQ259105.1,Schitoviridae
HQ262535.1,Papillomaviridae
HQ262536.1,Papillomaviridae
HQ291308.1,Parvoviridae
HQ293213.1,Papillomaviridae
HQ317292.1,Kyanoviridae
HQ317383.1,Kyanoviridae
HQ317387.2,Schitoviridae
HQ317393.2,Straboviridae
HQ331142.1,Straboviridae
HQ332141.1,Graaviviridae
HQ332143.1,Phypoliviridae
HQ335082.1,Anelloviridae
HQ335084.1,Anelloviridae
HQ335086.1,Genomoviridae
HQ336222.2,Mimiviridae
HQ337021.1,Kyanoviridae
HQ339954.1,Pistolviridae
HQ339956.1,Betaflexiviridae
HQ343295.1,Chrysoviridae
HQ343297.1,Chrysoviridae
HQ380014.1,Endornaviridae
HQ385746.1,Polyomaviridae
HQ385748.1,Polyomaviridae
HQ385752.1,Polyomaviridae
HQ388348.2,Solemoviridae
HQ389540.1,Virgaviridae
HQ402596.1,Tospoviridae
HQ404253.1,Hantaviridae
HQ406778.1,Demerecviridae
HQ541736.1,Phenuiviridae
HQ541737.1,Phenuiviridae
HQ541738.1,Phenuiviridae
HQ586965.1,Tolecusatellitidae
HQ588147.1,Betaflexiviridae
HQ593107.1,Caulimoviridae
HQ593108.1,Caulimoviridae
HQ593109.1,Caulimoviridae
HQ593110.1,Caulimoviridae
HQ593112.1,Caulimoviridae
HQ605912.1,Adenoviridae
HQ607520.1,Pseudototiviridae
HQ613271.1,Parvoviridae
HQ616080.1,Alphasatellitidae
HQ625440.1,Papillomaviridae
HQ625441.1,Papillomaviridae
HQ630627.1,Chimalliviridae
HQ632859.1,Casjensviridae
HQ634175.1,Kyanoviridae
HQ634177.1,Kyanoviridae
HQ634194.1,Schitoviridae
HQ641340.1,Autotranscriptaviridae
HQ641345.1,Zobellviridae
HQ641380.1,Schitoviridae
HQ660076.1,Rhabdoviridae
HQ660129.1,Paramyxoviridae
HQ665011.1,Demerecviridae
HQ676607.1,Potyviridae
HQ694978.1,Caulimoviridae
HQ696595.1,Polyomaviridae
HQ700667.1,Tospoviridae
HQ702854.1,Picornaviridae
HQ728263.1,Andersonviridae
HQ728265.1,Autotranscriptaviridae
HQ728266.1,Schitoviridae
HQ728385.1,Tospoviridae
HQ728386.1,Tospoviridae
HQ728387.1,Tospoviridae
HQ734817.1,Peribunyaviridae
HQ734821.1,Peribunyaviridae
HQ738634.1,Circoviridae
HQ738636.1,Circoviridae
HQ738637.1,Circoviridae
HQ738643.1,Circoviridae
HQ827781.1,Parvoviridae
HQ829472.1,Straboviridae
HQ832595.1,Vandenendeviridae
HQ834696.1,Hantaviridae
HQ834697.1,Hantaviridae
HQ840738.1,Orthoherpesviridae
HQ840786.2,Potyviridae
HQ847903.1,Spinareoviridae
HQ847906.1,Spinareoviridae
HQ847908.1,Spinareoviridae
HQ849551.1,Poxviridae
HQ852052.1,Kitaviridae
HQ852054.1,Kitaviridae
HQ871931.2,Sinhaliviridae
HQ871945.1,Fimoviridae
HQ878327.2,Orthoherpesviridae
HQ888865.2,Sinhaliviridae
HQ912790.1,Papillomaviridae
HQ912791.1,Papillomaviridae
HQ918180.1,Straboviridae
HQ992989.1,Mitoviridae
J01917.1,Adenoviridae
J02151.1,Orthomyxoviridae
J02226.1,Polyomaviridae
J02275.1,Parvoviridae
J02400.1,Polyomaviridae
J02413.1,Virgaviridae
J02451.1,Inoviridae
J02482.1,Microviridae
J04324.1,Arenaviridae
J04340.1,Arenaviridae
J04342.1,Virgaviridae
J04353.1,Papillomaviridae
J04357.1,Tombusviridae
J04692.1,Orthototiviridae
JF280796.2,Potyviridae
JF304764.1,Papillomaviridae
JF304765.1,Papillomaviridae
JF304766.1,Papillomaviridae
JF304767.1,Papillomaviridae
JF304768.1,Papillomaviridae
JF304937.1,Anelloviridae
JF304938.1,Anelloviridae
JF311402.1,Rhabdoviridae
JF311903.1,Rhabdoviridae
JF317015.1,Picornaviridae
JF320810.1,Betaflexiviridae
JF320812.1,Potyviridae
JF342666.1,Spinareoviridae
JF342667.1,Spinareoviridae
JF342668.1,Spinareoviridae
JF342669.1,Spinareoviridae
JF342670.1,Spinareoviridae
JF342671.1,Spinareoviridae
JF411744.1,Phycodnaviridae
JF411989.1,Caulimoviridae
JF416310.1,Picornaviridae
JF416311.1,Picornaviridae
JF416318.1,Picornaviridae
JF416321.1,Picornaviridae
JF416322.1,Picornaviridae
JF416931.1,Picornaviridae
JF416932.1,Picornaviridae
JF416934.1,Picornaviridae
JF416937.1,Picornaviridae
JF416938.1,Picornaviridae
JF417980.1,Tospoviridae
JF429834.1,Parvoviridae
JF436925.1,Picornaviridae
JF504699.1,Parvoviridae
JF513082.1,Benyviridae
JF513083.1,Benyviridae
JF519760.1,Picornaviridae
JF704108.1,Vilmaviridae
JF705876.1,Rhabdoviridae
JF713716.1,Kirkoviridae
JF713718.1,Kirkoviridae
JF713719.1,Kirkoviridae
JF716350.1,Botybirnaviridae
JF716351.1,Botybirnaviridae
JF719732.1,Inoviridae
JF719733.1,Inoviridae
JF719734.1,Inoviridae
JF720348.1,Iflaviridae
JF724001.1,Picornaviridae
JF729471.1,Virgaviridae
JF744988.1,Vilmaviridae
JF755402.1,Vilyaviridae
JF755403.1,Vilyaviridae
JF755408.1,Kanorauviridae
JF755418.1,Papillomaviridae
JF770475.1,Drexlerviridae
JF781304.1,Hypoviridae
JF781500.1,Picornaviridae
JF795479.1,Fimoviridae
JF796036.1,Hantaviridae
JF797218.1,Orthoherpesviridae
JF800656.1,Papillomaviridae
JF800657.1,Papillomaviridae
JF800658.1,Papillomaviridae
JF811580.1,Spinareoviridae
JF811581.1,Spinareoviridae
JF811582.1,Spinareoviridae
JF834523.1,Papillomaviridae
JF838187.1,Potyviridae
JF838325.1,Phenuiviridae
JF838326.1,Phenuiviridae
JF838328.1,Phenuiviridae
JF838329.1,Phenuiviridae
JF838330.1,Phenuiviridae
JF838331.1,Phenuiviridae
JF906559.1,Papillomaviridae
JF909596.1,Marseilleviridae
JF909597.1,Marseilleviridae
JF909599.1,Marseilleviridae
JF909600.1,Marseilleviridae
JF911697.1,Nairoviridae
JF911698.1,Nairoviridae
JF911699.1,Nairoviridae
JF911700.1,Rhabdoviridae
JF912400.1,Drexlerviridae
JF920133.1,Phenuiviridae
JF920134.1,Phenuiviridae
JF920135.1,Phenuiviridae
JF920136.1,Phenuiviridae
JF920137.1,Phenuiviridae
JF920138.1,Phenuiviridae
JF920149.1,Hantaviridae
JF923797.1,Zierdtviridae
JF930327.1,Alphaflexiviridae
JF937105.1,Vilmaviridae
JF938078.1,Kanorauviridae
JF938079.1,Circoviridae
JF938081.1,Circoviridae
JF938082.1,Circoviridae
JF939846.1,Phenuiviridae
JF939847.1,Phenuiviridae
JF939848.1,Phenuiviridae
JF965515.1,Picornaviridae
JF966203.1,Herelleviridae
JF973686.3,Picornaviridae
JF973687.1,Picornaviridae
JF974296.1,Schitoviridae
JF999965.1,Orthoherpesviridae
JN008909.1,Potyviridae
JN052073.1,Secoviridae
JN053266.1,Alphaflexiviridae
JN091707.1,Iflaviridae
JN116253.3,Arteriviridae
JN117276.1,Partitiviridae
JN117278.1,Partitiviridae
JN133279.1,Nanoviridae
JN133282.1,Nanoviridae
JN133283.1,Nanoviridae
JN171845.1,Papillomaviridae
JN192445.1,Sunviridae
JN196536.1,Partitiviridae
JN202312.1,Straboviridae
JN202450.1,Parvoviridae
JN205461.1,Picornaviridae
JN211193.1,Papillomaviridae
JN222389.1,Mitoviridae
JN225449.1,Andersonviridae
JN226746.1,Adenoviridae
JN226747.1,Adenoviridae
JN226749.1,Adenoviridae
JN226750.1,Adenoviridae
JN226751.1,Adenoviridae
JN226752.1,Adenoviridae
JN226753.1,Adenoviridae
JN226755.1,Adenoviridae
JN226756.1,Adenoviridae
JN226757.1,Adenoviridae
JN226758.1,Adenoviridae
JN226759.1,Adenoviridae
JN226761.1,Adenoviridae
JN226762.1,Adenoviridae
JN226763.1,Adenoviridae
JN226764.1,Adenoviridae
JN227533.1,Orthoherpesviridae
JN252129.1,Adenoviridae
JN254800.1,Lindbergviridae
JN254802.1,Adenoviridae
JN371768.1,Kyanoviridae
JN371769.1,Kyanoviridae
JN377894.1,Straboviridae
JN377895.1,Straboviridae
JN389521.1,Alphaflexiviridae
JN408834.1,Baculoviridae
JN418926.1,Adenoviridae
JN418988.1,Nudiviridae
JN420361.1,Parvoviridae
JN420365.1,Parvoviridae
JN420372.1,Parvoviridae
JN427014.1,Betaflexiviridae
JN560177.1,Tospoviridae
JN560178.1,Tospoviridae
JN561323.2,Orthoherpesviridae
JN562727.1,Picornaviridae
JN564907.1,Casjensviridae
JN565944.1,Hepadnaviridae
JN566124.1,Virgaviridae
JN572062.1,Peribunyaviridae
JN572064.1,Peribunyaviridae
JN572065.1,Peribunyaviridae
JN572066.1,Peribunyaviridae
JN572067.1,Peribunyaviridae
JN572068.1,Peribunyaviridae
JN572069.1,Peribunyaviridae
JN572070.1,Peribunyaviridae
JN572071.1,Peribunyaviridae
JN572073.1,Peribunyaviridae
JN572074.1,Peribunyaviridae
JN572075.1,Peribunyaviridae
JN572076.1,Peribunyaviridae
JN572080.1,Peribunyaviridae
JN572081.1,Peribunyaviridae
JN572082.1,Peribunyaviridae
JN572115.1,Picornaviridae
JN572116.1,Picornaviridae
JN587268.1,Tospoviridae
JN587269.1,Tospoviridae
JN591720.1,Betaflexiviridae
JN593240.1,Ackermannviridae
JN596962.1,Orthoherpesviridae
JN597006.1,Hepeviridae
JN603241.1,Fusagraviridae
JN606091.1,Partitiviridae
JN606110.1,Caulimoviridae
JN613807.1,Potyviridae
JN614995.1,Picornaviridae
JN614996.1,Picornaviridae
JN620802.1,Solemoviridae
JN632576.3,Adenoviridae
JN634851.1,Smacoviridae
JN635296.1,Matonaviridae
JN641803.1,Chimalliviridae
JN648103.1,Parvoviridae
JN651148.1,Kitaviridae
JN651149.1,Kitaviridae
JN651150.1,Kitaviridae
JN651151.1,Kitaviridae
JN654439.1,Herelleviridae
JN654496.1,Mitoviridae
JN671443.1,Fusagraviridae
JN671444.1,Fusagraviridae
JN672684.1,Drexlerviridae
JN673056.1,Ackermannviridae
JN680858.1,Vilmaviridae
JN689227.1,Paramyxoviridae
JN699628.3,Vilmaviridae
JN700748.1,Tombusviridae
JN704611.1,Anelloviridae
JN709469.1,Papillomaviridae
JN709471.1,Papillomaviridae
JN709472.1,Papillomaviridae
JN709473.1,Papillomaviridae
JN790865.1,Herelleviridae
JN797796.1,Herelleviridae
JN797797.1,Herelleviridae
JN797798.1,Herelleviridae
JN798566.1,Picornaviridae
JN800508.1,Guelinviridae
JN807387.1,Picornaviridae
JN808310.1,Peribunyaviridae
JN808311.1,Peribunyaviridae
JN815249.1,Picornaviridae
JN815251.1,Picornaviridae
JN819202.1,Picornaviridae
JN857329.1,Draupnirviridae
JN867756.1,Picornaviridae
JN867758.1,Picornaviridae
JN867759.1,Picornaviridae
JN867760.1,Picornaviridae
JN867761.1,Picornaviridae
JN867762.1,Picornaviridae
JN867764.1,Picornaviridae
JN867767.1,Picornaviridae
JN867768.1,Picornaviridae
JN867769.1,Picornaviridae
JN867771.1,Picornaviridae
JN867773.1,Picornaviridae
JN867774.1,Picornaviridae
JN867775.1,Picornaviridae
JN867776.1,Picornaviridae
JN867777.1,Picornaviridae
JN867778.1,Picornaviridae
JN867780.1,Picornaviridae
JN867790.1,Picornaviridae
JN870848.1,Iflaviridae
JN871591.1,Casjensviridae
JN880414.1,Endornaviridae
JN880448.1,Adenoviridae
JN882264.1,Pleolipoviridae
JN882265.1,Pleolipoviridae
JN882267.1,Pleolipoviridae
JN882286.1,Grimontviridae
JN882298.1,Autonotataviridae
JN935380.1,Rhabdoviridae
JN936206.1,Picornaviridae
JN968479.1,Sphaerolipoviridae
JN968590.1,Peribunyaviridae
JN968592.1,Peribunyaviridae
JN986844.1,Autosignataviridae
JN986845.1,Drexlerviridae
JN986846.1,Straboviridae
JN991020.1,Autonotataviridae
JN997472.1,Orthototiviridae
JN997473.1,Orthototiviridae
JN998606.1,Hepeviridae
JQ001749.1,Hepeviridae
JQ001776.1,Paramyxoviridae
JQ007353.1,Sarkviridae
JQ011377.1,Circoviridae
JQ013377.1,Mitoviridae
JQ013378.1,Mitoviridae
JQ023131.1,Closteroviridae
JQ031032.1,Papillomaviridae
JQ031033.1,Papillomaviridae
JQ031715.1,Betaflexiviridae
JQ037753.1,Parvoviridae
JQ037754.1,Parvoviridae
JQ045335.1,Chrysoviridae
JQ045336.1,Chrysoviridae
JQ065043.2,Coronaviridae
JQ065044.1,Coronaviridae
JQ065047.1,Coronaviridae
JQ065048.1,Coronaviridae
JQ065049.1,Coronaviridae
JQ067087.2,Mesyanzhinovviridae
JQ067089.2,Mesyanzhinovviridae
JQ067093.2,Mesyanzhinovviridae
JQ082301.1,Hantaviridae
JQ082302.1,Hantaviridae
JQ178241.1,Polyomaviridae
JQ182736.1,Drexlerviridae
JQ231222.1,Iridoviridae
JQ245971.1,Picornaviridae
JQ264772.1,Orthoherpesviridae
JQ277724.1,Picornaviridae
JQ308210.1,Anelloviridae
JQ309827.1,Rountreeviridae
JQ314463.1,Potyviridae
JQ316114.1,Caulimoviridae
JQ316470.1,Picornaviridae
JQ326209.1,Adenoviridae
JQ340389.1,Demerecviridae
JQ340774.2,Casjensviridae
JQ345700.1,Adenoviridae
JQ347522.1,Caliciviridae
JQ350738.1,Potyviridae
JQ360576.1,Orthoherpesviridae
JQ395040.1,Potyviridae
JQ406846.1,Anelloviridae
JQ411014.1,Paramyxoviridae
JQ412056.1,Genomoviridae
JQ412134.1,Polyomaviridae
JQ437415.1,Secoviridae
JQ446452.1,Zobellviridae
JQ596859.1,Orthoherpesviridae
JQ599282.2,Closteroviridae
JQ609095.1,Potyviridae
JQ611713.1,Hantaviridae
JQ611714.1,Hantaviridae
JQ654586.1,Iridoviridae
JQ659256.1,Peribunyaviridae
JQ659257.1,Peribunyaviridae
JQ659258.1,Peribunyaviridae
JQ670669.1,Secoviridae
JQ675598.2,Peribunyaviridae
JQ675600.2,Peribunyaviridae
JQ675601.5,Peribunyaviridae
JQ675603.5,Peribunyaviridae
JQ686190.1,Herelleviridae
JQ690741.1,Picornaviridae
JQ691613.1,Picornaviridae
JQ692088.1,Potyviridae
JQ692585.1,Parvoviridae
JQ700308.2,Solemoviridae
JQ701802.1,Papillomaviridae
JQ717261.1,Arenaviridae
JQ717262.1,Arenaviridae
JQ717263.1,Arenaviridae
JQ717264.1,Arenaviridae
JQ723475.1,Potyviridae
JQ729990.1,Guelinviridae
JQ729991.1,Guelinviridae
JQ754321.1,Papillomaviridae
JQ776547.1,Adenoviridae
JQ782213.1,Solemoviridae
JQ794501.1,Potyviridae
JQ797329.1,Herelleviridae
JQ798165.1,Baculoviridae
JQ798171.1,Papillomaviridae
JQ801448.1,Potyviridae
JQ807997.1,Potyviridae
JQ807999.1,Potyviridae
JQ809650.1,Zobellviridae
JQ809663.1,Peduoviridae
JQ811821.1,Picornaviridae
JQ811825.1,Picornaviridae
JQ811826.1,Picornaviridae
JQ811830.1,Picornaviridae
JQ814847.1,Papillomaviridae
JQ814850.1,Parvoviridae
JQ815363.1,Alloherpesviridae
JQ815364.1,Alloherpesviridae
JQ818253.1,Picornaviridae
JQ824374.1,Potyviridae
JQ837901.1,Autosignataviridae
JQ860350.1,Tobaniviridae
JQ864242.1,Picornaviridae
JQ867463.1,Retroviridae
JQ886184.1,Paramyxoviridae
JQ904630.1,Betaflexiviridae
JQ922305.1,Orthomyxoviridae
JQ922306.1,Orthomyxoviridae
JQ922308.1,Orthomyxoviridae
JQ923422.1,Parvoviridae
JQ924562.1,Phenuiviridae
JQ924563.1,Phenuiviridae
JQ924564.1,Phenuiviridae
JQ926983.1,Caulimoviridae
JQ928941.1,Orthomyxoviridae
JQ928944.1,Orthomyxoviridae
JQ941664.1,Rhabdoviridae
JQ941707.1,Rhabdoviridae
JQ941880.1,Picornaviridae
JQ957872.1,Mesoniviridae
JQ957873.1,Mesoniviridae
JQ957874.1,Mesoniviridae
JQ958886.1,Polyomaviridae
JQ958888.1,Polyomaviridae
JQ958889.1,Polyomaviridae
JQ958890.1,Polyomaviridae
JQ958891.1,Polyomaviridae
JQ958892.1,Polyomaviridae
JQ958893.1,Polyomaviridae
JQ965698.1,Papillomaviridae
JQ989270.1,Coronaviridae
JU091017.1,Mymonaviridae
JW826636.1,Mymonaviridae
JX000024.1,Kitaviridae
JX000025.1,Kitaviridae
JX027296.1,Parvoviridae
JX028272.1,Hantaviridae
JX035935.1,Papillomaviridae
JX036360.1,Polyomaviridae
JX045649.1,Fiersviridae
JX045650.1,Fiersviridae
JX051319.1,Paramyxoviridae
JX051320.1,Paramyxoviridae
JX065207.1,Bornaviridae
JX065209.1,Bornaviridae
JX065210.2,Bornaviridae
JX074053.1,Picornaviridae
JX080301.2,Herelleviridae
JX080302.2,Herelleviridae
JX080303.2,Herelleviridae
JX080304.2,Herelleviridae
JX080305.2,Herelleviridae
JX094431.1,Herelleviridae
JX094499.1,Casjensviridae
JX100809.1,Jeanschmidtviridae
JX100813.1,Jeanschmidtviridae
JX105428.1,Betaflexiviridae
JX112711.1,Paramyxoviridae
JX121109.2,Rhabdoviridae
JX123128.1,Papillomaviridae
JX123262.1,Straboviridae
JX123318.1,Solemoviridae
JX126918.2,Herelleviridae
JX128257.1,Ackermannviridae
JX128258.1,Lindbergviridae
JX128259.1,Straboviridae
JX131330.1,Mesyanzhinovviridae
JX134044.1,Anelloviridae
JX134046.1,Anelloviridae
JX134222.1,Picornaviridae
JX141478.1,Papillomaviridae
JX145328.1,Spinareoviridae
JX145329.1,Spinareoviridae
JX145331.1,Spinareoviridae
JX145332.1,Spinareoviridae
JX145333.1,Spinareoviridae
JX145334.1,Spinareoviridae
JX145336.1,Spinareoviridae
JX156422.1,Potyviridae
JX156425.1,Potyviridae
JX156434.1,Potyviridae
JX159980.1,Polyomaviridae
JX159981.1,Polyomaviridae
JX159982.1,Polyomaviridae
JX159984.1,Polyomaviridae
JX159985.1,Polyomaviridae
JX159986.1,Polyomaviridae
JX159987.1,Polyomaviridae
JX159988.2,Polyomaviridae
JX159989.1,Polyomaviridae
JX173276.1,Betaflexiviridae
JX173277.1,Betaflexiviridae
JX173487.1,Autotranscriptaviridae
JX174437.1,Papillomaviridae
JX181825.1,Straboviridae
JX181828.1,Ackermannviridae
JX181829.1,Ackermannviridae
JX183090.1,Alphasatellitidae
JX185415.1,Adamaviridae
JX185418.1,Draupnirviridae
JX185419.1,Circoviridae
JX185422.1,Circoviridae
JX185426.1,Circoviridae
JX185428.1,Genomoviridae
JX185429.1,Genomoviridae
JX185430.1,Genomoviridae
JX194238.1,Schitoviridae
JX194239.1,Herelleviridae
JX195166.1,Demerecviridae
JX202565.1,Sarkviridae
JX204737.1,Spinareoviridae
JX204738.1,Spinareoviridae
JX204740.1,Spinareoviridae
JX204741.1,Spinareoviridae
JX204742.1,Spinareoviridae
JX204743.1,Spinareoviridae
JX204744.1,Spinareoviridae
JX204745.1,Spinareoviridae
JX204746.1,Spinareoviridae
JX219567.1,Picornaviridae
JX219568.1,Picornaviridae
JX219573.1,Picornaviridae
JX219575.1,Picornaviridae
JX219579.1,Picornaviridae
JX219580.1,Picornaviridae
JX236040.3,Flaviviridae
JX257003.1,Picornaviridae
JX272320.1,Caulimoviridae
JX274018.1,Hepadnaviridae
JX274036.1,Smacoviridae
JX277553.1,Betaflexiviridae
JX291161.1,Potyviridae
JX294310.1,Potyviridae
JX296113.1,Casjensviridae
JX297815.1,Rhabdoviridae
JX304792.1,Secoviridae
JX306041.1,Straboviridae
JX310702.1,Anelloviridae
JX316028.1,Chimalliviridae
JX393302.1,Picornaviridae
JX401537.1,Mitoviridae
JX401538.1,Mitoviridae
JX403941.1,Birnaviridae
JX403942.1,Birnaviridae
JX412914.1,Inoviridae
JX413104.1,Papillomaviridae
JX413105.1,Papillomaviridae
JX413106.1,Papillomaviridae
JX413108.1,Papillomaviridae
JX413109.1,Papillomaviridae
JX413110.1,Papillomaviridae
JX415535.1,Schitoviridae
JX415536.1,Mktvariviridae
JX417822.1,Picornaviridae
JX428945.1,Flaviviridae
JX429923.1,Caulimoviridae
JX429973.1,Papillomaviridae
JX443418.1,Picornaviridae
JX444072.1,Papillomaviridae
JX453331.1,Malacoherpesviridae
JX454574.1,Baculoviridae
JX463183.1,Polyomaviridae
JX463340.1,Bromoviridae
JX463341.1,Bromoviridae
JX463342.1,Bromoviridae
JX465377.1,Hantaviridae
JX465388.1,Hantaviridae
JX465395.1,Hantaviridae
JX467702.1,Baculoviridae
JX470965.1,Potyviridae
JX472400.1,Phenuiviridae
JX472401.1,Phenuiviridae
JX472402.1,Phenuiviridae
JX472405.1,Phenuiviridae
JX473849.1,Arteriviridae
JX478260.2,Spinareoviridae
JX478261.1,Spinareoviridae
JX478262.1,Spinareoviridae
JX478263.2,Spinareoviridae
JX478264.1,Spinareoviridae
JX478266.1,Spinareoviridae
JX478268.2,Spinareoviridae
JX478269.1,Spinareoviridae
JX491648.1,Picornaviridae
JX491653.1,Ascoviridae
JX503061.1,Coronaviridae
JX514942.1,Picornaviridae
JX515788.1,Nimaviridae
JX520658.1,Polyomaviridae
JX520661.1,Polyomaviridae
JX520662.1,Polyomaviridae
JX520664.1,Polyomaviridae
JX536493.1,Straboviridae
JX537981.2,Picornaviridae
JX537991.2,Picornaviridae
JX560968.1,Andersonviridae
JX569193.2,Rhabdoviridae
JX569794.1,Circoviridae
JX569801.1,Connertonviridae
JX569847.1,Nanoviridae
JX570736.1,Alphasatellitidae
JX625144.1,Fiersviridae
JX625227.1,Partitiviridae
JX627573.1,Picornaviridae
JX678977.1,Endornaviridae
JX679246.1,Rhabdoviridae
JX683808.1,Picornaviridae
JX833564.1,Tospoviridae
JX846604.1,Peribunyaviridae
JX846605.1,Peribunyaviridae
JX846606.1,Peribunyaviridae
JX846612.1,Herelleviridae
JX846613.1,Herelleviridae
JX848617.1,Tombusviridae
JX857409.1,Paramyxoviridae
JX863737.1,Circoviridae
JX867236.1,Potyviridae
JX867540.1,Nanoviridae
JX867548.1,Nanoviridae
JX867550.1,Nanoviridae
JX867617.2,Orthoherpesviridae
JX867715.1,Mktvariviridae
JX869059.2,Coronaviridae
JX872508.1,Autotranscriptaviridae
JX875065.1,Herelleviridae
JX878496.1,Ackermannviridae
JX878671.1,Herelleviridae
JX880034.1,Schitoviridae
JX898220.1,Orthoherpesviridae
JX904075.1,Draupnirviridae
JX904231.1,Ouroboviridae
JX904407.1,Draupnirviridae
JX904581.1,Draupnirviridae
JX908739.1,Anicreviridae
JX913532.1,Alphasatellitidae
JX941466.1,Hepadnaviridae
JX961616.1,Phenuiviridae
JX961617.1,Phenuiviridae
JX961618.1,Phenuiviridae
JX961708.1,Picornaviridae
JX962719.1,Mimiviridae
JX971976.1,Partitiviridae
JX971978.1,Partitiviridae
JX971980.1,Partitiviridae
JX971982.1,Partitiviridae
JX971984.1,Partitiviridae
JX972168.1,Papillomaviridae
JX976612.1,Curvulaviridae
JX983192.1,Peribunyaviridae
JX983193.1,Peribunyaviridae
JX983194.1,Peribunyaviridae
JX997159.1,Phycodnaviridae
JX997183.1,Phycodnaviridae
K01392.1,Picornaviridae
K02121.1,Picornaviridae
K02703.1,Bromoviridae
K02708.1,Papillomaviridae
K02712.2,Retroviridae
K02715.1,Hepadnaviridae
K02718.1,Papillomaviridae
K02734.1,Arenaviridae
KA182589.1,Polycipiviridae
KC008572.1,Mimiviridae
KC012913.1,Herelleviridae
KC020689.2,Papillomaviridae
KC107834.1,Autonotataviridae
KC108721.1,Papillomaviridae
KC108722.1,Papillomaviridae
KC109329.1,Autotranscriptaviridae
KC113517.1,Rhabdoviridae
KC113518.1,Rhabdoviridae
KC117376.1,Hafunaviridae
KC117377.1,Druskaviridae
KC117378.1,Shortaselviridae
KC131129.1,Straboviridae
KC131130.1,Chimalliviridae
KC136242.1,Hantaviridae
KC136243.1,Hantaviridae
KC138720.1,Papillomaviridae
KC139511.1,Sarkviridae
KC139512.1,Casjensviridae
KC139513.1,Drexlerviridae
KC139519.1,Casjensviridae
KC139520.1,Schitoviridae
KC139521.1,Peduoviridae
KC145265.1,Flaviviridae
KC166238.1,Tombusviridae
KC179784.1,Baculoviridae
KC206276.2,Schitoviridae
KC248416.1,Adamaviridae
KC252997.1,Sphaerolipoviridae
KC292020.1,Hafunaviridae
KC292022.1,Hafunaviridae
KC292023.1,Haloferuviridae
KC292024.1,Saparoviridae
KC292025.1,Madisaviridae
KC292026.1,Halomagnusviridae
KC292028.1,Saparoviridae
KC292029.1,Druskaviridae
KC330679.1,Ehrlichviridae
KC330682.1,Ehrlichviridae
KC330683.1,Ehrlichviridae
KC330684.1,Ehrlichviridae
KC333050.1,Paramyxoviridae
KC335496.1,Phenuiviridae
KC335497.1,Phenuiviridae
KC339249.1,Circoviridae
KC339250.1,Parvoviridae
KC344269.1,Hantaviridae
KC344833.1,Picornaviridae
KC345607.1,Potyviridae
KC355457.1,Peribunyaviridae
KC355458.1,Peribunyaviridae
KC355459.1,Peribunyaviridae
KC357596.1,Inoviridae
KC410872.1,Flaviviridae
KC411777.1,Flaviviridae
KC411784.1,Flaviviridae
KC411806.1,Flaviviridae
KC412247.1,Rhabdoviridae
KC430106.1,Herelleviridae
KC443039.1,Potyviridae
KC460990.1,Sarkviridae
KC462165.1,Orthoherpesviridae
KC462197.1,Peduoviridae
KC464471.1,Bornaviridae
KC464478.1,Bornaviridae
KC490919.1,Hantaviridae
KC493646.1,Adenoviridae
KC503762.1,Orthoherpesviridae
KC505249.1,Solemoviridae
KC505252.1,Alphaflexiviridae
KC506156.1,Orthomyxoviridae
KC506157.1,Orthomyxoviridae
KC508669.1,Arenaviridae
KC510272.1,Peribunyaviridae
KC512916.1,Circoviridae
KC512918.1,Circoviridae
KC512919.1,Circoviridae
KC512920.1,Circoviridae
KC519324.1,Rhabdoviridae
KC545226.1,Smacoviridae
KC545383.1,Coronaviridae
KC551800.1,Flaviviridae
KC559092.1,Tombusviridae
KC577469.1,Solemoviridae
KC577470.1,Solemoviridae
KC579452.1,Drexlerviridae
KC580640.1,Parvoviridae
KC585008.1,Rhabdoviridae
KC588357.1,Spinareoviridae
KC588358.1,Spinareoviridae
KC588359.1,Spinareoviridae
KC588367.1,Spinareoviridae
KC588368.1,Spinareoviridae
KC588369.1,Spinareoviridae
KC588373.1,Spinareoviridae
KC588376.1,Spinareoviridae
KC588379.1,Spinareoviridae
KC588382.1,Spinareoviridae
KC588383.1,Spinareoviridae
KC589005.1,Phenuiviridae
KC589006.1,Phenuiviridae
KC589007.1,Phenuiviridae
KC594077.1,Polyomaviridae
KC595273.2,Bornaviridae
KC595305.1,Secoviridae
KC595512.2,Herelleviridae
KC595513.2,Herelleviridae
KC601997.2,Mymonaviridae
KC608035.1,Rhabdoviridae
KC608152.1,Peribunyaviridae
KC608154.1,Peribunyaviridae
KC610514.1,Orthototiviridae
KC614703.1,Picornaviridae
KC618326.1,Peduoviridae
KC631784.1,Hantaviridae
KC662249.1,Mesomimiviridae
KC663628.1,Picornaviridae
KC669549.1,Phenuiviridae
KC669550.1,Phenuiviridae
KC669551.1,Phenuiviridae
KC669693.1,Arenaviridae
KC669698.1,Arenaviridae
KC676792.1,Rhabdoviridae
KC677662.1,Casjensviridae
KC691259.1,Potyviridae
KC693021.1,Adenoviridae
KC693022.1,Adenoviridae
KC693023.1,Adenoviridae
KC699836.1,Herelleviridae
KC710998.1,Drexlerviridae
KC758116.1,Mesyanzhinovviridae
KC771281.1,Circoviridae
KC787658.1,Arteriviridae
KC790376.1,Hepadnaviridae
KC790377.1,Hepadnaviridae
KC790381.1,Hepadnaviridae
KC792591.1,Mitoviridae
KC795565.1,Spinareoviridae
KC795566.1,Spinareoviridae
KC795567.1,Spinareoviridae
KC795568.1,Spinareoviridae
KC795569.1,Spinareoviridae
KC795570.1,Spinareoviridae
KC795572.1,Spinareoviridae
KC796074.1,Flaviviridae
KC796077.1,Flaviviridae
KC796078.1,Flaviviridae
KC796080.1,Flaviviridae
KC796088.1,Flaviviridae
KC801932.2,Straboviridae
KC802221.1,Paramyxoviridae
KC807171.1,Mesoniviridae
KC808712.1,Caulimoviridae
KC810012.1,Papillomaviridae
KC811837.1,Picornaviridae
KC815310.1,Flaviviridae
KC821606.1,Obscuriviridae
KC821607.1,Assiduviridae
KC821608.1,Pachyviridae
KC821614.1,Pervagoviridae
KC821618.1,Assiduviridae
KC821622.1,Pachyviridae
KC821623.1,Obscuriviridae
KC821633.1,Pachyviridae
KC840043.1,Tymoviridae
KC843627.1,Picornaviridae
KC852153.1,Spinareoviridae
KC852154.1,Spinareoviridae
KC852155.1,Spinareoviridae
KC852156.1,Spinareoviridae
KC852157.1,Spinareoviridae
KC852158.1,Spinareoviridae
KC852159.1,Spinareoviridae
KC852160.1,Spinareoviridae
KC852161.1,Spinareoviridae
KC852162.1,Spinareoviridae
KC854416.1,Peribunyaviridae
KC854417.1,Peribunyaviridae
KC854418.1,Peribunyaviridae
KC855266.1,Secoviridae
KC855267.1,Secoviridae
KC858263.1,Papillomaviridae
KC858264.1,Papillomaviridae
KC858265.1,Papillomaviridae
KC858266.1,Papillomaviridae
KC862298.1,Vandenendeviridae
KC862299.1,Vandenendeviridae
KC862300.1,Vandenendeviridae
KC862317.1,Papillomaviridae
KC862318.1,Papillomaviridae
KC865735.1,Iridoviridae
KC876003.1,Picornaviridae
KC876004.1,Parvoviridae
KC876045.1,Papillomaviridae
KC880344.1,Hantaviridae
KC880347.1,Hantaviridae
KC904083.1,Secoviridae
KC904084.1,Secoviridae
KC904540.1,Closteroviridae
KC921392.1,Solemoviridae
KC923234.1,Alphaflexiviridae
KC935379.1,Picornaviridae
KC959931.1,Alphasatellitidae
KC960671.1,Autotranscriptaviridae
KC978940.1,Nanoviridae
KC978943.1,Nanoviridae
KC978949.1,Nanoviridae
KC978950.1,Nanoviridae
KC978953.1,Nanoviridae
KC978954.1,Nanoviridae
KC978958.1,Nanoviridae
KC978962.1,Nanoviridae
KC978990.1,Alphasatellitidae
KC979019.1,Nanoviridae
KC979020.1,Nanoviridae
KC979024.1,Nanoviridae
KC979051.1,Alphasatellitidae
KC979052.1,Alphasatellitidae
KC979054.1,Nanoviridae
KC979055.1,Nanoviridae
KC979058.1,Nanoviridae
KC979062.1,Nanoviridae
KC994644.1,Rhabdoviridae
KF006398.1,Papillomaviridae
KF006399.1,Papillomaviridae
KF006400.1,Papillomaviridae
KF006985.1,Picornaviridae
KF006988.1,Papillomaviridae
KF006989.1,Picornaviridae
KF017583.1,Orthoherpesviridae
KF021268.1,Herelleviridae
KF024725.1,Vilmaviridae
KF026355.1,Mitoviridae
KF031037.1,Bromoviridae
KF031038.1,Bromoviridae
KF031039.1,Bromoviridae
KF031466.1,Circoviridae
KF031943.1,Mitoviridae
KF040080.1,Picornaviridae
KF056323.1,Pleolipoviridae
KF133809.1,Bacilladnaviridae
KF133825.1,Kanorauviridae
KF147833.1,Polyomaviridae
KF147892.1,Papillomaviridae
KF148055.1,Sarkviridae
KF153117.1,Peribunyaviridae
KF153118.1,Peribunyaviridae
KF156338.1,Kyanoviridae
KF156340.1,Kyanoviridae
KF158713.1,Baculoviridae
KF183915.1,Picornaviridae
KF188458.1,Tectiviridae
KF192075.1,Schitoviridae
KF208315.1,Straboviridae
KF208639.2,Herelleviridae
KF234074.1,Peribunyaviridae
KF234075.1,Peribunyaviridae
KF234253.1,Peribunyaviridae
KF234254.1,Peribunyaviridae
KF234255.1,Peribunyaviridae
KF234256.1,Peribunyaviridae
KF234258.1,Peribunyaviridae
KF254770.1,Peribunyaviridae
KF254771.1,Peribunyaviridae
KF254772.1,Peribunyaviridae
KF254773.1,Peribunyaviridae
KF254774.1,Peribunyaviridae
KF254775.1,Peribunyaviridae
KF254776.1,Peribunyaviridae
KF254777.1,Peribunyaviridae
KF254779.1,Peribunyaviridae
KF254780.1,Peribunyaviridae
KF254781.1,Peribunyaviridae
KF260962.1,Potyviridae
KF274499.1,Orthoherpesviridae
KF274642.2,Lebotiviridae
KF278639.1,Paramyxoviridae
KF294380.2,Coronaviridae
KF294861.1,Anelloviridae
KF294862.1,Anelloviridae
KF297881.1,Arenaviridae
KF297900.1,Phenuiviridae
KF297901.1,Phenuiviridae
KF297902.1,Phenuiviridae
KF297903.1,Phenuiviridae
KF297904.1,Phenuiviridae
KF297905.1,Phenuiviridae
KF297910.1,Phenuiviridae
KF302037.1,Zobellviridae
KF306267.1,Picornaviridae
KF311065.1,Endornaviridae
KF322026.1,Autosignataviridae
KF322032.1,Peduoviridae
KF356198.1,Saffermanviridae
KF358279.2,Circoviridae
KF360047.1,Adenoviridae
KF360862.1,Polyomaviridae
KF360972.1,Rhabdoviridae
KF371630.1,Genomoviridae
KF371631.1,Genomoviridae
KF371632.1,Genomoviridae
KF371633.1,Genomoviridae
KF371634.1,Genomoviridae
KF371635.1,Genomoviridae
KF371636.1,Genomoviridae
KF371637.1,Genomoviridae
KF371638.1,Genomoviridae
KF371639.1,Genomoviridae
KF371640.1,Genomoviridae
KF371643.1,Genomoviridae
KF373759.1,Parvoviridae
KF373760.1,Anelloviridae
KF387721.1,Picornaviridae
KF395226.1,Rhabdoviridae
KF412901.2,Marnaviridae
KF413620.1,Genomoviridae
KF427701.2,Solemoviridae
KF430219.1,Coronaviridae
KF435148.1,Alphasatellitidae
KF471043.1,Alphasatellitidae
KF477193.1,Virgaviridae
KF477312.1,Adenoviridae
KF477313.1,Adenoviridae
KF482072.1,Tombusviridae
KF483846.1,Marseilleviridae
KF530058.1,Nyamiviridae
KF533697.1,Closteroviridae
KF533710.1,Betaflexiviridae
KF533711.1,Betaflexiviridae
KF533719.2,Secoviridae
KF533720.2,Secoviridae
KF534715.1,Chaseviridae
KF534749.1,Rhabdoviridae
KF541639.1,Picornaviridae
KF543245.1,Phenuiviridae
KF543246.1,Phenuiviridae
KF551880.1,Partitiviridae
KF551883.1,Partitiviridae
KF551884.1,Partitiviridae
KF551885.1,Partitiviridae
KF551887.1,Partitiviridae
KF554508.2,Herelleviridae
KF555653.1,Alphaflexiviridae
KF562072.1,Endornaviridae
KF562340.1,Schitoviridae
KF562341.1,Straboviridae
KF562864.1,Sarkviridae
KF562865.1,Sarkviridae
KF578398.1,Bornaviridae
KF581135.1,Hantaviridae
KF582788.2,Straboviridae
KF590572.1,Peribunyaviridae
KF590573.1,Peribunyaviridae
KF590574.1,Peribunyaviridae
KF590575.1,Peribunyaviridae
KF590577.1,Peribunyaviridae
KF598865.1,Saffermanviridae
KF611977.1,Baculoviridae
KF620435.1,Schitoviridae
KF623294.1,Chimalliviridae
KF626665.1,Casjensviridae
KF626666.1,Autonotataviridae
KF626667.1,Autonotataviridae
KF626668.1,Casjensviridae
KF648606.1,Picornaviridae
KF649336.1,Potyviridae
KF669647.1,Herelleviridae
KF669648.1,Ehrlichviridae
KF669649.1,Herelleviridae
KF669651.1,Ehrlichviridae
KF669652.1,Herelleviridae
KF669654.1,Ackermannviridae
KF669659.1,Ehrlichviridae
KF688606.1,Picornaviridae
KF688736.1,Chrysoviridae
KF692089.1,Spinareoviridae
KF692090.1,Spinareoviridae
KF692091.1,Spinareoviridae
KF692092.1,Spinareoviridae
KF692093.1,Spinareoviridae
KF692094.1,Spinareoviridae
KF692095.1,Spinareoviridae
KF692096.1,Spinareoviridae
KF692097.1,Spinareoviridae
KF692098.1,Spinareoviridae
KF697136.1,Peribunyaviridae
KF697137.1,Peribunyaviridae
KF697138.1,Peribunyaviridae
KF697139.1,Peribunyaviridae
KF697140.1,Peribunyaviridae
KF697141.1,Peribunyaviridae
KF697143.1,Peribunyaviridae
KF697144.1,Peribunyaviridae
KF697145.1,Peribunyaviridae
KF697147.1,Peribunyaviridae
KF697148.1,Peribunyaviridae
KF697150.1,Peribunyaviridae
KF697151.1,Peribunyaviridae
KF697152.1,Peribunyaviridae
KF697153.1,Peribunyaviridae
KF697154.1,Peribunyaviridae
KF697155.1,Peribunyaviridae
KF697156.1,Peribunyaviridae
KF697161.1,Peribunyaviridae
KF697162.1,Peribunyaviridae
KF700263.1,Betaflexiviridae
KF700371.1,Autotranscriptaviridae
KF703446.1,Orthoherpesviridae
KF710575.1,Nanoviridae
KF710901.1,Nanoviridae
KF711064.1,Nanoviridae
KF711227.1,Nanoviridae
KF726984.2,Circoviridae
KF738874.1,Kanorauviridae
KF738877.1,Adamaviridae
KF741227.2,Picornaviridae
KF741371.1,Papillomaviridae
KF751885.1,Iflaviridae
KF757256.1,Pseudototiviridae
KF764701.1,Anelloviridae
KF766114.1,Herelleviridae
KF771237.1,Drexlerviridae
KF771238.1,Drexlerviridae
KF774436.1,Paramyxoviridae
KF785752.1,Alphasatellitidae
KF787095.1,Schitoviridae
KF787112.3,Astroviridae
KF791042.1,Pseudototiviridae
KF792837.1,Parvoviridae
KF793824.1,Coronaviridae
KF803546.1,Mitoviridae
KF803547.1,Mitoviridae
KF806588.1,Schitoviridae
KF809662.1,Spinareoviridae
KF809663.1,Spinareoviridae
KF809664.1,Spinareoviridae
KF809665.1,Spinareoviridae
KF809666.1,Spinareoviridae
KF809667.1,Spinareoviridae
KF809668.1,Spinareoviridae
KF809669.1,Spinareoviridae
KF809670.1,Spinareoviridae
KF809671.1,Spinareoviridae
KF812525.1,Rhabdoviridae
KF812526.1,Rhabdoviridae
KF815939.1,Flaviviridae
KF826466.1,Potyviridae
KF831027.1,Picornaviridae
KF835987.1,Straboviridae
KF843822.1,Iflaviridae
KF848980.1,Phenuiviridae
KF848981.1,Phenuiviridae
KF848982.1,Phenuiviridae
KF857586.1,Papillomaviridae
KF880727.1,Smacoviridae
KF892053.1,Phenuiviridae
KF892054.1,Phenuiviridae
KF892056.1,Nairoviridae
KF892057.1,Nairoviridae
KF894742.1,Baculoviridae
KF906523.1,Potyviridae
KF917536.1,Flaviviridae
KF921519.1,Orthoherpesviridae
KF925357.1,Straboviridae
KF925531.1,Parvoviridae
KF938901.1,Iridoviridae
KF939649.1,Hepadnaviridae
KF947078.1,Rhabdoviridae
KF951328.2,Hepeviridae
KF954417.1,Polyomaviridae
KF958252.1,Rhabdoviridae
KF958311.1,Picornaviridae
KF958461.1,Picornaviridae
KF958838.1,Betaflexiviridae
KF961186.1,Picornaviridae
KF963175.1,Partitiviridae
KF963177.1,Partitiviridae
KF963179.1,Partitiviridae
KF963181.1,Partitiviridae
KF963183.1,Partitiviridae
KF963186.1,Partitiviridae
KF979333.1,Picornaviridae
KF979334.1,Picornaviridae
KF979336.1,Picornaviridae
KF979337.1,Picornaviridae
KF981633.1,Peribunyaviridae
KF981635.1,Peribunyaviridae
KF984546.1,Potyviridae
KJ000058.2,Straboviridae
KJ000696.1,Picornaviridae
KJ002054.2,Chaseviridae
KJ003983.1,Steigviridae
KJ010547.1,Herelleviridae
KJ010548.1,Herelleviridae
KJ013302.1,Caulimoviridae
KJ019028.1,Kyanoviridae
KJ019040.1,Kyanoviridae
KJ019052.1,Kyanoviridae
KJ019054.1,Kyanoviridae
KJ019058.1,Kyanoviridae
KJ019071.1,Kyanoviridae
KJ019082.1,Kyanoviridae
KJ019089.1,Kyanoviridae
KJ019091.1,Kyanoviridae
KJ019133.1,Kyanoviridae
KJ020099.1,Circoviridae
KJ081346.1,Herelleviridae
KJ082087.1,Rhabdoviridae
KJ094029.1,Herelleviridae
KJ094030.1,Herelleviridae
KJ094031.2,Herelleviridae
KJ094033.1,Herelleviridae
KJ101566.1,Pseudototiviridae
KJ101592.1,Straboviridae
KJ123645.1,Endornaviridae
KJ125489.1,Mesoniviridae
KJ130020.1,Papillomaviridae
KJ135004.2,Schitoviridae
KJ156451.1,Picornaviridae
KJ156523.1,Adenoviridae
KJ158169.1,Picornaviridae
KJ173785.1,Papillomaviridae
KJ174317.1,Ackermannviridae
KJ174318.1,Ackermannviridae
KJ179955.1,Rhabdoviridae
KJ184318.1,Nudiviridae
KJ186782.1,Mymonaviridae
KJ190157.1,Demerecviridae
KJ194604.1,Anelloviridae
KJ194617.1,Anelloviridae
KJ196290.1,Caliciviridae
KJ206566.1,Pecoviridae
KJ210330.1,Rountreeviridae
KJ363185.1,Pseudototiviridae
KJ364649.1,Pseudototiviridae
KJ395757.1,Virgaviridae
KJ396347.1,Parvoviridae
KJ396935.1,Rhabdoviridae
KJ399977.1,Rhabdoviridae
KJ406702.1,Baculoviridae
KJ409772.2,Vandenendeviridae
KJ410351.1,Papillomaviridae
KJ413252.1,Caulimoviridae
KJ415177.1,Picornaviridae
KJ415259.1,Betaflexiviridae
KJ418244.1,Picornaviridae
KJ418374.1,Chrysoviridae
KJ418375.1,Chrysoviridae
KJ420541.1,Hantaviridae
KJ420542.1,Hantaviridae
KJ420567.1,Hantaviridae
KJ420568.1,Hantaviridae
KJ432572.1,Rhabdoviridae
KJ432573.1,Rhabdoviridae
KJ434182.1,Phasmaviridae
KJ434183.1,Phasmaviridae
KJ451625.1,Herelleviridae
KJ452243.1,Papillomaviridae
KJ462514.1,Mitoviridae
KJ469371.1,Flaviviridae
KJ469653.1,Adenoviridae
KJ473806.1,Coronaviridae
KJ473807.1,Coronaviridae
KJ473809.1,Coronaviridae
KJ481921.1,Peribunyaviridae
KJ481923.1,Peribunyaviridae
KJ481924.1,Peribunyaviridae
KJ481925.1,Peribunyaviridae
KJ481926.1,Peribunyaviridae
KJ481927.1,Peribunyaviridae
KJ485703.1,Mitoviridae
KJ489397.1,Herelleviridae
KJ489398.1,Herelleviridae
KJ489399.1,Herelleviridae
KJ489401.1,Herelleviridae
KJ489402.1,Herelleviridae
KJ495710.1,Parvoviridae
KJ496143.1,Hepeviridae
KJ502657.1,Autosignataviridae
KJ507099.1,Autotranscriptaviridae
KJ528544.1,Rountreeviridae
KJ535721.1,Herelleviridae
KJ541744.1,Tospoviridae
KJ541745.1,Tospoviridae
KJ541746.1,Tospoviridae
KJ541759.1,Tobaniviridae
KJ547630.1,Kanorauviridae
KJ547631.1,Kanorauviridae
KJ547634.1,Genomoviridae
KJ547635.1,Genomoviridae
KJ547636.1,Genomoviridae
KJ547638.1,Genomoviridae
KJ547639.1,Genomoviridae
KJ547640.1,Genomoviridae
KJ547641.1,Genomoviridae
KJ547642.1,Genomoviridae
KJ547643.1,Genomoviridae
KJ547648.1,Adamaviridae
KJ549662.1,Fusagraviridae
KJ562187.1,Hepeviridae
KJ563221.1,Adenoviridae
KJ572562.2,Betaflexiviridae
KJ572563.2,Betaflexiviridae
KJ572564.2,Betaflexiviridae
KJ572573.2,Secoviridae
KJ572575.1,Closteroviridae
KJ577139.1,Caliciviridae
KJ577810.1,Smacoviridae
KJ577811.1,Smacoviridae
KJ577812.1,Smacoviridae
KJ577816.1,Smacoviridae
KJ577817.1,Smacoviridae
KJ577819.1,Smacoviridae
KJ586794.1,Herelleviridae
KJ586795.1,Herelleviridae
KJ591604.1,Herelleviridae
KJ621082.2,Schitoviridae
KJ631622.1,Baculoviridae
KJ634409.1,Endornaviridae
KJ636781.1,Rhabdoviridae
KJ641685.1,Picornaviridae
KJ641686.1,Picornaviridae
KJ641691.1,Picornaviridae
KJ641697.1,Picornaviridae
KJ641711.1,Circoviridae
KJ641712.1,Circoviridae
KJ641715.1,Circoviridae
KJ641716.1,Circoviridae
KJ641718.1,Draupnirviridae
KJ641720.1,Circoviridae
KJ641723.1,Circoviridae
KJ641726.1,Genomoviridae
KJ641727.1,Circoviridae
KJ641728.1,Circoviridae
KJ641729.1,Draupnirviridae
KJ641730.1,Mahapunaviridae
KJ641736.1,Kanorauviridae
KJ641737.1,Genomoviridae
KJ641738.1,Ouroboviridae
KJ641740.1,Circoviridae
KJ641741.1,Circoviridae
KJ645900.1,Schizomimiviridae
KJ667051.1,Mitoviridae
KJ668714.2,Straboviridae
KJ675505.1,Picornaviridae
KJ675506.1,Picornaviridae
KJ675507.1,Picornaviridae
KJ675568.1,Adenoviridae
KJ676450.1,Baculoviridae
KJ676859.1,Herelleviridae
KJ681496.1,Tobaniviridae
KJ701249.1,Picornaviridae
KJ704366.1,Aspiviridae
KJ705001.1,Orthoherpesviridae
KJ710423.1,Peribunyaviridae
KJ710424.1,Peribunyaviridae
KJ710425.1,Peribunyaviridae
KJ711908.1,Alphaflexiviridae
KJ740146.1,Phenuiviridae
KJ740147.1,Phenuiviridae
KJ740148.1,Phenuiviridae
KJ746622.1,Secoviridae
KJ746877.1,Nairoviridae
KJ746878.1,Nairoviridae
KJ748003.1,Closteroviridae
KJ756399.2,Bornaviridae
KJ776791.2,Flaviviridae
KJ787006.1,Potyviridae
KJ787686.1,Polymycoviridae
KJ789130.1,Betaflexiviridae
KJ790198.1,Caliciviridae
KJ801817.2,Herelleviridae
KJ801920.1,Poxviridae
KJ817371.1,Amalgaviridae
KJ830760.1,Potyviridae
KJ831064.1,Circoviridae
KJ855307.1,Arenaviridae
KJ855308.1,Arenaviridae
KJ857311.1,Hantaviridae
KJ857320.1,Hantaviridae
KJ857321.1,Hantaviridae
KJ857337.1,Hantaviridae
KJ857338.1,Hantaviridae
KJ857340.1,Hantaviridae
KJ857341.1,Hantaviridae
KJ858521.1,Chaseviridae
KJ859677.1,Poxviridae
KJ867177.1,Peribunyaviridae
KJ867178.1,Peribunyaviridae
KJ867182.1,Peribunyaviridae
KJ867183.1,Peribunyaviridae
KJ867188.1,Peribunyaviridae
KJ867189.1,Peribunyaviridae
KJ867190.1,Peribunyaviridae
KJ867200.1,Peribunyaviridae
KJ867201.1,Peribunyaviridae
KJ867203.1,Peribunyaviridae
KJ867204.1,Peribunyaviridae
KJ867205.1,Peribunyaviridae
KJ873059.2,Mitoviridae
KJ885302.1,Solemoviridae
KJ888149.1,Herelleviridae
KJ909794.1,Arenaviridae
KJ909795.1,Arenaviridae
KJ913662.1,Papillomaviridae
KJ918748.1,Tombusviridae
KJ934637.1,Picornaviridae
KJ938717.1,Genomoviridae
KJ939330.1,Phenuiviridae
KJ939331.1,Phenuiviridae
KJ939332.1,Phenuiviridae
KJ939346.1,Alphasatellitidae
KJ939631.1,Fimoviridae
KJ950883.1,Picornaviridae
KJ950906.1,Picornaviridae
KJ950911.1,Picornaviridae
KJ950914.1,Flaviviridae
KJ950938.1,Flaviviridae
KJ950939.1,Flaviviridae
KJ957164.1,Cystoviridae
KJ957165.1,Cystoviridae
KJ957166.1,Cystoviridae
KJ958535.1,Rhabdoviridae
KJ958536.1,Rhabdoviridae
KM009991.1,Baculoviridae
KM017740.1,Circoviridae
KM017741.1,Astroviridae
KM017744.1,Parvoviridae
KM020191.1,Arenaviridae
KM023140.1,Picornaviridae
KM035804.1,Parvoviridae
KM043107.1,Adenoviridae
KM044272.1,Mktvariviridae
KM048312.1,Phenuiviridae
KM048313.1,Phenuiviridae
KM048314.1,Phenuiviridae
KM051424.1,Pseudototiviridae
KM051528.1,Tolecusatellitidae
KM051843.1,Herelleviridae
KM051845.1,Orthoherpesviridae
KM052275.1,Parvoviridae
KM085029.1,Rhabdoviridae
KM085343.1,Papillomaviridae
KM092512.1,Peribunyaviridae
KM092513.1,Peribunyaviridae
KM092514.1,Peribunyaviridae
KM092515.1,Andersonviridae
KM102248.1,Hantaviridae
KM102249.1,Hantaviridae
KM102979.1,Asfarviridae
KM110938.1,Arteriviridae
KM111294.1,Asfarviridae
KM111295.1,Asfarviridae
KM111536.1,Anelloviridae
KM114252.1,Phenuiviridae
KM114253.1,Phenuiviridae
KM114254.1,Phenuiviridae
KM114255.1,Phenuiviridae
KM114257.1,Phenuiviridae
KM114305.1,Orthomyxoviridae
KM114307.1,Orthomyxoviridae
KM114308.1,Orthomyxoviridae
KM114546.1,Tospoviridae
KM114547.1,Tospoviridae
KM190146.1,Adenoviridae
KM199770.1,Pootjesviridae
KM204982.1,Rhabdoviridae
KM204983.1,Rhabdoviridae
KM204984.1,Rhabdoviridae
KM204987.1,Rhabdoviridae
KM204989.1,Rhabdoviridae
KM204990.1,Rhabdoviridae
KM204991.1,Rhabdoviridae
KM204993.1,Rhabdoviridae
KM204994.1,Rhabdoviridae
KM204995.1,Rhabdoviridae
KM204996.1,Rhabdoviridae
KM204997.1,Rhabdoviridae
KM204998.1,Rhabdoviridae
KM204999.1,Rhabdoviridae
KM205000.1,Rhabdoviridae
KM205001.1,Rhabdoviridae
KM205002.1,Rhabdoviridae
KM205003.1,Rhabdoviridae
KM205004.1,Rhabdoviridae
KM205005.1,Rhabdoviridae
KM205007.1,Rhabdoviridae
KM205009.1,Rhabdoviridae
KM205010.1,Rhabdoviridae
KM205011.1,Rhabdoviridae
KM205012.1,Rhabdoviridae
KM205013.1,Rhabdoviridae
KM205014.1,Rhabdoviridae
KM205015.1,Rhabdoviridae
KM205016.1,Rhabdoviridae
KM205017.1,Rhabdoviridae
KM205018.1,Rhabdoviridae
KM205020.1,Rhabdoviridae
KM205021.1,Rhabdoviridae
KM205022.1,Rhabdoviridae
KM205025.1,Rhabdoviridae
KM205026.1,Rhabdoviridae
KM216423.1,Herelleviridae
KM225254.1,Peribunyaviridae
KM225255.1,Peribunyaviridae
KM225256.1,Peribunyaviridae
KM225257.1,Peribunyaviridae
KM225258.1,Peribunyaviridae
KM225259.1,Peribunyaviridae
KM225260.1,Peribunyaviridae
KM225262.1,Peribunyaviridae
KM229700.1,Secoviridae
KM229702.1,Caulimoviridae
KM233624.1,Retroviridae
KM233705.1,Solemoviridae
KM236237.1,Straboviridae
KM236239.1,Andersonviridae
KM236240.1,Straboviridae
KM236241.1,Drexlerviridae
KM236244.1,Demerecviridae
KM236245.1,Herelleviridae
KM236246.1,Herelleviridae
KM242061.1,Autotranscriptaviridae
KM245522.1,Peribunyaviridae
KM245523.1,Peribunyaviridae
KM245524.1,Peribunyaviridae
KM253764.1,Autotranscriptaviridae
KM259874.1,Anelloviridae
KM259923.1,Picornaviridae
KM262782.1,Anelloviridae
KM262844.1,Asfarviridae
KM262845.1,Asfarviridae
KM272174.1,Peribunyaviridae
KM272175.1,Peribunyaviridae
KM272176.1,Peribunyaviridae
KM272183.1,Peribunyaviridae
KM272184.1,Peribunyaviridae
KM272185.1,Peribunyaviridae
KM272186.1,Peribunyaviridae
KM272187.1,Peribunyaviridae
KM272358.1,Sarkviridae
KM272987.1,Arenaviridae
KM273013.1,Picornaviridae
KM280924.1,Peribunyaviridae
KM280929.1,Peribunyaviridae
KM280937.1,Peribunyaviridae
KM282376.1,Polyomaviridae
KM349742.1,Coronaviridae
KM350503.1,Rhabdoviridae
KM359505.1,Kyanoviridae
KM366096.1,Autotranscriptaviridae
KM366097.1,Autosignataviridae
KM366098.1,Casjensviridae
KM366100.1,Rountreeviridae
KM370384.1,Autosignataviridae
KM379144.1,Alphaflexiviridae
KM382269.1,Circoviridae
KM382272.1,Draupnirviridae
KM407600.1,Straboviridae
KM434181.1,Anelloviridae
KM434184.1,Lindbergviridae
KM434186.1,Vandenendeviridae
KM454473.1,Coronaviridae
KM460042.1,Chuviridae
KM464724.1,Nairoviridae
KM464726.1,Nairoviridae
KM486097.1,Picornaviridae
KM501444.1,Straboviridae
KM502564.1,Poxviridae
KM502589.1,Burtonviroviridae
KM510190.1,Geplanaviridae
KM516906.1,Hepeviridae
KM517201.1,Mitoviridae
KM573766.1,Pecoviridae
KM573767.1,Adamaviridae
KM573769.1,Smacoviridae
KM573770.1,Smacoviridae
KM573771.1,Smacoviridae
KM573774.1,Smacoviridae
KM573775.1,Smacoviridae
KM573776.1,Adamaviridae
KM589358.1,Picornaviridae
KM589359.1,Tobaniviridae
KM591901.1,Adenoviridae
KM591902.1,Adenoviridae
KM591903.1,Adenoviridae
KM598387.1,Genomoviridae
KM598390.1,Geplanaviridae
KM598396.1,Adamaviridae
KM598397.1,Nenyaviridae
KM598398.1,Geplanaviridae
KM598405.1,Draupnirviridae
KM598406.1,Draupnirviridae
KM598409.1,Smacoviridae
KM598410.1,Smacoviridae
KM606994.1,Straboviridae
KM607000.1,Straboviridae
KM609325.1,Anelloviridae
KM610234.1,Nudiviridae
KM652554.1,Stanwilliamsviridae
KM657822.1,Andersonviridae
KM677927.1,Arteriviridae
KM817593.1,Chuviridae
KM817594.1,Chuviridae
KM817595.1,Chuviridae
KM817597.1,Chuviridae
KM817598.1,Aliusviridae
KM817599.1,Chuviridae
KM817600.1,Chuviridae
KM817601.1,Chuviridae
KM817603.1,Natareviridae
KM817604.1,Chuviridae
KM817606.1,Chuviridae
KM817610.1,Chuviridae
KM817611.1,Chuviridae
KM817629.1,Rhabdoviridae
KM817630.1,Rhabdoviridae
KM817632.1,Lispiviridae
KM817633.1,Lispiviridae
KM817635.1,Rhabdoviridae
KM817642.1,Rhabdoviridae
KM817643.1,Rhabdoviridae
KM817644.1,Nyamiviridae
KM817646.1,Rhabdoviridae
KM817648.1,Rhabdoviridae
KM817649.1,Rhabdoviridae
KM817650.1,Rhabdoviridae
KM817651.1,Rhabdoviridae
KM817652.1,Rhabdoviridae
KM817654.1,Rhabdoviridae
KM817656.1,Rhabdoviridae
KM817660.1,Rhabdoviridae
KM817661.1,Xinmoviridae
KM817662.1,Rhabdoviridae
KM817666.1,Phenuiviridae
KM817667.1,Nairoviridae
KM817668.1,Phenuiviridae
KM817672.1,Phenuiviridae
KM817674.1,Nairoviridae
KM817675.1,Phasmaviridae
KM817676.1,Nairoviridae
KM817679.1,Peribunyaviridae
KM817683.1,Nairoviridae
KM817684.1,Phenuiviridae
KM817689.1,Phenuiviridae
KM817690.1,Phenuiviridae
KM817692.1,Phasmaviridae
KM817696.2,Wupedeviridae
KM817697.1,Phasmaviridae
KM817700.1,Phenuiviridae
KM817703.1,Phenuiviridae
KM817704.1,Phenuiviridae
KM817706.1,Nairoviridae
KM817707.1,Phenuiviridae
KM817711.1,Nairoviridae
KM817712.1,Nairoviridae
KM817714.1,Peribunyaviridae
KM817717.1,Nairoviridae
KM817718.1,Nairoviridae
KM817722.1,Phenuiviridae
KM817724.2,Phasmaviridae
KM817726.1,Phasmaviridae
KM817727.1,Phasmaviridae
KM817728.1,Phenuiviridae
KM817729.1,Nairoviridae
KM817730.1,Phenuiviridae
KM817733.1,Phenuiviridae
KM817734.1,Nairoviridae
KM817737.1,Nairoviridae
KM817738.1,Nairoviridae
KM817739.1,Peribunyaviridae
KM817743.1,Nairoviridae
KM817744.1,Phenuiviridae
KM817745.1,Nairoviridae
KM817749.1,Phenuiviridae
KM817751.1,Phenuiviridae
KM817757.2,Wupedeviridae
KM817761.1,Phenuiviridae
KM817763.1,Phenuiviridae
KM817764.1,Phenuiviridae
KM819695.1,Autosignataviridae
KM819696.1,Autosignataviridae
KM819699.2,Tospoviridae
KM819701.1,Tospoviridae
KM821751.1,Kanorauviridae
KM821752.1,Mahapunaviridae
KM821754.2,Kanorauviridae
KM821755.2,Adamaviridae
KM821759.1,Kanorauviridae
KM821762.1,Kanorauviridae
KM821764.1,Adamaviridae
KM821767.1,Kanorauviridae
KM873611.1,Picornaviridae
KM874294.1,Draupnirviridae
KM874297.1,Kanorauviridae
KM874300.1,Draupnirviridae
KM874318.1,Draupnirviridae
KM874354.1,Ouroboviridae
KM874355.1,Geplanaviridae
KM879221.2,Schitoviridae
KM924292.1,Orthoherpesviridae
KM924295.1,Orthoherpesviridae
KM972726.1,Draupnirviridae
KM974184.1,Schitoviridae
KM979354.1,Demerecviridae
KM979355.1,Demerecviridae
KM982402.1,Mimiviridae
KM983393.1,Papillomaviridae
KP005453.1,Geplanaviridae
KP005454.1,Geplanaviridae
KP007360.1,Straboviridae
KP007361.1,Straboviridae
KP007362.1,Straboviridae
KP010413.1,Andersonviridae
KP013556.1,Hantaviridae
KP013579.1,Hantaviridae
KP025626.1,Autotranscriptaviridae
KP026921.1,Arteriviridae
KP027446.1,Herelleviridae
KP027447.1,Herelleviridae
KP033140.2,Polyomaviridae
KP037007.1,Ackermannviridae
KP050226.1,Arenaviridae
KP050227.1,Arenaviridae
KP054273.1,Picornaviridae
KP054477.1,Herelleviridae
KP055815.1,Asfarviridae
KP063118.1,Casjensviridae
KP063541.1,Peduoviridae
KP071318.1,Polyomaviridae
KP085586.1,Drexlerviridae
KP090453.1,Autotranscriptaviridae
KP090454.1,Autotranscriptaviridae
KP100644.1,Picornaviridae
KP136799.1,Orthoherpesviridae
KP143762.1,Andersonviridae
KP143763.1,Demerecviridae
KP143769.1,Poxviridae
KP144329.1,Adenoviridae
KP146140.1,Tospoviridae
KP153393.1,Kanorauviridae
KP153404.1,Adamaviridae
KP153407.1,Mahapunaviridae
KP153408.1,Draupnirviridae
KP153409.1,Anicreviridae
KP153423.1,Draupnirviridae
KP153447.1,Adamaviridae
KP153453.1,Gandrviridae
KP153458.1,Kanorauviridae
KP153468.1,Adamaviridae
KP153471.1,Mahapunaviridae
KP153474.1,Mahapunaviridae
KP153475.1,Mahapunaviridae
KP153483.1,Adamaviridae
KP153485.1,Adamaviridae
KP153494.1,Kanorauviridae
KP153500.1,Kanorauviridae
KP153501.1,Geplanaviridae
KP153508.1,Kanorauviridae
KP205452.2,Rhabdoviridae
KP205502.1,Papillomaviridae
KP208178.1,Hypoviridae
KP211958.1,Kyanoviridae
KP230449.1,Picornaviridae
KP233174.1,Smacoviridae
KP233178.1,Smacoviridae
KP233180.1,Smacoviridae
KP233189.1,Smacoviridae
KP233191.1,Smacoviridae
KP233194.1,Smacoviridae
KP233897.1,Picornaviridae
KP236128.1,Picornaviridae
KP238322.1,Adenoviridae
KP239989.1,Endornaviridae
KP245734.1,Polymycoviridae
KP263547.1,Genomoviridae
KP264975.1,Picornaviridae
KP266741.1,Iridoviridae
KP266742.1,Iridoviridae
KP266743.1,Iridoviridae
KP271124.1,Paramyxoviridae
KP272002.1,Phenuiviridae
KP272003.1,Phenuiviridae
KP272028.1,Phenuiviridae
KP272029.1,Phenuiviridae
KP272030.1,Phenuiviridae
KP272034.1,Phenuiviridae
KP272035.1,Phenuiviridae
KP272036.1,Phenuiviridae
KP272040.1,Phenuiviridae
KP272041.1,Phenuiviridae
KP272042.1,Phenuiviridae
KP272043.1,Phenuiviridae
KP272044.1,Phenuiviridae
KP280006.1,Arteriviridae
KP280062.1,Schitoviridae
KP280063.1,Demerecviridae
KP282614.1,Picornaviridae
KP282673.1,Ampullaviridae
KP282674.1,Ampullaviridae
KP282675.1,Rudiviridae
KP296186.1,Baculoviridae
KP296853.1,Anelloviridae
KP296856.1,Anelloviridae
KP296857.1,Anelloviridae
KP313240.1,Alphaflexiviridae
KP313531.1,Autotranscriptaviridae
KP324827.1,Rhabdoviridae
KP324828.1,Rhabdoviridae
KP325401.1,Flaviviridae
KP329562.1,Adenoviridae
KP329563.1,Adenoviridae
KP329565.1,Adenoviridae
KP329566.1,Adenoviridae
KP339049.1,Herelleviridae
KP340288.1,Lindbergviridae
KP343639.1,Autotranscriptaviridae
KP343681.1,Potyviridae
KP345887.1,Picornaviridae
KP345888.1,Picornaviridae
KP404602.1,Secoviridae
KP405232.1,Potyviridae
KP406723.1,Nairoviridae
KP406725.1,Nairoviridae
KP410261.1,Parvoviridae
KP641127.2,Flaviviridae
KP644238.1,Polyomaviridae
KP658157.1,Drexlerviridae
KP671755.1,Straboviridae
KP676001.1,Orthoherpesviridae
KP686398.1,Megabirnaviridae
KP686399.1,Megabirnaviridae
KP687431.1,Herelleviridae
KP687432.1,Herelleviridae
KP688373.1,Rhabdoviridae
KP691627.1,Peribunyaviridae
KP691628.1,Peribunyaviridae
KP691629.1,Peribunyaviridae
KP692114.1,Papillomaviridae
KP692115.1,Papillomaviridae
KP692116.1,Papillomaviridae
KP705075.1,Mitoviridae
KP710178.1,Caulimoviridae
KP710232.1,Phasmaviridae
KP710246.1,Phasmaviridae
KP710267.1,Phasmaviridae
KP728110.2,Poxviridae
KP729195.1,Parvoviridae
KP733794.1,Parvoviridae
KP752043.1,Baculoviridae
KP757765.1,Papillomaviridae
KP760461.1,Virgaviridae
KP760462.1,Virgaviridae
KP763670.1,Baculoviridae
KP769769.1,Papillomaviridae
KP769852.1,Potyviridae
KP770140.1,Picornaviridae
KP771821.1,Phenuiviridae
KP771822.1,Phenuiviridae
KP771823.1,Phenuiviridae
KP774592.1,Botybirnaviridae
KP774835.2,Zobellviridae
KP779642.1,Picornaviridae
KP782030.1,Chrysoviridae
KP782031.1,Chrysoviridae
KP784454.2,Betaflexiviridae
KP791805.1,Autotranscriptaviridae
KP791806.1,Autotranscriptaviridae
KP792652.1,Peribunyaviridae
KP792653.1,Peribunyaviridae
KP792654.1,Peribunyaviridae
KP792655.1,Peribunyaviridae
KP792656.1,Peribunyaviridae
KP792657.1,Peribunyaviridae
KP792658.1,Peribunyaviridae
KP792659.1,Peribunyaviridae
KP792660.1,Peribunyaviridae
KP792661.1,Peribunyaviridae
KP792662.1,Peribunyaviridae
KP792663.1,Peribunyaviridae
KP792664.1,Peribunyaviridae
KP792665.1,Peribunyaviridae
KP792666.1,Peribunyaviridae
KP792667.1,Peribunyaviridae
KP792668.1,Peribunyaviridae
KP792670.1,Peribunyaviridae
KP792671.1,Peribunyaviridae
KP792672.1,Peribunyaviridae
KP792673.1,Peribunyaviridae
KP792674.1,Peribunyaviridae
KP792675.1,Peribunyaviridae
KP792676.1,Peribunyaviridae
KP792677.1,Peribunyaviridae
KP792678.1,Peribunyaviridae
KP792679.1,Peribunyaviridae
KP792680.1,Peribunyaviridae
KP792681.1,Peribunyaviridae
KP792688.1,Peribunyaviridae
KP792689.1,Peribunyaviridae
KP792690.1,Peribunyaviridae
KP792691.1,Peribunyaviridae
KP792692.1,Peribunyaviridae
KP792693.1,Peribunyaviridae
KP792706.1,Nairoviridae
KP792707.1,Nairoviridae
KP792708.1,Nairoviridae
KP792710.1,Nairoviridae
KP792711.1,Nairoviridae
KP792712.1,Nairoviridae
KP792713.1,Nairoviridae
KP792714.1,Nairoviridae
KP792716.1,Nairoviridae
KP792741.1,Nairoviridae
KP792742.1,Nairoviridae
KP792743.1,Nairoviridae
KP792745.1,Nairoviridae
KP792746.1,Nairoviridae
KP793918.1,Circoviridae
KP797973.1,Ackermannviridae
KP835518.1,Peribunyaviridae
KP835519.1,Peribunyaviridae
KP835520.1,Peribunyaviridae
KP842791.1,Fusariviridae
KP853109.1,Adenoviridae
KP853110.1,Adenoviridae
KP853111.1,Adenoviridae
KP853122.1,Adenoviridae
KP860906.1,Smacoviridae
KP861980.1,Papillomaviridae
KP863799.1,Phenuiviridae
KP863800.1,Phenuiviridae
KP863801.1,Phenuiviridae
KP867641.1,Arenaviridae
KP867642.1,Arenaviridae
KP869100.1,Andersonviridae
KP869101.1,Straboviridae
KP876629.1,Chrysoviridae
KP876631.1,Chrysoviridae
KP881232.1,Pootjesviridae
KP890822.1,Autosignataviridae
KP890823.1,Straboviridae
KP900886.1,Chrysoviridae
KP900887.2,Chrysoviridae
KP900888.1,Chrysoviridae
KP900890.1,Fusariviridae
KP900893.1,Hypoviridae
KP900921.1,Botourmiaviridae
KP900922.1,Botourmiaviridae
KP900928.1,Botourmiaviridae
KP900929.1,Botourmiaviridae
KP900930.1,Mymonaviridae
KP900931.1,Mymonaviridae
KP901095.1,Tombusviridae
KP966108.1,Peduoviridae
KP966617.1,Phenuiviridae
KP966618.1,Phenuiviridae
KP966619.1,Phenuiviridae
KP966620.1,Phenuiviridae
KP966621.1,Phenuiviridae
KP972568.1,Inoviridae
KP974693.1,Genomoviridae
KP984504.1,Orthototiviridae
KP987887.1,Genomoviridae
KR002686.1,Closteroviridae
KR002687.1,Closteroviridae
KR003786.1,Phenuiviridae
KR011032.1,Secoviridae
KR011717.2,Baculoviridae
KR011718.1,Baculoviridae
KR013232.1,Peribunyaviridae
KR013233.1,Peribunyaviridae
KR013234.1,Peribunyaviridae
KR013236.1,Peribunyaviridae
KR013237.1,Peribunyaviridae
KR014248.1,Andersonviridae
KR049063.1,Herelleviridae
KR052142.1,Schitoviridae
KR052143.1,Vandenendeviridae
KR053200.1,Stackebrandtviridae
KR054030.1,Lindbergviridae
KR054033.1,Lindbergviridae
KR065722.1,Polyomaviridae
KR072622.1,Hantaviridae
KR072623.1,Hantaviridae
KR073661.1,Peduoviridae
KR075943.1,Polyomaviridae
KR080326.1,Endornaviridae
KR080327.1,Caulimoviridae
KR091910.1,Baculoviridae
KR094115.1,Phenuiviridae
KR094116.1,Phenuiviridae
KR094118.1,Phenuiviridae
KR095315.1,Poxviridae
KR106133.1,Amalgaviridae
KR106177.1,Phenuiviridae
KR106178.1,Phenuiviridae
KR106179.1,Phenuiviridae
KR134312.1,Amesuviridae
KR139659.1,Iridoviridae
KR139839.1,Arteriviridae
KR149247.1,Peribunyaviridae
KR149248.1,Peribunyaviridae
KR149249.1,Peribunyaviridae
KR149291.1,Autotranscriptaviridae
KR153873.1,Autotranscriptaviridae
KR229754.1,Hepadnaviridae
KR233164.1,Demerecviridae
KR260738.1,Peribunyaviridae
KR260739.1,Peribunyaviridae
KR260740.1,Peribunyaviridae
KR262148.1,Drexlerviridae
KR269718.1,Straboviridae
KR269719.1,Drexlerviridae
KR270151.1,Sarkviridae
KR296689.1,Casjensviridae
KR296691.1,Casjensviridae
KR296692.1,Ackermannviridae
KR349343.1,Betaflexiviridae
KR349464.1,Closteroviridae
KR351281.1,Orthoherpesviridae
KR363190.1,Phenuiviridae
KR363191.1,Phenuiviridae
KR363192.1,Phenuiviridae
KR422352.1,Straboviridae
KR422353.1,Demerecviridae
KR528545.1,Ouroboviridae
KR528547.1,Ouroboviridae
KR528548.1,Anicreviridae
KR528549.1,Ouroboviridae
KR528551.1,Ouroboviridae
KR528552.1,Ouroboviridae
KR528554.1,Ouroboviridae
KR528560.1,Kanorauviridae
KR528561.1,Ouroboviridae
KR528562.1,Ouroboviridae
KR528568.1,Anicreviridae
KR534877.1,Nairoviridae
KR537446.1,Nairoviridae
KR537447.1,Nairoviridae
KR537448.1,Nairoviridae
KR537449.1,Nairoviridae
KR537450.1,Nairoviridae
KR537451.1,Nairoviridae
KR537452.1,Nairoviridae
KR537453.1,Nairoviridae
KR537454.1,Nairoviridae
KR584663.1,Baculoviridae
KR612223.1,Bornaviridae
KR612230.1,Rhabdoviridae
KR703607.1,Picornaviridae
KR704195.1,Spinareoviridae
KR704198.1,Spinareoviridae
KR704199.1,Spinareoviridae
KR704200.1,Spinareoviridae
KR815466.1,Baculoviridae
KR816174.1,Papillomaviridae
KR822811.1,Rhabdoviridae
KR822812.1,Rhabdoviridae
KR822816.1,Rhabdoviridae
KR822818.1,Rhabdoviridae
KR822819.1,Xinmoviridae
KR822825.1,Rhabdoviridae
KR822826.1,Rhabdoviridae
KR862307.1,Arteriviridae
KR869157.1,Lindbergviridae
KR869820.1,Straboviridae
KR870012.1,Arenaviridae
KR870013.1,Arenaviridae
KR870015.1,Arenaviridae
KR870017.2,Arenaviridae
KR870022.1,Arenaviridae
KR870029.1,Arenaviridae
KR870031.2,Arenaviridae
KR872420.1,Alphaflexiviridae
KR902498.1,Kirkoviridae
KR902499.1,Circoviridae
KR902501.1,Anelloviridae
KR902507.1,Picobirnaviridae
KR902508.1,Picobirnaviridae
KR902510.1,Coronaviridae
KR908644.1,Herelleviridae
KR912221.1,Genomoviridae
KR997836.1,Botourmiaviridae
KR997882.1,Picornaviridae
KR997885.1,Picornaviridae
KT001920.1,Drexlerviridae
KT008108.1,Autotranscriptaviridae
KT013209.1,Adenoviridae
KT013296.1,Fusagraviridae
KT027939.1,Anelloviridae
KT071755.1,Paramyxoviridae
KT099170.1,Alphasatellitidae
KT099172.1,Alphasatellitidae
KT099173.1,Alphasatellitidae
KT148886.1,Caulimoviridae
KT149395.1,Geplanaviridae
KT149398.1,Adamaviridae
KT149401.1,Kanorauviridae
KT149403.1,Draupnirviridae
KT149408.1,Kanorauviridae
KT149410.1,Draupnirviridae
KT149412.1,Adamaviridae
KT159937.1,Poxviridae
KT160026.1,Peribunyaviridae
KT160027.1,Peribunyaviridae
KT160028.1,Peribunyaviridae
KT160425.1,Adenoviridae
KT166441.1,Arteriviridae
KT176190.1,Straboviridae
KT184308.1,Straboviridae
KT184309.1,Straboviridae
KT184311.1,Straboviridae
KT184312.1,Straboviridae
KT184313.1,Andersonviridae
KT191297.1,Phlegiviridae
KT207918.1,Herelleviridae
KT215610.1,Paramyxoviridae
KT224359.1,Herelleviridae
KT225271.2,Virgaviridae
KT225273.2,Virgaviridae
KT229611.1,Picornaviridae
KT238881.1,Secoviridae
KT253577.1,Genomoviridae
KT265900.1,Picornaviridae
KT265903.1,Picornaviridae
KT265909.1,Picornaviridae
KT265911.2,Picornaviridae
KT265941.1,Picornaviridae
KT265961.2,Picornaviridae
KT266010.1,Picornaviridae
KT272399.1,Papillomaviridae
KT273409.1,Tombusviridae
KT281791.1,Vilmaviridae
KT290039.1,Bromoviridae
KT290040.1,Bromoviridae
KT290041.1,Bromoviridae
KT307976.1,Herelleviridae
KT309029.1,Genomoviridae
KT319121.2,Picornaviridae
KT321314.1,Autotranscriptaviridae
KT321315.1,Straboviridae
KT321317.2,Schitoviridae
KT325852.1,Picornaviridae
KT326919.1,Papillomaviridae
KT328591.1,Phenuiviridae
KT334540.1,Peribunyaviridae
KT363839.1,Genomoviridae
KT363872.2,Andersonviridae
KT365401.1,Berryhillviridae
KT365894.1,Pseudototiviridae
KT365895.1,Mitoviridae
KT365896.1,Mitoviridae
KT372135.1,Polymycoviridae
KT381879.1,Autonotataviridae
KT383474.1,Virgaviridae
KT388111.1,Orthototiviridae
KT428155.1,Pseudototiviridae
KT439329.1,Flaviviridae
KT447550.1,Arteriviridae
KT452637.1,Picornaviridae
KT452644.1,Picornaviridae
KT452691.1,Picornaviridae
KT452714.1,Picornaviridae
KT452729.1,Picornaviridae
KT452730.1,Picornaviridae
KT452735.1,Picornaviridae
KT452742.1,Picornaviridae
KT454805.2,Andersonviridae
KT454806.2,Andersonviridae
KT456287.1,Endornaviridae
KT456288.1,Endornaviridae
KT581451.1,Deltaflexiviridae
KT581957.1,Chrysoviridae
KT581958.1,Chrysoviridae
KT581960.1,Fusariviridae
KT594769.1,Orthoherpesviridae
KT595939.1,Orthoherpesviridae
KT598225.1,Mymonaviridae
KT598226.1,Deltaflexiviridae
KT598227.1,Mymonaviridae
KT598228.1,Mymonaviridae
KT598229.1,Mymonaviridae
KT598235.1,Botourmiaviridae
KT598247.1,Botourmiaviridae
KT600066.1,Pecoviridae
KT600068.1,Smacoviridae
KT601099.1,Fusariviridae
KT601106.1,Amalgaviridae
KT601107.1,Fusariviridae
KT601115.1,Chrysoviridae
KT601120.1,Megabirnaviridae
KT630645.2,Peduoviridae
KT630647.2,Peduoviridae
KT633868.1,Potyviridae
KT692938.1,Potyviridae
KT693187.1,Phenuiviridae
KT693188.1,Phenuiviridae
KT696547.1,Spinareoviridae
KT696548.1,Spinareoviridae
KT696549.1,Spinareoviridae
KT696551.1,Spinareoviridae
KT696552.1,Spinareoviridae
KT696553.1,Spinareoviridae
KT696554.1,Spinareoviridae
KT696555.1,Spinareoviridae
KT696556.1,Spinareoviridae
KT698166.1,Papillomaviridae
KT698167.1,Papillomaviridae
KT698168.1,Papillomaviridae
KT698852.1,Adenoviridae
KT698853.1,Adenoviridae
KT716186.1,Parvoviridae
KT717083.1,Aliceevansviridae
KT717084.1,Aliceevansviridae
KT717085.1,Aliceevansviridae
KT721705.1,Endornaviridae
KT724961.1,Potyviridae
KT725636.1,Pistolviridae
KT727022.1,Endornaviridae
KT727023.1,Marnaviridae
KT727024.1,Marnaviridae
KT727026.1,Marnaviridae
KT728930.1,Inoviridae
KT732785.1,Circoviridae
KT732786.1,Circoviridae
KT732790.1,Genomoviridae
KT732792.1,Genomoviridae
KT732794.1,Genomoviridae
KT732795.1,Genomoviridae
KT732797.1,Genomoviridae
KT732800.1,Genomoviridae
KT732801.1,Genomoviridae
KT732806.1,Genomoviridae
KT732807.1,Genomoviridae
KT732813.1,Genomoviridae
KT732814.1,Genomoviridae
KT732816.1,Adamaviridae
KT732818.1,Anicreviridae
KT732823.1,Adamaviridae
KT733084.3,Curvulaviridae
KT734862.1,Mesyanzhinovviridae
KT763043.1,Betaflexiviridae
KT779204.1,Bromoviridae
KT779205.1,Bromoviridae
KT779206.1,Bromoviridae
KT780304.1,Salasmaviridae
KT783484.1,Circoviridae
KT804738.1,Iridoviridae
KT809302.1,Sphaerolipoviridae
KT819633.1,Orthoherpesviridae
KT820203.1,Peribunyaviridae
KT820205.1,Nairoviridae
KT820206.1,Nairoviridae
KT820207.1,Nairoviridae
KT820662.1,Mesomimiviridae
KT823701.1,Endornaviridae
KT825490.1,Drexlerviridae
KT832477.1,Orthoherpesviridae
KT834407.1,Potyviridae
KT852574.1,Autotranscriptaviridae
KT861481.1,Fimoviridae
KT862219.1,Smacoviridae
KT862221.1,Smacoviridae
KT862222.1,Smacoviridae
KT862223.1,Smacoviridae
KT862225.1,Smacoviridae
KT862228.1,Smacoviridae
KT862229.1,Smacoviridae
KT862230.1,Endolinaviridae
KT862235.1,Mahapunaviridae
KT862238.1,Genomoviridae
KT862242.1,Genomoviridae
KT862243.1,Genomoviridae
KT862245.1,Genomoviridae
KT862248.1,Genomoviridae
KT862249.1,Genomoviridae
KT862250.1,Genomoviridae
KT862253.1,Genomoviridae
KT862254.1,Genomoviridae
KT862806.1,Adenoviridae
KT862807.1,Adenoviridae
KT862810.1,Adenoviridae
KT862812.1,Adenoviridae
KT868811.1,Parvoviridae
KT869077.1,Circoviridae
KT877158.1,Picornaviridae
KT878836.1,Circoviridae
KT878839.1,Parvoviridae
KT880665.1,Picornaviridae
KT880667.1,Picornaviridae
KT880670.1,Picornaviridae
KT884050.1,Polyomaviridae
KT893294.1,Betaflexiviridae
KT899702.1,Hantaviridae
KT899703.1,Hantaviridae
KT921179.1,Mitoviridae
KT921180.1,Mitoviridae
KT921182.1,Mitoviridae
KT921183.1,Mitoviridae
KT921784.1,Fusagraviridae
KT932700.2,Rountreeviridae
KT932712.1,Papillomaviridae
KT932713.1,Papillomaviridae
KT944080.1,Papillomaviridae
KT944199.1,Picornaviridae
KT944212.1,Picornaviridae
KT944214.1,Picornaviridae
KT945163.1,Ouroboviridae
KT945995.1,Rountreeviridae
KT949345.1,Autonotataviridae
KT950836.1,Chrysoviridae
KT957089.2,Baculoviridae
KT962089.1,Solemoviridae
KT962972.1,Botybirnaviridae
KT965075.1,Parvoviridae
KT966491.1,Mesoniviridae
KT966495.2,Mesoniviridae
KT972590.1,Tospoviridae
KT972592.1,Tospoviridae
KT972594.1,Tospoviridae
KT983772.1,Hantaviridae
KT983773.1,Hantaviridae
KT987216.1,Polyomaviridae
KT989885.1,Iridoviridae
KT990215.1,Autotranscriptaviridae
KT992824.1,Solemoviridae
KT995470.1,Nimaviridae
KT995471.1,Nimaviridae
KT995472.1,Nimaviridae
KT995480.1,Herelleviridae
KU041847.1,Anelloviridae
KU043396.1,Smacoviridae
KU043403.1,Smacoviridae
KU043406.1,Adamaviridae
KU043415.1,Nenyaviridae
KU043421.1,Smacoviridae
KU043424.1,Pecoviridae
KU043425.1,Pecoviridae
KU043448.1,Smacoviridae
KU043449.1,Smacoviridae
KU052530.1,Secoviridae
KU052531.1,Secoviridae
KU053483.2,Circoviridae
KU053507.1,Potyviridae
KU057949.1,Mitoviridae
KU058671.1,Smacoviridae
KU064779.1,Autotranscriptaviridae
KU095839.1,Chuviridae
KU095840.1,Rhabdoviridae
KU127239.1,Rhabdoviridae
KU130129.1,Vandenendeviridae
KU159360.1,Picornaviridae
KU159764.1,Peribunyaviridae
KU159765.1,Peribunyaviridae
KU159766.1,Peribunyaviridae
KU160656.1,Berryhillviridae
KU168312.1,Caulimoviridae
KU168861.1,Picornaviridae
KU172420.1,Picornaviridae
KU172421.1,Parvoviridae
KU178983.1,Peribunyaviridae
KU178984.1,Peribunyaviridae
KU178985.1,Peribunyaviridae
KU178986.1,Rhabdoviridae
KU183006.1,Autotranscriptaviridae
KU187189.1,Tombusviridae
KU194360.1,Rhabdoviridae
KU197013.1,Autonotataviridae
KU198602.1,Spinareoviridae
KU198603.1,Spinareoviridae
KU198604.1,Spinareoviridae
KU198605.1,Spinareoviridae
KU198607.1,Spinareoviridae
KU198608.1,Spinareoviridae
KU198609.1,Spinareoviridae
KU198610.1,Spinareoviridae
KU200450.1,Amalgaviridae
KU204984.2,Mesyanzhinovviridae
KU215538.1,Secoviridae
KU220026.1,Orthoherpesviridae
KU230450.1,Phenuiviridae
KU230451.1,Chuviridae
KU230452.1,Circoviridae
KU244266.2,Rhabdoviridae
KU248085.1,Rhabdoviridae
KU248489.1,Solemoviridae
KU253712.1,Herelleviridae
KU255114.1,Phenuiviridae
KU255115.1,Phenuiviridae
KU255730.1,Straboviridae
KU291923.1,Mitoviridae
KU297253.1,Phenuiviridae
KU297674.1,Picornaviridae
KU297983.1,Solemoviridae
KU302440.1,Arteriviridae
KU307456.1,Tristromaviridae
KU315178.1,Solemoviridae
KU321654.1,Parvoviridae
KU343137.1,Genomoviridae
KU343139.1,Nairoviridae
KU343140.1,Nairoviridae
KU343148.1,Nairoviridae
KU343149.1,Nairoviridae
KU343150.1,Nairoviridae
KU343151.1,Nairoviridae
KU343152.1,Nairoviridae
KU343153.1,Nairoviridae
KU343154.1,Nairoviridae
KU343156.1,Nairoviridae
KU343160.1,Nairoviridae
KU343161.1,Nairoviridae
KU343164.1,Nairoviridae
KU343165.1,Nairoviridae
KU343169.1,Nairoviridae
KU343170.1,Nairoviridae
KU343171.1,Nairoviridae
KU351669.1,Flaviviridae
KU355553.1,Potyviridae
KU355876.1,Picornaviridae
KU355877.1,Picornaviridae
KU356689.1,Mesyanzhinovviridae
KU356690.1,Schitoviridae
KU356691.1,Schitoviridae
KU365408.1,Caulimoviridae
KU507317.1,Iridoviridae
KU508800.1,Caulimoviridae
KU519391.1,Papillomaviridae
KU519392.1,Papillomaviridae
KU519393.1,Papillomaviridae
KU519394.1,Papillomaviridae
KU519396.1,Papillomaviridae
KU556609.1,Potyviridae
KU561552.1,Parvoviridae
KU565883.1,Baculoviridae
KU587555.1,Picornaviridae
KU593505.2,Baculoviridae
KU594605.1,Kyanoviridae
KU594606.1,Kyanoviridae
KU595432.1,Autonotataviridae
KU597305.1,Pseudototiviridae
KU640380.1,Herelleviridae
KU641378.1,Tospoviridae
KU641379.1,Tospoviridae
KU641380.1,Tospoviridae
KU647629.1,Berryhillviridae
KU672593.1,Paramyxoviridae
KU686201.1,Kyanoviridae
KU686207.1,Kyanoviridae
KU686210.1,Kyanoviridae
KU686211.1,Kyanoviridae
KU686212.1,Kyanoviridae
KU687347.1,Autotranscriptaviridae
KU687348.1,Autotranscriptaviridae
KU687350.1,Autotranscriptaviridae
KU726694.1,Betaflexiviridae
KU727766.1,Parvoviridae
KU728180.1,Fusagraviridae
KU728181.1,Fusagraviridae
KU749310.1,Poxviridae
KU749311.1,Poxviridae
KU751814.1,Amnoonviridae
KU752557.1,Baculoviridae
KU761955.1,Vandenendeviridae
KU762338.1,Coronaviridae
KU831549.1,Salasmaviridae
KU867876.1,Straboviridae
KU877344.1,Mimiviridae
KU878968.1,Straboviridae
KU878969.1,Straboviridae
KU879245.1,Polyomaviridae
KU884563.1,Fredfastierviridae
KU885988.1,Schitoviridae
KU885989.1,Schitoviridae
KU886223.1,Chimalliviridae
KU886224.1,Chimalliviridae
KU886558.1,Curvulaviridae
KU923747.1,Endornaviridae
KU923759.1,Alphasatellitidae
KU925434.1,Nairoviridae
KU925435.1,Nairoviridae
KU925438.1,Nairoviridae
KU925439.1,Nairoviridae
KU925440.1,Nairoviridae
KU925441.1,Nairoviridae
KU925442.1,Nairoviridae
KU925447.1,Nairoviridae
KU925448.1,Nairoviridae
KU925467.1,Nairoviridae
KU925468.1,Nairoviridae
KU925469.1,Nairoviridae
KU925470.1,Nairoviridae
KU925472.1,Nairoviridae
KU925474.1,Nairoviridae
KU925475.1,Nairoviridae
KU925480.1,Nairoviridae
KU925481.1,Nairoviridae
KU925482.1,Nairoviridae
KU925483.1,Nairoviridae
KU925484.1,Nairoviridae
KU925485.1,Nairoviridae
KU925486.1,Nairoviridae
KU925487.1,Nairoviridae
KU925488.1,Nairoviridae
KU925489.1,Nairoviridae
KU925490.1,Nairoviridae
KU925494.1,Nairoviridae
KU925495.1,Nairoviridae
KU925496.1,Nairoviridae
KU925497.1,Nairoviridae
KU925498.1,Nairoviridae
KU925499.1,Nairoviridae
KU925500.1,Nairoviridae
KU927499.1,Autotranscriptaviridae
KU933932.1,Pseudototiviridae
KU933933.1,Nairoviridae
KU933934.1,Nairoviridae
KU933936.1,Phenuiviridae
KU933937.1,Phenuiviridae
KU934008.1,Hantaviridae
KU934009.1,Hantaviridae
KU935732.1,Potyviridae
KU936049.1,Orthoherpesviridae
KU941946.1,Potyviridae
KU946962.1,Autosignataviridae
KU950356.1,Parvoviridae
KU950715.1,Hantaviridae
KU963250.1,Stackebrandtviridae
KU977108.1,Picornaviridae
KU980965.1,Poxviridae
KU981083.1,Potyviridae
KU981084.1,Potyviridae
KU984966.1,Spinareoviridae
KU984968.1,Spinareoviridae
KU984970.1,Spinareoviridae
KU984971.1,Spinareoviridae
KU998234.1,Stackebrandtviridae
KU999109.1,Solemoviridae
KX000914.1,Betaflexiviridae
KX008573.1,Caulimoviridae
KX008574.1,Caulimoviridae
KX008577.1,Caulimoviridae
KX008963.1,Phycodnaviridae
KX009778.4,Straboviridae
KX013584.1,Potyviridae
KX015770.1,Drexlerviridae
KX024775.1,Solinviviridae
KX035107.1,Parvoviridae
KX058345.1,Alphaflexiviridae
KX058433.1,Hepadnaviridae
KX066020.1,Caulimoviridae
KX066068.1,Autonotataviridae
KX074201.1,Cystoviridae
KX074202.1,Cystoviridae
KX078569.1,Straboviridae
KX098389.2,Schitoviridae
KX098515.1,Papillomaviridae
KX100109.1,Peribunyaviridae
KX100110.1,Peribunyaviridae
KX100111.1,Peribunyaviridae
KX100118.1,Peribunyaviridae
KX100119.1,Peribunyaviridae
KX100120.1,Peribunyaviridae
KX100127.1,Peribunyaviridae
KX100128.1,Peribunyaviridae
KX100129.1,Peribunyaviridae
KX100130.1,Peribunyaviridae
KX100131.1,Peribunyaviridae
KX100132.1,Peribunyaviridae
KX100134.1,Peribunyaviridae
KX100135.1,Peribunyaviridae
KX121164.1,Adenoviridae
KX130344.1,Nudiviridae
KX130668.1,Drexlerviridae
KX130726.1,Autotranscriptaviridae
KX130727.1,Straboviridae
KX130861.1,Straboviridae
KX130862.1,Straboviridae
KX130863.1,Demerecviridae
KX130864.1,Straboviridae
KX130865.1,Straboviridae
KX130960.1,Drexlerviridae
KX147096.1,Ackermannviridae
KX148552.1,Xinmoviridae
KX148553.1,Xinmoviridae
KX156156.1,Picornaviridae
KX156157.1,Picornaviridae
KX156158.1,Picornaviridae
KX156159.1,Picornaviridae
KX159470.1,Tombusviridae
KX161718.1,Peribunyaviridae
KX161719.1,Peribunyaviridae
KX161720.1,Peribunyaviridae
KX165268.1,Parvoviridae
KX168422.1,Caulimoviridae
KX168428.1,Alphasatellitidae
KX171209.1,Schitoviridae
KX171212.1,Herelleviridae
KX179905.1,Inoviridae
KX181651.1,Inoviridae
KX184304.1,Tombusviridae
KX184715.1,Tobaniviridae
KX196173.2,Alphaflexiviridae
KX228196.1,Rhabdoviridae
KX228197.1,Rhabdoviridae
KX228198.1,Rhabdoviridae
KX229736.1,Connertonviridae
KX241482.1,Secoviridae
KX241485.1,Secoviridae
KX241618.1,Mesyanzhinovviridae
KX245012.1,Ackermannviridae
KX246262.1,Draupnirviridae
KX247377.1,Tospoviridae
KX247378.1,Tospoviridae
KX247379.1,Tospoviridae
KX258185.1,Straboviridae
KX258200.1,Paramyxoviridae
KX262893.1,Anelloviridae
KX263307.1,Spinareoviridae
KX263308.1,Spinareoviridae
KX263309.1,Spinareoviridae
KX263310.1,Spinareoviridae
KX263311.1,Spinareoviridae
KX263312.1,Spinareoviridae
KX263313.1,Spinareoviridae
KX263314.1,Spinareoviridae
KX263315.1,Spinareoviridae
KX269865.1,Secoviridae
KX269871.1,Secoviridae
KX272741.1,Parvoviridae
KX272883.1,Phenuiviridae
KX276640.1,Caulimoviridae
KX276641.1,Caulimoviridae
KX276957.1,Papillomaviridae
KX280012.1,Leishbuviridae
KX280015.1,Leishbuviridae
KX344510.1,Pleolipoviridae
KX348228.1,Alphasatellitidae
KX349289.1,Kyanoviridae
KX349294.1,Kyanoviridae
KX349310.1,Kyanoviridae
KX349899.2,Salasmaviridae
KX349900.2,Salasmaviridae
KX349901.1,Salasmaviridae
KX353311.2,Iridoviridae
KX354202.1,Tymoviridae
KX354450.1,Asfarviridae
KX355613.1,Potyviridae
KX363561.1,Alphasatellitidae
KX371097.1,Caliciviridae
KX371887.3,Filoviridae
KX377933.1,Andersonviridae
KX384823.1,Parvoviridae
KX387865.1,Hepeviridae
KX397370.1,Chimalliviridae
KX405002.1,Sarkviridae
KX424571.1,Secoviridae
KX424572.1,Secoviridae
KX430257.1,Caulimoviridae
KX431032.1,Artoviridae
KX431381.1,Nanoviridae
KX431402.1,Nanoviridae
KX431409.1,Nanoviridae
KX431416.1,Nanoviridae
KX431559.1,Straboviridae
KX431888.1,Autotranscriptaviridae
KX438380.2,Ackermannviridae
KX443552.1,Straboviridae
KX451145.1,Leishbuviridae
KX452696.1,Autotranscriptaviridae
KX452698.1,Straboviridae
KX463670.1,Picornaviridae
KX470551.1,Peribunyaviridae
KX470552.1,Peribunyaviridae
KX470553.1,Peribunyaviridae
KX505867.1,Adenoviridae
KX505964.1,Potyviridae
KX507301.1,Leishbuviridae
KX509984.1,Polyomaviridae
KX513861.1,Alphasatellitidae
KX527575.1,Arenaviridae
KX527582.1,Arenaviridae
KX533457.1,Polyomaviridae
KX534399.1,Alphasatellitidae
KX534400.1,Alphasatellitidae
KX534408.1,Alphasatellitidae
KX551961.1,Hantaviridae
KX551962.1,Hantaviridae
KX557286.1,Stackebrandtviridae
KX574341.1,Iridoviridae
KX574342.1,Iridoviridae
KX574343.1,Iridoviridae
KX574453.1,Polyomaviridae
KX577802.1,Adenoviridae
KX578271.1,Iflaviridae
KX579501.1,Peribunyaviridae
KX583629.1,Parvoviridae
KX589065.1,Hepeviridae
KX589235.1,Orthoherpesviridae
KX591654.1,Autotranscriptaviridae
KX599536.1,Papillomaviridae
KX611132.1,Anelloviridae
KX611382.1,Phenuiviridae
KX611383.1,Phenuiviridae
KX611384.1,Phenuiviridae
KX611385.1,Phenuiviridae
KX611386.1,Phenuiviridae
KX611387.1,Phenuiviridae
KX611388.1,Phenuiviridae
KX611389.1,Phenuiviridae
KX611390.1,Phenuiviridae
KX611391.1,Phenuiviridae
KX611392.1,Phenuiviridae
KX611393.1,Phenuiviridae
KX611397.1,Phenuiviridae
KX611398.1,Phenuiviridae
KX611401.1,Phenuiviridae
KX611402.1,Phenuiviridae
KX611403.1,Phenuiviridae
KX611404.1,Phenuiviridae
KX611405.1,Phenuiviridae
KX643370.1,Iridoviridae
KX643371.1,Polyomaviridae
KX643372.1,Papillomaviridae
KX644936.1,Picornaviridae
KX644937.1,Picornaviridae
KX645875.2,Solemoviridae
KX649889.1,Sarkviridae
KX650645.1,Wupedeviridae
KX656670.1,Secoviridae
KX656671.1,Secoviridae
KX660669.1,Autonotataviridae
KX669227.5,Autotranscriptaviridae
KX670390.1,Orthomyxoviridae
KX670392.1,Orthomyxoviridae
KX686117.1,Nimaviridae
KX698422.1,Tospoviridae
KX698423.1,Tospoviridae
KX698424.1,Tospoviridae
KX709964.1,Partitiviridae
KX712143.1,Rudiviridae
KX756154.1,Polyomaviridae
KX756572.1,Autonotataviridae
KX756986.1,Circoviridae
KX756996.1,Circoviridae
KX759649.1,Alphasatellitidae
KX765862.1,Casjensviridae
KX765865.1,Ackermannviridae
KX774630.1,Phenuiviridae
KX774631.1,Phenuiviridae
KX778611.3,Autotranscriptaviridae
KX778766.1,Polymycoviridae
KX783423.1,Picornaviridae
KX783424.1,Picornaviridae
KX783425.1,Picornaviridae
KX784491.1,Botybirnaviridae
KX785335.1,Rhabdoviridae
KX810063.1,Anelloviridae
KX810064.1,Anelloviridae
KX812815.1,Secoviridae
KX812816.1,Secoviridae
KX817312.1,Peribunyaviridae
KX817313.1,Peribunyaviridae
KX817314.1,Peribunyaviridae
KX817318.1,Peribunyaviridae
KX817320.1,Peribunyaviridae
KX817321.1,Peribunyaviridae
KX817322.1,Peribunyaviridae
KX817323.1,Peribunyaviridae
KX817324.1,Peribunyaviridae
KX817325.1,Peribunyaviridae
KX817326.1,Peribunyaviridae
KX817327.1,Peribunyaviridae
KX817328.1,Peribunyaviridae
KX817329.1,Peribunyaviridae
KX817331.1,Peribunyaviridae
KX817332.1,Peribunyaviridae
KX817333.1,Peribunyaviridae
KX817335.1,Peribunyaviridae
KX817336.1,Peribunyaviridae
KX817338.1,Peribunyaviridae
KX821737.1,Fusagraviridae
KX828710.1,Drexlerviridae
KX828711.1,Straboviridae
KX833211.1,Peduoviridae
KX845404.2,Demerecviridae
KX845679.1,Hantaviridae
KX845680.1,Hantaviridae
KX852386.1,Rhabdoviridae
KX852388.1,Rhabdoviridae
KX852389.1,Phenuiviridae
KX852390.1,Phenuiviridae
KX852391.1,Phenuiviridae
KX852476.1,Caulimoviridae
KX855660.2,Baculoviridae
KX856009.1,Potyviridae
KX857665.1,Closteroviridae
KX871230.1,Adenoviridae
KX879627.1,Connertonviridae
KX879643.1,Aliceevansviridae
KX882062.1,Orthomyxoviridae
KX882070.1,Orthomyxoviridae
KX882938.1,Spiciviridae
KX882939.1,Orthototiviridae
KX882942.1,Inseviridae
KX882952.1,Lebotiviridae
KX882956.1,Inseviridae
KX882957.1,Lebotiviridae
KX882966.1,Inseviridae
KX882972.1,Artiviridae
KX882974.1,Inseviridae
KX882976.1,Lebotiviridae
KX882977.1,Inseviridae
KX882979.1,Lebotiviridae
KX882983.1,Orthototiviridae
KX882989.1,Artiviridae
KX882990.1,Orthototiviridae
KX882992.1,Artiviridae
KX882995.1,Artiviridae
KX882996.1,Inseviridae
KX882997.1,Orthototiviridae
KX883005.1,Hypoviridae
KX883006.1,Hypoviridae
KX883007.1,Hypoviridae
KX883627.1,Euroniviridae
KX883628.1,Euroniviridae
KX883636.1,Euroniviridae
KX883637.1,Tobaniviridae
KX883688.1,Polycipiviridae
KX883910.1,Polycipiviridae
KX883940.1,Polycipiviridae
KX883990.1,Qinviridae
KX883992.1,Qinviridae
KX883994.1,Qinviridae
KX883996.1,Qinviridae
KX883998.1,Qinviridae
KX884000.1,Qinviridae
KX884004.1,Qinviridae
KX884032.1,Yueviridae
KX884034.1,Yueviridae
KX884062.1,Picobirnaviridae
KX884403.1,Mymonaviridae
KX884405.1,Nyamiviridae
KX884406.1,Nyamiviridae
KX884408.1,Nyamiviridae
KX884409.1,Chuviridae
KX884410.1,Artoviridae
KX884411.1,Rhabdoviridae
KX884412.1,Artoviridae
KX884413.1,Artoviridae
KX884414.1,Rhabdoviridae
KX884415.1,Rhabdoviridae
KX884416.1,Aliusviridae
KX884417.1,Lispiviridae
KX884418.1,Lispiviridae
KX884419.1,Chuviridae
KX884420.1,Artoviridae
KX884421.1,Artoviridae
KX884424.1,Chuviridae
KX884427.1,Chuviridae
KX884429.1,Rhabdoviridae
KX884430.1,Xinmoviridae
KX884431.1,Rhabdoviridae
KX884433.1,Rhabdoviridae
KX884434.1,Rhabdoviridae
KX884436.1,Nyamiviridae
KX884439.1,Chuviridae
KX884441.1,Lispiviridae
KX884444.1,Myriaviridae
KX884446.1,Artoviridae
KX884448.1,Rhabdoviridae
KX884450.1,Rhabdoviridae
KX884451.1,Chuviridae
KX884456.1,Rhabdoviridae
KX884457.1,Nyamiviridae
KX884458.1,Chuviridae
KX884459.1,Rhabdoviridae
KX884462.1,Rhabdoviridae
KX884463.1,Xinmoviridae
KX884758.1,Mypoviridae
KX884772.1,Phenuiviridae
KX884773.1,Phenuiviridae
KX884774.1,Phenuiviridae
KX884775.1,Phasmaviridae
KX884776.1,Phasmaviridae
KX884786.1,Phasmaviridae
KX884787.1,Phasmaviridae
KX884796.1,Phenuiviridae
KX884798.1,Phenuiviridae
KX884799.1,Phenuiviridae
KX884800.1,Phenuiviridae
KX884801.1,Phenuiviridae
KX884809.1,Phenuiviridae
KX884811.1,Phenuiviridae
KX884857.1,Cruliviridae
KX889068.2,Schitoviridae
KX897157.1,Tombusviridae
KX898416.1,Chrysoviridae
KX898417.1,Chrysoviridae
KX898418.1,Chrysoviridae
KX905133.1,Flaviviridae
KX907333.1,Parvoviridae
KX924630.1,Chuviridae
KX924631.1,Chuviridae
KX932454.2,Paramyxoviridae
KX938425.1,Alphasatellitidae
KX947267.1,Roniviridae
KX949590.1,Orthomyxoviridae
KX949591.1,Orthomyxoviridae
KX960111.1,Phenuiviridae
KX960112.1,Phenuiviridae
KX961096.1,Adenoviridae
KX961631.1,Salasmaviridae
KX977569.1,Endornaviridae
KX981923.1,Parvoviridae
KX982176.1,Rhabdoviridae
KX982179.1,Rhabdoviridae
KX987146.1,Circoviridae
KX989543.1,Spinareoviridae
KX989544.1,Spinareoviridae
KX989545.1,Spinareoviridae
KY000080.1,Straboviridae
KY000082.1,Lindbergviridae
KY000083.1,Vandenendeviridae
KY000084.1,Rountreeviridae
KY000220.1,Mesyanzhinovviridae
KY000221.1,Mesyanzhinovviridae
KY006983.1,Rhabdoviridae
KY009685.1,Filamentoviridae
KY013488.1,Peribunyaviridae
KY013489.1,Peribunyaviridae
KY045851.1,Peduoviridae
KY052047.1,Redondoviridae
KY053854.1,Phasmaviridae
KY053857.1,Aliusviridae
KY056250.1,Genomoviridae
KY056254.1,Mesoniviridae
KY056657.1,Fimoviridae
KY056659.1,Fimoviridae
KY069112.1,Picornaviridae
KY069113.1,Picornaviridae
KY070242.1,Nanoviridae
KY070245.1,Nanoviridae
KY070246.1,Nanoviridae
KY073228.1,Vandenendeviridae
KY073493.1,Rhabdoviridae
KY073745.1,Coronaviridae
KY075646.1,Rhabdoviridae
KY084243.1,Autotranscriptaviridae
KY084481.1,Tymoviridae
KY086298.1,Smacoviridae
KY086300.1,Smacoviridae
KY086301.1,Smacoviridae
KY087898.2,Chaseviridae
KY114934.1,Demerecviridae
KY120321.1,Hypoviridae
KY176369.1,Sarkviridae
KY203909.1,Rhabdoviridae
KY214433.1,Genomoviridae
KY214441.1,Genomoviridae
KY214442.1,Genomoviridae
KY214444.1,Parvoviridae
KY214448.1,Parvoviridae
KY223999.1,Vilmaviridae
KY230614.1,Genomoviridae
KY230625.1,Genomoviridae
KY244146.1,Redondoviridae
KY246582.1,Anelloviridae
KY250035.2,Autotranscriptaviridae
KY264020.1,Pleolipoviridae
KY271397.1,Peduoviridae
KY271398.1,Peduoviridae
KY290756.1,Autosignataviridae
KY290975.3,Straboviridae
KY295891.1,Autosignataviridae
KY295894.1,Autotranscriptaviridae
KY295896.1,Sarkviridae
KY295898.1,Sarkviridae
KY302866.1,Genomoviridae
KY302869.1,Draupnirviridae
KY306667.1,Adenoviridae
KY308269.1,Genomoviridae
KY308270.1,Genomoviridae
KY312540.1,Picornaviridae
KY312541.1,Picornaviridae
KY312545.1,Picornaviridae
KY312546.1,Parvoviridae
KY312548.1,Parvoviridae
KY312549.1,Parvoviridae
KY312550.1,Parvoviridae
KY312551.1,Parvoviridae
KY312554.1,Kanorauviridae
KY312555.1,Draupnirviridae
KY312557.1,Genomoviridae
KY312558.1,Genomoviridae
KY316062.1,Autonotataviridae
KY318515.1,Autonotataviridae
KY322437.1,Allomimiviridae
KY328744.1,Redondoviridae
KY328745.1,Redondoviridae
KY328746.1,Redondoviridae
KY341899.1,Polyomaviridae
KY352407.1,Coronaviridae
KY355735.1,Orthoherpesviridae
KY357495.1,Fusariviridae
KY357500.1,Mitoviridae
KY357507.1,Hypoviridae
KY357509.1,Endornaviridae
KY363465.1,Demerecviridae
KY363796.1,Betaflexiviridae
KY364847.1,Solemoviridae
KY366322.2,Rhabdoviridae
KY368640.1,Herelleviridae
KY369299.1,Picornaviridae
KY369300.1,Picornaviridae
KY369959.1,Mesoniviridae
KY369967.1,Arteriviridae
KY369968.1,Arteriviridae
KY369969.1,Arteriviridae
KY370025.1,Kirkoviridae
KY370027.1,Circoviridae
KY370028.1,Circoviridae
KY370029.1,Circoviridae
KY370030.1,Kirkoviridae
KY370034.1,Circoviridae
KY370035.1,Pecoviridae
KY370037.1,Circoviridae
KY370039.1,Circoviridae
KY370041.1,Kirkoviridae
KY370046.1,Coronaviridae
KY370053.1,Coronaviridae
KY370098.1,Paramyxoviridae
KY370100.1,Flaviviridae
KY370101.1,Flaviviridae
KY379853.1,Sarkviridae
KY385390.1,Rhabdoviridae
KY389315.1,Autotranscriptaviridae
KY389316.1,Autotranscriptaviridae
KY392781.1,Betaflexiviridae
KY404016.1,Polyomaviridae
KY405006.1,Bacilladnaviridae
KY405007.1,Bacilladnaviridae
KY421919.1,Rhabdoviridae
KY427939.1,Adenoviridae
KY432472.1,Picornaviridae
KY432892.1,Arenaviridae
KY432893.1,Arenaviridae
KY432924.1,Picornaviridae
KY432925.1,Picornaviridae
KY432927.1,Picornaviridae
KY432929.1,Picornaviridae
KY432930.1,Picornaviridae
KY432931.1,Picornaviridae
KY432932.1,Picornaviridae
KY432933.1,Picornaviridae
KY432934.1,Picornaviridae
KY432935.1,Picornaviridae
KY436034.1,Flaviviridae
KY442063.1,Rountreeviridae
KY450753.1,Autotranscriptaviridae
KY452442.1,Paramyxoviridae
KY452443.1,Paramyxoviridae
KY452444.1,Paramyxoviridae
KY457233.1,Nudiviridae
KY462770.1,Anelloviridae
KY464836.1,Autonotataviridae
KY471386.1,Rountreeviridae
KY487776.1,Kanorauviridae
KY487785.1,Kanorauviridae
KY487839.1,Nenyaviridae
KY487840.1,Nenyaviridae
KY487847.1,Draupnirviridae
KY487854.1,Draupnirviridae
KY487866.1,Draupnirviridae
KY487945.1,Draupnirviridae
KY487991.1,Vilyaviridae
KY488458.1,Picornaviridae
KY489954.1,Chrysoviridae
KY489955.1,Chrysoviridae
KY489956.1,Chrysoviridae
KY511044.1,Paramyxoviridae
KY512802.1,Picornaviridae
KY514264.1,Schitoviridae
KY523072.1,Solemoviridae
KY523104.2,Mimiviridae
KY548508.1,Birnaviridae
KY548509.1,Birnaviridae
KY548519.1,Birnaviridae
KY548520.1,Birnaviridae
KY548840.1,Parvoviridae
KY549442.1,Polyomaviridae
KY549443.1,Herelleviridae
KY549567.1,Rhabdoviridae
KY549659.1,Schitoviridae
KY555809.1,Peribunyaviridae
KY555810.1,Peribunyaviridae
KY562565.1,Potyviridae
KY569262.1,Peribunyaviridae
KY569263.1,Peribunyaviridae
KY569264.1,Peribunyaviridae
KY569301.1,Secoviridae
KY569302.1,Secoviridae
KY605226.1,Solemoviridae
KY608910.1,Nudiviridae
KY608967.1,Straboviridae
KY612317.1,Potyviridae
KY612371.1,Polyomaviridae
KY619305.1,Drexlerviridae
KY620117.1,Casjensviridae
KY623506.1,Potyviridae
KY624849.1,Picornaviridae
KY626162.1,Andersonviridae
KY626176.1,Autosignataviridae
KY628970.1,Orthoherpesviridae
KY640430.1,Parvoviridae
KY640438.1,Parvoviridae
KY645497.1,Picornaviridae
KY646466.1,Secoviridae
KY652723.1,Autotranscriptaviridae
KY652724.1,Autotranscriptaviridae
KY652725.1,Autotranscriptaviridae
KY662265.1,Hantaviridae
KY662266.1,Hantaviridae
KY662274.1,Hantaviridae
KY662275.1,Hantaviridae
KY662280.1,Phenuiviridae
KY662287.1,Phenuiviridae
KY670597.1,Picornaviridae
KY677846.1,Demerecviridae
KY680280.1,Parvoviridae
KY683735.1,Straboviridae
KY694971.1,Drexlerviridae
KY695011.1,Amalgaviridae
KY696659.1,Alphaflexiviridae
KY700683.2,Nairoviridae
KY700684.2,Nairoviridae
KY700685.1,Rhabdoviridae
KY700686.1,Rhabdoviridae
KY703222.1,Straboviridae
KY703886.3,Hepadnaviridae
KY705251.1,Aliceevansviridae
KY705252.1,Aliceevansviridae
KY705253.1,Aliceevansviridae
KY705255.1,Aliceevansviridae
KY705256.1,Aliceevansviridae
KY705257.1,Aliceevansviridae
KY705258.1,Aliceevansviridae
KY705259.1,Aliceevansviridae
KY705260.1,Aliceevansviridae
KY705262.1,Aliceevansviridae
KY705264.1,Aliceevansviridae
KY705266.1,Aliceevansviridae
KY705267.1,Aliceevansviridae
KY705268.1,Aliceevansviridae
KY705270.1,Aliceevansviridae
KY705271.1,Aliceevansviridae
KY705272.1,Aliceevansviridae
KY705273.1,Aliceevansviridae
KY705274.1,Aliceevansviridae
KY705275.1,Aliceevansviridae
KY705276.1,Aliceevansviridae
KY705277.1,Aliceevansviridae
KY705278.1,Aliceevansviridae
KY705279.1,Aliceevansviridae
KY705280.1,Aliceevansviridae
KY705281.1,Aliceevansviridae
KY705284.1,Aliceevansviridae
KY705286.1,Aliceevansviridae
KY705287.1,Aliceevansviridae
KY705288.1,Aliceevansviridae
KY705289.1,Aliceevansviridae
KY705290.1,Aliceevansviridae
KY709296.1,Chaseviridae
KY744229.1,Rudiviridae
KY744230.1,Rudiviridae
KY744231.1,Rudiviridae
KY744233.1,Rudiviridae
KY744234.1,Rudiviridae
KY747497.1,Poxviridae
KY748210.1,Adenoviridae
KY761948.1,Picornaviridae
KY766069.1,Flaviviridae
KY768856.1,Rhabdoviridae
KY769270.1,Schitoviridae
KY780087.1,Hantaviridae
KY780088.1,Hantaviridae
KY780159.1,Portogloboviridae
KY780482.1,Drexlerviridae
KY783316.1,Amalgaviridae
KY787213.1,Ackermannviridae
KY793538.1,Peribunyaviridae
KY793539.1,Peribunyaviridae
KY798120.1,Autotranscriptaviridae
KY798121.1,Autotranscriptaviridae
KY810772.1,Rhabdoviridae
KY817360.1,Tectiviridae
KY820716.1,Solemoviridae
KY827394.1,Caulimoviridae
KY827395.1,Caulimoviridae
KY828925.2,Potyviridae
KY851116.1,Circoviridae
KY853667.1,Inoviridae
KY855432.1,Picornaviridae
KY855435.1,Picornaviridae
KY856742.1,Anelloviridae
KY867751.1,Secoviridae
KY883655.1,Demerecviridae
KY884303.1,Rhabdoviridae
KY884720.1,Partitiviridae
KY906214.1,Fusariviridae
KY910429.1,Peribunyaviridae
KY910430.1,Peribunyaviridae
KY921761.1,Salasmaviridae
KY931659.1,Picornaviridae
KY945241.1,Kyanoviridae
KY947509.1,Salasmaviridae
KY962008.1,Autotranscriptaviridae
KY962683.1,Hepadnaviridae
KY963424.1,Demerecviridae
KY965147.1,Rhabdoviridae
KY965444.1,Orthoherpesviridae
KY971609.1,Casjensviridae
KY971610.1,Straboviridae
KY977507.1,Hepadnaviridae
KY981272.1,Autonotataviridae
KY985004.1,Drexlerviridae
KY994101.1,Vandenendeviridae
L04573.1,Solemoviridae
L06436.1,Flaviviridae
L06906.1,Retroviridae
L07269.1,Virgaviridae
L07884.1,Tombusviridae
L07937.1,Virgaviridae
L07938.1,Virgaviridae
L08756.1,Hantaviridae
L08816.1,Hepeviridae
L13218.1,Giardiaviridae
L13696.1,Plasmaviridae
L14546.1,Caulimoviridae
L16015.1,Tombusviridae
L18870.2,Tombusviridae
L19443.1,Adenoviridae
L19655.1,Secoviridae
L21974.1,Retroviridae
L22858.1,Baculoviridae
L23427.1,Parvoviridae
L23972.1,Virgaviridae
L25299.1,Solemoviridae
L25658.1,Betaflexiviridae
L25783.1,Hantaviridae
L28145.1,Bromoviridae
L31849.1,Mitoviridae
L32167.1,Alphasatellitidae
L32603.1,Rhabdoviridae
L32896.1,Parvoviridae
L34658.1,Metaviridae
L36930.1,Hantaviridae
L37299.1,Alphatetraviridae
L37901.1,Hantaviridae
L37902.1,Hantaviridae
L37903.1,Hantaviridae
L40361.3,Flaviviridae
L40883.1,Rhabdoviridae
L41574.1,Nanoviridae
L41575.1,Nanoviridae
L41577.1,Nanoviridae
L43364.1,Adenoviridae
L63545.1,Iridoviridae
L75930.1,Phenuiviridae
LA858223.1,Polycipiviridae
LC004772.1,Picornaviridae
LC006128.1,Mitoviridae
LC006129.1,Mitoviridae
LC006253.1,Yadokariviridae
LC006971.1,Picornaviridae
LC008510.1,Nairoviridae
LC008511.1,Nairoviridae
LC008512.1,Nairoviridae
LC018134.1,Circoviridae
LC019764.1,Solemoviridae
LC035386.1,Paulinoviridae
LC036579.1,Picornaviridae
LC036580.1,Picornaviridae
LC038188.1,Picornaviridae
LC041132.1,Paramyxoviridae
LC052212.1,Closteroviridae
LC055960.1,Picornaviridae
LC055961.1,Picornaviridae
LC057247.1,Hepeviridae
LC060925.1,Potyviridae
LC061478.1,Yadonushiviridae
LC062704.1,Megabirnaviridae
LC062705.1,Megabirnaviridae
LC063768.1,Phenuiviridae
LC063770.1,Phenuiviridae
LC064302.1,Schitoviridae
LC075485.1,Orthototiviridae
LC075487.1,Orthototiviridae
LC075488.1,Orthototiviridae
LC075490.1,Orthototiviridae
LC081344.1,Solemoviridae
LC085675.1,Parvoviridae
LC094267.1,Retroviridae
LC101918.1,Inseviridae
LC108993.1,Bromoviridae
LC108994.1,Bromoviridae
LC113907.1,Picornaviridae
LC133331.1,Picornaviridae
LC144945.1,Endornaviridae
LC145036.1,Mitoviridae
LC150564.1,Mitoviridae
LC150565.1,Mitoviridae
LC150566.1,Mitoviridae
LC150567.1,Mitoviridae
LC150606.1,Partitiviridae
LC150610.1,Pseudototiviridae
LC150611.1,Fusariviridae
LC150612.1,Hypoviridae
LC150617.1,Yadokariviridae
LC153712.1,Phenuiviridae
LC153713.1,Phenuiviridae
LC159494.1,Potyviridae
LC171345.1,Tombusviridae
LC185216.1,Polyomaviridae
LC185218.1,Polyomaviridae
LC192169.1,Solemoviridae
LC195294.1,Partitiviridae
LC216347.1,Autotranscriptaviridae
LC224308.1,Betaflexiviridae
LC228573.1,Potyviridae
LC275156.1,Spinareoviridae
LC275157.1,Spinareoviridae
LC275158.1,Spinareoviridae
LC275159.1,Spinareoviridae
LC318482.1,Hypoviridae
LC320123.1,Orthomyxoviridae
LC320126.1,Orthomyxoviridae
LC333428.1,Orthoherpesviridae
LC333733.1,Hypoviridae
LC333739.2,Fusagraviridae
LC333741.2,Yadokariviridae
LC333746.2,Megatotiviridae
LC333754.2,Yadokariviridae
LC333755.2,Yadokariviridae
LC333757.2,Yadokariviridae
LC348379.1,Straboviridae
LC348380.1,Straboviridae
LC350277.1,Chrysoviridae
LC350278.1,Chrysoviridae
LC371242.1,Straboviridae
LC373201.2,Ackermannviridae
LC373513.1,Betaflexiviridae
LC376044.1,Ootiviridae
LC379162.1,Potyviridae
LC379168.1,Bacilladnaviridae
LC381845.1,Anelloviridae
LC385828.1,Adenoviridae
LC386157.1,Picornaviridae
LC386160.1,Picornaviridae
LC386195.1,Smacoviridae
LC386197.1,Smacoviridae
LC386199.1,Smacoviridae
LC386204.1,Smacoviridae
LC387540.1,Anelloviridae
LC387543.1,Anelloviridae
LC387546.1,Anelloviridae
LC387548.1,Anelloviridae
LC389584.1,Vilyaviridae
LC413194.1,Autotranscriptaviridae
LC413195.1,Autotranscriptaviridae
LC413501.1,Botourmiaviridae
LC413502.1,Botourmiaviridae
LC413503.1,Botourmiaviridae
LC416389.1,Circoviridae
LC424839.1,Solemoviridae
LC425112.1,Mitoviridae
LC428351.1,Solemoviridae
LC437024.1,Botybirnaviridae
LC437025.1,Botybirnaviridae
LC460456.1,Alphaflexiviridae
LC466007.1,Mymonaviridae
LC466009.1,Phenuiviridae
LC467965.1,Ootiviridae
LC469780.1,Adenoviridae
LC472881.1,Lindbergviridae
LC473039.1,Andersonviridae
LC487411.1,Caulimoviridae
LC488188.1,Solemoviridae
LC488189.1,Secoviridae
LC492974.1,Orthoherpesviridae
LC496090.1,Fimoviridae
LC507098.1,Solemoviridae
LC507823.1,Sarkviridae
LC514055.1,Xinmoviridae
LC514057.1,Rhabdoviridae
LC514295.1,Spiciviridae
LC516895.1,Drexlerviridae
LC519601.1,Grimontviridae
LC519840.1,Hadakaviridae
LC528882.1,Peduoviridae
LC530175.1,Fusariviridae
LC553675.1,Polymycoviridae
LC553684.1,Splipalmiviridae
LC553685.1,Splipalmiviridae
LC553704.1,Amalgaviridae
LC553711.1,Splipalmiviridae
LC553717.1,Hantaviridae
LC553718.1,Hantaviridae
LC553735.1,Mktvariviridae
LC553736.1,Casjensviridae
LC571987.2,Konkoviridae
LC571988.2,Konkoviridae
LC573287.1,Potyviridae
LC576445.1,Fimoviridae
LC585887.1,Nyamiviridae
LC592214.1,Hadakaviridae
LC596823.1,Hypoviridae
LC596824.1,Pseudototiviridae
LC597437.1,Fimoviridae
LC597488.1,Adenoviridae
LC604019.1,Potyviridae
LC604719.1,Rhabdoviridae
LC604720.1,Rhabdoviridae
LC604727.1,Fimoviridae
LC604729.1,Fimoviridae
LC618931.1,Phenuiviridae
LC618932.1,Phenuiviridae
LC618933.1,Phenuiviridae
LC621355.1,Nairoviridae
LC621356.1,Nairoviridae
LC621357.1,Nairoviridae
LC622069.2,Ootiviridae
LC626335.1,Tospoviridae
LC626336.1,Tospoviridae
LC626337.1,Tospoviridae
LC634419.1,Splipalmiviridae
LC634420.1,Splipalmiviridae
LC638697.1,Adenoviridae
LC659915.1,Demerecviridae
LC667452.1,Peduoviridae
LC671626.1,Kanorauviridae
LC671712.1,Nairoviridae
LC671713.1,Nairoviridae
LC671714.1,Nairoviridae
LC698002.1,Peribunyaviridae
LC698003.1,Peribunyaviridae
LC698004.1,Peribunyaviridae
LC708001.1,Pecoviridae
LC708004.1,Pecoviridae
LC708032.1,Kirkoviridae
LC719619.1,Aspiviridae
LC739530.1,Andersonviridae
LC746218.1,Tulasviridae
LC763252.1,Splipalmiviridae
LC763253.1,Splipalmiviridae
LC768499.1,Autotranscriptaviridae
LC775043.1,Phasmaviridae
LC775044.1,Phasmaviridae
LC775065.1,Rhabdoviridae
LC779549.1,Autonotataviridae
LC805881.1,Konkoviridae
LH935077.1,Polycipiviridae
LH935078.1,Polycipiviridae
LI526777.1,Polycipiviridae
LI719284.1,Polycipiviridae
LK021688.1,Picornaviridae
LK392619.1,Madridviridae
LK928904.1,Belpaoviridae
LK931483.1,Genomoviridae
LK931485.1,Genomoviridae
LN610572.1,Vandenendeviridae
LN610577.1,Mesyanzhinovviridae
LN610584.1,Mesyanzhinovviridae
LN610589.1,Lindbergviridae
LN610699.1,Amalgaviridae
LN713680.1,Bornaviridae
LN713933.1,Rhabdoviridae
LN827941.1,Mitoviridae
LN827942.1,Mitoviridae
LN827947.1,Mitoviridae
LN827955.2,Botourmiaviridae
LN866626.1,Autotranscriptaviridae
LN878149.1,Autonotataviridae
LN881726.1,Straboviridae
LN881728.1,Straboviridae
LN881732.1,Straboviridae
LN887844.1,Vandenendeviridae
LN889756.1,Autotranscriptaviridae
LN889995.1,Autotranscriptaviridae
LN896307.1,Polymycoviridae
LR027384.1,Demerecviridae
LR027388.1,Drexlerviridae
LR027389.1,Demerecviridae
LR215722.1,Straboviridae
LR215723.1,Straboviridae
LR216006.1,Picornaviridae
LR595869.1,Peduoviridae
LR595873.1,Peduoviridae
LR595883.1,Peduoviridae
LR595885.1,Peduoviridae
LR595887.1,Peduoviridae
LR595891.1,Peduoviridae
LR596614.1,Drexlerviridae
LR597637.1,Peduoviridae
LR597638.1,Peduoviridae
LR597640.1,Peduoviridae
LR597649.1,Peduoviridae
LR597655.1,Demerecviridae
LR597658.1,Andersonviridae
LR597663.1,Andersonviridae
LR699048.1,Andersonviridae
LR742461.1,Fimoviridae
LR742463.1,Fimoviridae
LR743532.1,Mesyanzhinovviridae
LR757892.1,Drexlerviridae
LR778216.1,Autonotataviridae
LR797314.1,Peduoviridae
LR828198.1,Fimoviridae
LR828201.1,Fimoviridae
LR880803.1,Andersonviridae
LR881104.1,Chimalliviridae
LR881109.1,Demerecviridae
LR881112.1,Demerecviridae
LR881113.1,Demerecviridae
LR881116.1,Demerecviridae
LR990835.2,Herelleviridae
LR994545.1,Rhabdoviridae
LS484712.1,Iridoviridae
LS992584.1,Paramyxoviridae
LT221868.1,Mayoviridae
LT593139.1,Botourmiaviridae
LT594300.1,Autotranscriptaviridae
LT598836.1,Pithoviridae
LT608135.1,Orthoherpesviridae
LT608395.1,Secoviridae
LT608396.1,Secoviridae
LT614807.1,Straboviridae
LT615235.1,Solemoviridae
LT630001.1,Rountreeviridae
LT671577.1,Pithoviridae
LT841149.1,Adenoviridae
LT841304.1,Drexlerviridae
LT898422.1,Picornaviridae
LT906555.1,Orpheoviridae
LT907979.1,Pithoviridae
LT960606.1,Autotranscriptaviridae
LT961732.1,Drexlerviridae
LT961845.1,Autotranscriptaviridae
LT962475.1,Autotranscriptaviridae
LT994651.1,Pithoviridae
M10060.1,Retroviridae
M10455.1,Retroviridae
M11458.1,Potyviridae
M11813.1,Salasmaviridae
M11852.1,Peribunyaviridae
M11910.1,Papillomaviridae
M11912.1,Inoviridae
M12197.1,Picornaviridae
M12294.2,Flaviviridae
M12921.1,Cystoviridae
M13215.1,Rhabdoviridae
M14627.1,Hantaviridae
M14707.1,Picornaviridae
M14880.1,Orthomyxoviridae
M14913.1,Secoviridae
M15240.2,Matonaviridae
M15953.1,Papillomaviridae
M16020.1,Picornaviridae
M16560.1,Picornaviridae
M16576.1,Virgaviridae
M17417.1,Phenuiviridae
M17461.1,Cystoviridae
M17462.1,Cystoviridae
M17463.1,Papillomaviridae
M17988.1,Microviridae
M18049.1,Birnaviridae
M18370.1,Flaviviridae
M18752.1,Hepadnaviridae
M19296.1,Parvoviridae
M19377.1,Inoviridae
M19420.1,Peribunyaviridae
M20036.1,Parvoviridae
M20219.1,Papillomaviridae
M20304.1,Arenaviridae
M21951.1,Peribunyaviridae
M21958.1,Tombusviridae
M22036.1,Orthoherpesviridae
M22056.1,Hepadnaviridae
M22445.3,Tombusviridae
M22820.1,Retroviridae
M23021.1,Solemoviridae
M23385.1,Retroviridae
M25270.1,Tombusviridae
M25381.1,Retroviridae
M26927.1,Retroviridae
M28817.1,Bromoviridae
M28818.1,Bromoviridae
M29671.1,Tombusviridae
M29963.1,Alphasatellitidae
M29979.1,Hantaviridae
M30502.1,Retroviridae
M31182.1,Flaviviridae
M32305.1,Papillomaviridae
M32662.1,Metaviridae
M33551.1,Phenuiviridae
M33677.1,Retroviridae
M34077.1,Virgaviridae
M55918.1,Anelloviridae
M57426.1,Phenuiviridae
M57538.1,Inoviridae
M57938.1,Hypoviridae
M58152.1,Betaflexiviridae
M58410.1,Retroviridae
M58756.1,Birnaviridae
M60184.1,Papillomaviridae
M62321.1,Flaviviridae
M62730.1,Alphaflexiviridae
M62738.1,Secoviridae
M62849.1,Papillomaviridae
M63194.1,Hantaviridae
M65138.1,Bromoviridae
M67473.1,Caliciviridae
M73218.1,Hepeviridae
M73236.1,Papillomaviridae
M74895.1,Retroviridae
M74904.1,Tospoviridae
M75136.2,Alloherpesviridae
M77280.1,Orthomyxoviridae
M80216.1,Retroviridae
M81413.1,Virgaviridae
M81487.1,Virgaviridae
M81861.1,Picornaviridae
M83309.1,Secoviridae
M83830.1,Secoviridae
M86379.1,Caliciviridae
M87661.2,Caliciviridae
M88483.1,Picornaviridae
M88589.2,Tombusviridae
M89923.1,Caulimoviridae
M94133.1,Nairoviridae
M94868.1,Picornaviridae
M95169.1,Coronaviridae
M95497.1,Secoviridae
M95589.1,Hepadnaviridae
M96262.2,Arteriviridae
M96425.1,Potyviridae
M96751.1,Flaviviridae
M97264.1,Alphaflexiviridae
MCBQ01018032.1,Mymonaviridae
MF001304.1,Poxviridae
MF001354.1,Straboviridae
MF001355.1,Straboviridae
MF001359.1,Straboviridae
MF001360.1,Straboviridae
MF001362.1,Ackermannviridae
MF001363.1,Demerecviridae
MF033136.2,Paramyxoviridae
MF034659.1,Autotranscriptaviridae
MF041808.1,Polycipiviridae
MF041809.1,Polycipiviridae
MF041810.1,Polycipiviridae
MF041812.1,Polycipiviridae
MF042360.1,Chimalliviridae
MF044458.2,Chaseviridae
MF045841.1,Chrysoviridae
MF045842.1,Chrysoviridae
MF062125.1,Phenuiviridae
MF062126.1,Phenuiviridae
MF062139.1,Phenuiviridae
MF062140.1,Phenuiviridae
MF062141.1,Phenuiviridae
MF062142.1,Phenuiviridae
MF062143.1,Phenuiviridae
MF063068.1,Chimalliviridae
MF066368.1,Peribunyaviridae
MF066369.1,Peribunyaviridae
MF066370.1,Peribunyaviridae
MF073200.1,Inseviridae
MF078061.1,Alphaflexiviridae
MF083940.2,Parvoviridae
MF102281.1,Rhabdoviridae
MF113370.1,Picornaviridae
MF113372.1,Picornaviridae
MF120198.1,Tombusviridae
MF135780.1,Bornaviridae
MF136435.1,Solemoviridae
MF140414.1,Vilmaviridae
MF141052.1,Phenuiviridae
MF141053.1,Phenuiviridae
MF141072.1,Rhabdoviridae
MF142458.1,Discoviridae
MF142460.1,Discoviridae
MF143631.1,Baculoviridae
MF144115.1,Ovaliviridae
MF150240.1,Alphaflexiviridae
MF155946.1,Stanwilliamsviridae
MF156577.1,Salasmaviridae
MF156578.1,Salasmaviridae
MF158037.1,Sarkviridae
MF158039.1,Drexlerviridae
MF158040.1,Andersonviridae
MF158042.1,Drexlerviridae
MF158045.1,Straboviridae
MF161328.1,Aliceevansviridae
MF166685.1,Betaflexiviridae
MF166859.1,Autotranscriptaviridae
MF168943.1,Papillomaviridae
MF172923.1,Picornaviridae
MF173065.1,Genomoviridae
MF173066.1,Genomoviridae
MF173068.1,Anelloviridae
MF175072.1,Picornaviridae
MF175080.1,Parvoviridae
MF175082.1,Polyomaviridae
MF176243.1,Phasmaviridae
MF176268.1,Xinmoviridae
MF176309.1,Chrysoviridae
MF176311.1,Chrysoviridae
MF176333.1,Rhabdoviridae
MF176340.1,Chrysoviridae
MF176342.1,Chrysoviridae
MF176881.1,Nairoviridae
MF176882.1,Nairoviridae
MF185728.1,Vilmaviridae
MF187212.1,Anelloviridae
MF189177.1,Berryhillviridae
MF189178.1,Berryhillviridae
MF197913.1,Iridoviridae
MF198244.1,Parvoviridae
MF198452.1,Adenoviridae
MF198462.1,Closteroviridae
MF276904.1,Mymonaviridae
MF279192.1,Rhabdoviridae
MF280817.1,Retroviridae
MF285615.1,Autotranscriptaviridae
MF285618.1,Chimalliviridae
MF289182.1,Phenuiviridae
MF289183.2,Phenuiviridae
MF317490.1,Arenaviridae
MF317491.1,Arenaviridae
MF317878.1,Polymycoviridae
MF319185.1,Filoviridae
MF324907.1,Berryhillviridae
MF324910.1,Vilmaviridae
MF327003.1,Andersonviridae
MF327004.1,Andersonviridae
MF327008.1,Straboviridae
MF327529.1,Picornaviridae
MF327539.1,Anelloviridae
MF327541.1,Anelloviridae
MF327542.1,Anelloviridae
MF327547.1,Anelloviridae
MF327551.1,Anelloviridae
MF327552.1,Anelloviridae
MF327554.1,Anelloviridae
MF327557.1,Anelloviridae
MF327558.1,Genomoviridae
MF327559.1,Genomoviridae
MF327561.1,Genomoviridae
MF327565.1,Genomoviridae
MF327567.1,Genomoviridae
MF327568.1,Genomoviridae
MF327570.1,Genomoviridae
MF327571.1,Genomoviridae
MF327573.1,Kanorauviridae
MF327574.1,Ouroboviridae
MF347636.1,Stanwilliamsviridae
MF347637.1,Stanwilliamsviridae
MF347638.1,Stanwilliamsviridae
MF347639.1,Stanwilliamsviridae
MF351519.1,Endolinaviridae
MF351863.1,Kyanoviridae
MF352408.1,Picornaviridae
MF352410.1,Picornaviridae
MF352412.1,Picornaviridae
MF352417.1,Picornaviridae
MF352424.1,Picornaviridae
MF352425.1,Picornaviridae
MF358731.1,Picornaviridae
MF360789.1,Chuviridae
MF360790.1,Rhabdoviridae
MF361639.1,Finnlakeviridae
MF370225.1,Andersonviridae
MF373638.1,Genomoviridae
MF374997.1,Polyomaviridae
MF375456.1,Autonotataviridae
MF375475.1,Mitoviridae
MF375882.2,Phenuiviridae
MF375883.2,Gammaflexiviridae
MF375888.2,Yadokariviridae
MF375889.2,Botourmiaviridae
MF375894.1,Baculoviridae
MF385016.1,Orthoherpesviridae
MF401583.1,Polyomaviridae
MF403007.1,Pootjesviridae
MF405436.1,Picornaviridae
MF405918.2,Mimiviridae
MF405923.1,Betaflexiviridae
MF407276.1,Salasmaviridae
MF414201.1,Arenaviridae
MF414202.1,Arenaviridae
MF415410.1,Casjensviridae
MF415412.1,Drexlerviridae
MF416384.1,Parvoviridae
MF416403.1,Picornaviridae
MF420353.1,Potyviridae
MF431252.1,Sarkviridae
MF431611.1,Orthoherpesviridae
MF431616.1,Zobellviridae
MF431617.1,Zobellviridae
MF431730.1,Demerecviridae
MF431737.1,Demerecviridae
MF440375.1,Betaflexiviridae
MF444276.1,Botourmiaviridae
MF444277.1,Mymonaviridae
MF444280.1,Mymonaviridae
MF444282.1,Mymonaviridae
MF448340.1,Straboviridae
MF459646.1,Chimalliviridae
MF467280.1,Poxviridae
MF467281.1,Poxviridae
MF468274.1,Drexlerviridae
MF469033.1,Tospoviridae
MF469034.1,Tospoviridae
MF469035.1,Tospoviridae
MF469045.1,Tospoviridae
MF469047.1,Tospoviridae
MF472710.1,Rhabdoviridae
MF476845.1,Caulimoviridae
MF476925.1,Casjensviridae
MF479730.1,Straboviridae
MF490240.1,Lindbergviridae
MF490241.1,Lindbergviridae
MF497775.1,Peribunyaviridae
MF497776.1,Peribunyaviridae
MF497827.1,Circoviridae
MF509898.1,Potyviridae
MF510471.1,Alphasatellitidae
MF521889.1,Betaflexiviridae
MF535449.1,Nanoviridae
MF535450.1,Nanoviridae
MF535451.1,Nanoviridae
MF535452.1,Nanoviridae
MF535455.1,Alphasatellitidae
MF538627.1,Iridoviridae
MF538628.1,Iridoviridae
MF541378.1,Anelloviridae
MF541388.1,Anelloviridae
MF541389.1,Anelloviridae
MF543022.1,Rhabdoviridae
MF564201.1,Drexlerviridae
MF580384.1,Tombusviridae
MF580759.1,Aliceevansviridae
MF580770.1,Aliceevansviridae
MF580771.1,Aliceevansviridae
MF580773.1,Aliceevansviridae
MF593931.1,Phenuiviridae
MF593933.1,Phenuiviridae
MF599468.1,Iridoviridae
MF612072.1,Drexlerviridae
MF614691.1,Baculoviridae
MF615270.1,Rhabdoviridae
MF621978.1,Autonotataviridae
MF622947.1,Potyviridae
MF623055.1,Lindbergviridae
MF630921.1,Autotranscriptaviridae
MF642724.1,Caulimoviridae
MF642734.1,Caulimoviridae
MF642736.1,Caulimoviridae
MF669478.1,Smacoviridae
MF669480.1,Genomoviridae
MF678601.1,Orthoherpesviridae
MF681663.1,Demerecviridae
MF682925.1,Parvoviridae
MF683623.1,Autonotataviridae
MF685025.1,Tobaniviridae
MF688613.1,Bromoviridae
MF688614.1,Bromoviridae
MF695811.1,Phenuiviridae
MF695812.1,Phenuiviridae
MF716957.1,Inoviridae
MF766025.1,Fimoviridae
MF768470.1,Lindbergviridae
MF768985.1,Nimaviridae
MF773580.1,Adenoviridae
MF782455.1,Mimiviridae
MF787246.1,Herelleviridae
MF804498.1,Draupnirviridae
MF805716.1,Chimalliviridae
MF893248.1,Mymonaviridae
MF893340.1,Vandenendeviridae
MF893341.1,Autotranscriptaviridae
MF918568.1,Rhabdoviridae
MF918569.1,Rhabdoviridae
MF919510.1,Zierdtviridae
MF919514.1,Stackebrandtviridae
MF926426.1,Alphasatellitidae
MF926427.1,Alphasatellitidae
MF926429.1,Alphasatellitidae
MF926430.1,Alphasatellitidae
MF926432.1,Alphasatellitidae
MF926434.1,Metaxyviridae
MF926436.1,Metaxyviridae
MF926439.1,Metaxyviridae
MF927925.1,Betaflexiviridae
MF943130.1,Paramyxoviridae
MF947429.1,Picornaviridae
MF947444.1,Picornaviridae
MF953305.1,Potyviridae
MF957259.1,Straboviridae
MF974178.1,Vandenendeviridae
MF975531.1,Rhabdoviridae
MF978248.1,Alphaflexiviridae
MF979564.1,Demerecviridae
MF996376.1,Drexlerviridae
MF997470.1,Potyviridae
MG004687.1,Autosignataviridae
MG009575.1,Vilmaviridae
MG018926.1,Lindbergviridae
MG018929.2,Autosignataviridae
MG018930.1,Vandenendeviridae
MG020024.1,Hepeviridae
MG021441.1,Rhabdoviridae
MG029269.1,Peribunyaviridae
MG029270.1,Peribunyaviridae
MG029271.1,Peribunyaviridae
MG029275.1,Peribunyaviridae
MG029276.1,Peribunyaviridae
MG029277.1,Peribunyaviridae
MG029287.1,Peribunyaviridae
MG029288.1,Peribunyaviridae
MG029289.1,Peribunyaviridae
MG030346.1,Casjensviridae
MG030347.1,Demerecviridae
MG049919.1,Drexlerviridae
MG050172.1,Drexlerviridae
MG099933.1,Sarkviridae
MG136722.1,Parvoviridae
MG198776.1,Zierdtviridae
MG198777.1,Zierdtviridae
MG198780.1,Zierdtviridae
MG201401.1,Autonotataviridae
MG203878.1,Paramyxoviridae
MG208123.1,Betaflexiviridae
MG208881.1,Schitoviridae
MG230624.1,Paramyxoviridae
MG241338.1,Drexlerviridae
MG242064.1,Endornaviridae
MG250483.1,Straboviridae
MG250484.1,Straboviridae
MG250485.1,Autotranscriptaviridae
MG251390.1,Autosignataviridae
MG251391.1,Andersonviridae
MG251664.1,Rhabdoviridae
MG253828.1,Secoviridae
MG254193.1,Betaflexiviridae
MG255170.1,Endornaviridae
MG256174.1,Mitoviridae
MG256175.1,Mitoviridae
MG271984.1,Alloherpesviridae
MG280946.1,Casjensviridae
MG383452.2,Ackermannviridae
MG387042.1,Demerecviridae
MG425969.1,Chrysoviridae
MG428990.1,Ackermannviridae
MG428991.1,Ackermannviridae
MG428992.1,Ackermannviridae
MG432107.1,Betaflexiviridae
MG452721.1,Orthoherpesviridae
MG452722.1,Orthoherpesviridae
MG459987.2,Demerecviridae
MG470803.1,Solemoviridae
MG471392.1,Autotranscriptaviridae
MG471437.1,Orthoherpesviridae
MG488277.1,Autotranscriptaviridae
MG516455.1,Paramyxoviridae
MG522850.1,Smacoviridae
MG543471.1,Parvoviridae
MG545917.1,Autosignataviridae
MG546515.1,Inseviridae
MG546516.1,Inseviridae
MG550110.1,Pleolipoviridae
MG550111.1,Pleolipoviridae
MG550112.1,Haloferuviridae
MG550113.1,Pleolipoviridae
MG552615.1,Drexlerviridae
MG554632.1,Hypoviridae
MG554633.1,Fusariviridae
MG557979.1,Herelleviridae
MG566074.1,Phenuiviridae
MG566075.1,Phenuiviridae
MG566076.1,Phenuiviridae
MG571096.1,Genomoviridae
MG571098.1,Genomoviridae
MG571099.1,Genomoviridae
MG571101.1,Genomoviridae
MG571897.1,Pecoviridae
MG571900.1,Vilyaviridae
MG573140.1,Paramyxoviridae
MG573141.1,Paramyxoviridae
MG573142.1,Phenuiviridae
MG573143.1,Phenuiviridae
MG573144.1,Phenuiviridae
MG573145.1,Phenuiviridae
MG573146.1,Phenuiviridae
MG581739.1,Phenuiviridae
MG581740.1,Phenuiviridae
MG581741.1,Phenuiviridae
MG581962.1,Secoviridae
MG581963.1,Secoviridae
MG584187.1,Marnaviridae
MG584188.1,Marnaviridae
MG584189.1,Marnaviridae
MG589383.1,Straboviridae
MG589387.1,Peduoviridae
MG592410.1,Schitoviridae
MG592470.1,Schitoviridae
MG592536.1,Schitoviridae
MG592554.1,Schitoviridae
MG592573.1,Peduoviridae
MG592591.1,Schitoviridae
MG592610.1,Schitoviridae
MG592625.1,Schitoviridae
MG597244.1,Tombusviridae
MG599863.1,Arenaviridae
MG599866.1,Arenaviridae
MG599867.1,Arenaviridae
MG599939.1,Bornaviridae
MG599940.1,Hantaviridae
MG599941.1,Hantaviridae
MG599943.1,Hantaviridae
MG599946.1,Hantaviridae
MG599947.1,Hantaviridae
MG599949.1,Hantaviridae
MG599952.1,Hantaviridae
MG599953.1,Hantaviridae
MG599981.1,Filoviridae
MG600010.1,Chuviridae
MG600014.1,Rhabdoviridae
MG600015.1,Rhabdoviridae
MG600016.1,Rhabdoviridae
MG600020.1,Nanhypoviridae
MG600022.1,Olifoviridae
MG600023.1,Gresnaviridae
MG600024.1,Nanghoshaviridae
MG600025.1,Cremegaviridae
MG600028.1,Tobaniviridae
MG600030.1,Tobaniviridae
MG600057.1,Paramyxoviridae
MG600058.1,Paramyxoviridae
MG600059.1,Paramyxoviridae
MG600062.1,Paramyxoviridae
MG600069.1,Picornaviridae
MG600070.1,Picornaviridae
MG600074.1,Picornaviridae
MG600075.1,Picornaviridae
MG600076.1,Picornaviridae
MG600081.1,Picornaviridae
MG600083.1,Picornaviridae
MG600084.1,Picornaviridae
MG600089.1,Picornaviridae
MG600090.1,Picornaviridae
MG600091.1,Picornaviridae
MG600093.1,Picornaviridae
MG600095.1,Picornaviridae
MG600103.1,Picornaviridae
MG600106.1,Picornaviridae
MG600110.1,Picornaviridae
MG603697.1,Grimontviridae
MG604920.1,Rhabdoviridae
MG637048.1,Betaflexiviridae
MG641190.1,Smacoviridae
MG641191.1,Genomoviridae
MG641192.1,Genomoviridae
MG641194.1,Genomoviridae
MG641197.1,Genomoviridae
MG641202.1,Genomoviridae
MG641203.1,Genomoviridae
MG641204.1,Genomoviridae
MG641205.1,Genomoviridae
MG641211.1,Genomoviridae
MG646669.1,Andersonviridae
MG646672.1,Andersonviridae
MG649966.1,Demerecviridae
MG649967.1,Demerecviridae
MG652450.1,Autonotataviridae
MG654479.1,Polyomaviridae
MG654481.1,Polyomaviridae
MG654482.1,Polyomaviridae
MG655268.1,Chimalliviridae
MG663535.1,Hantaviridae
MG663536.1,Hantaviridae
MG673519.1,Mktvariviridae
MG676224.1,Demerecviridae
MG676465.1,Tymoviridae
MG686419.1,Caulimoviridae
MG693108.1,Parvoviridae
MG696114.1,Straboviridae
MG696851.1,Tospoviridae
MG696852.1,Tospoviridae
MG696853.1,Tospoviridae
MG696865.2,Peribunyaviridae
MG701350.1,Polyomaviridae
MG701352.1,Polyomaviridae
MG701353.1,Polyomaviridae
MG701355.1,Polyomaviridae
MG702567.1,Nimaviridae
MG708274.1,Aliceevansviridae
MG708275.1,Aliceevansviridae
MG720308.1,Chimalliviridae
MG721015.1,Polyomaviridae
MG732930.1,Drexlerviridae
MG736918.1,Autosignataviridae
MG740721.1,Ouroboviridae
MG745670.1,Parvoviridae
MG745671.1,Parvoviridae
MG745672.1,Parvoviridae
MG745677.1,Parvoviridae
MG747435.1,Peduoviridae
MG748547.1,Ackermannviridae
MG748548.1,Mktvariviridae
MG748715.1,Amesuviridae
MG755240.1,Potyviridae
MG757153.1,Stanwilliamsviridae
MG757157.1,Zierdtviridae
MG764084.1,Endornaviridae
MG764565.1,Phenuiviridae
MG765277.2,Herelleviridae
MG765279.2,Herelleviridae
MG770379.1,Ackermannviridae
MG775042.2,Autosignataviridae
MG775043.2,Straboviridae
MG775258.1,Autotranscriptaviridae
MG775260.1,Schitoviridae
MG775261.1,Autonotataviridae
MG781152.1,Kitaviridae
MG781153.1,Kitaviridae
MG781154.1,Kitaviridae
MG781190.1,Straboviridae
MG783575.1,Betaflexiviridae
MG792213.1,Peribunyaviridae
MG792214.1,Peribunyaviridae
MG800627.1,Polyomaviridae
MG800833.2,Solemoviridae
MG812487.1,Stackebrandtviridae
MG820264.1,Peribunyaviridae
MG821226.1,Peribunyaviridae
MG821261.1,Parvoviridae
MG832642.1,Autotranscriptaviridae
MG835568.1,Autotranscriptaviridae
MG837569.1,Anelloviridae
MG845865.1,Autotranscriptaviridae
MG846356.1,Endolinaviridae
MG846358.1,Circoviridae
MG846465.1,Picornaviridae
MG846481.1,Picornaviridae
MG846482.1,Picornaviridae
MG867727.1,Straboviridae
MG873442.1,Grimontviridae
MG875515.1,Picornaviridae
MG875516.1,Picornaviridae
MG878892.2,Autonotataviridae
MG887747.1,Botourmiaviridae
MG887749.1,Discoviridae
MG887750.1,Polymycoviridae
MG887754.1,Polymycoviridae
MG887760.1,Chrysoviridae
MG887761.1,Chrysoviridae
MG887762.1,Chrysoviridae
MG894052.1,Drexlerviridae
MG897472.1,Fusagraviridae
MG917675.1,Genomoviridae
MG919988.1,Closteroviridae
MG922974.1,Schitoviridae
MG923574.2,Coronaviridae
MG938506.1,Rhabdoviridae
MG938507.1,Rhabdoviridae
MG944237.1,Caulimoviridae
MG948563.1,Rhabdoviridae
MG958506.1,Tombusviridae
MG958646.1,Picornaviridae
MG966531.1,Autotranscriptaviridae
MG966533.1,Corticoviridae
MG967280.1,Tombusviridae
MG967334.1,Leishbuviridae
MG967338.1,Leishbuviridae
MG967342.1,Leishbuviridae
MG967345.1,Pseudototiviridae
MG967347.1,Pseudototiviridae
MG967619.1,Picornaviridae
MG969167.1,Nudiviridae
MG969551.1,Adenoviridae
MG973030.1,Ackermannviridae
MG976577.1,Arenaviridae
MG976803.1,Mktvariviridae
MG978107.1,Potyviridae
MG983742.1,Ehrlichviridae
MG983840.1,Mktvariviridae
MG989243.1,Orthoherpesviridae
MG999954.1,Straboviridae
MH000603.1,Aliceevansviridae
MH000604.1,Aliceevansviridae
MH015250.1,Schitoviridae
MH015256.1,Schitoviridae
MH016740.1,Anelloviridae
MH017269.1,Peribunyaviridae
MH017270.1,Peribunyaviridae
MH017271.1,Peribunyaviridae
MH017273.1,Peribunyaviridae
MH017274.1,Nairoviridae
MH017275.1,Peribunyaviridae
MH017276.1,Peribunyaviridae
MH017277.1,Peribunyaviridae
MH017278.1,Peribunyaviridae
MH017280.1,Nairoviridae
MH017281.1,Peribunyaviridae
MH017283.1,Peribunyaviridae
MH017284.1,Peribunyaviridae
MH017286.1,Nairoviridae
MH017546.1,Anelloviridae
MH017563.1,Anelloviridae
MH018032.1,Peribunyaviridae
MH018033.1,Peribunyaviridae
MH028956.1,Herelleviridae
MH031343.1,Autotranscriptaviridae
MH033657.1,Closteroviridae
MH036941.1,Orthoherpesviridae
MH036942.1,Orthoherpesviridae
MH036943.1,Orthoherpesviridae
MH037014.1,Hypoviridae
MH037149.1,Xinmoviridae
MH045561.1,Orlajensenviridae
MH046811.2,Mimiviridae
MH047857.1,Genomoviridae
MH047858.1,Genomoviridae
MH048842.1,Nanoviridae
MH048845.1,Nanoviridae
MH048846.1,Nanoviridae
MH051911.1,Drexlerviridae
MH051913.1,Straboviridae
MH051914.1,Andersonviridae
MH051915.1,Straboviridae
MH051916.1,Straboviridae
MH051918.1,Drexlerviridae
MH057692.1,Megabirnaviridae
MH059632.2,Autotranscriptaviridae
MH059633.1,Lindbergviridae
MH059636.2,Straboviridae
MH059638.1,Schitoviridae
MH059639.1,Autotranscriptaviridae
MH077559.1,Alphaflexiviridae
MH078572.1,Herelleviridae
MH084695.1,Betaflexiviridae
MH090824.1,Nimaviridae
MH102378.2,Peribunyaviridae
MH105080.1,Mestraviridae
MH107118.1,Rountreeviridae
MH107246.1,Kyanoviridae
MH111074.1,Smacoviridae
MH111079.1,Smacoviridae
MH111082.1,Smacoviridae
MH111084.1,Smacoviridae
MH111086.1,Smacoviridae
MH111090.1,Smacoviridae
MH111107.1,Smacoviridae
MH111114.1,Smacoviridae
MH111116.1,Smacoviridae
MH111126.1,Smacoviridae
MH111138.1,Smacoviridae
MH111148.1,Smacoviridae
MH113812.1,Autosignataviridae
MH113813.1,Autosignataviridae
MH113814.1,Autosignataviridae
MH113815.1,Autosignataviridae
MH124167.1,Baculoviridae
MH129615.1,Rhabdoviridae
MH153809.1,Stackebrandtviridae
MH155602.1,Amalgaviridae
MH155873.1,Hodgkinviridae
MH160392.1,Schitoviridae
MH165274.2,Straboviridae
MH171300.1,Marnaviridae
MH172261.1,Autotranscriptaviridae
MH172262.1,Autotranscriptaviridae
MH172263.1,Autotranscriptaviridae
MH172264.1,Autotranscriptaviridae
MH179472.2,Autotranscriptaviridae
MH179476.1,Straboviridae
MH179477.1,Straboviridae
MH188003.1,Rhabdoviridae
MH188036.1,Chuviridae
MH188038.1,Circoviridae
MH188041.1,Draupnirviridae
MH191395.1,Lindbergviridae
MH191398.1,Chaseviridae
MH203051.1,Demerecviridae
MH206183.1,Inoviridae
MH206184.1,Inoviridae
MH206615.1,Closteroviridae
MH206616.1,Potyviridae
MH213243.1,Lebotiviridae
MH213246.1,Lispiviridae
MH218848.1,Inoviridae
MH223635.1,Fimoviridae
MH231406.1,Polymycoviridae
MH243439.1,Straboviridae
MH248069.1,Guelinviridae
MH255796.1,Picornaviridae
MH261376.1,Baculoviridae
MH267701.1,Closteroviridae
MH268168.1,Autotranscriptaviridae
MH271304.1,Hodgkinviridae
MH271308.1,Casidaviridae
MH271312.1,Hodgkinviridae
MH271320.1,Casidaviridae
MH271321.1,Hodgkinviridae
MH285980.1,Drexlerviridae
MH292861.1,Betaflexiviridae
MH301088.1,Pseudototiviridae
MH307930.1,Hepadnaviridae
MH316122.2,Hypoviridae
MH320559.1,Baculoviridae
MH323434.1,Secoviridae
MH323435.1,Secoviridae
MH323436.1,Solemoviridae
MH323437.1,Rhabdoviridae
MH325329.1,Secoviridae
MH327935.1,Spinareoviridae
MH327936.1,Spinareoviridae
MH327937.1,Spinareoviridae
MH327944.1,Spinareoviridae
MH330686.1,Potyviridae
MH333064.1,Straboviridae
MH359124.1,Straboviridae
MH368041.1,Picornaviridae
MH368042.1,Circoviridae
MH370144.1,Baculoviridae
MH370358.1,Sarkviridae
MH370360.1,Sarkviridae
MH370366.1,Demerecviridae
MH370367.1,Demerecviridae
MH370369.1,Demerecviridae
MH370371.1,Ackermannviridae
MH370375.1,Demerecviridae
MH370376.1,Demerecviridae
MH370378.1,Demerecviridae
MH370379.1,Demerecviridae
MH370380.1,Demerecviridae
MH370386.1,Demerecviridae
MH370477.2,Autotranscriptaviridae
MH370821.1,Peribunyaviridae
MH370823.1,Peribunyaviridae
MH370824.1,Peribunyaviridae
MH370825.1,Peribunyaviridae
MH370826.1,Peribunyaviridae
MH376747.1,Potyviridae
MH378452.1,Anelloviridae
MH382198.1,Autotranscriptaviridae
MH382836.1,Schitoviridae
MH384837.1,Caulimoviridae
MH394321.1,Baculoviridae
MH395371.1,Potyviridae
MH396440.1,Caulimoviridae
MH397359.1,Solemoviridae
MH399783.1,Orlajensenviridae
MH400309.1,Autotranscriptaviridae
MH412654.1,Kyanoviridae
MH424443.1,Sarkviridae
MH424444.1,Sarkviridae
MH424445.1,Sarkviridae
MH425569.1,Geplanaviridae
MH426724.1,Chimalliviridae
MH427217.1,Poxviridae
MH444690.1,Genomoviridae
MH445453.1,Drexlerviridae
MH447526.1,Lipothrixviridae
MH447987.1,Cremegaviridae
MH450129.1,Stackebrandtviridae
MH460459.1,Autotranscriptaviridae
MH460829.1,Straboviridae
MH464253.1,Autotranscriptaviridae
MH464873.1,Solemoviridae
MH475918.1,Caulimoviridae
MH477287.1,Nyamiviridae
MH477288.1,Rhabdoviridae
MH479910.1,Stackebrandtviridae
MH479917.1,Stackebrandtviridae
MH483024.1,Arenaviridae
MH483025.1,Arenaviridae
MH483026.1,Arenaviridae
MH483031.1,Arenaviridae
MH483032.1,Arenaviridae
MH483041.1,Arenaviridae
MH483042.1,Arenaviridae
MH483043.1,Arenaviridae
MH483044.1,Arenaviridae
MH484306.1,Peribunyaviridae
MH484307.1,Peribunyaviridae
MH484308.1,Peribunyaviridae
MH484312.1,Peribunyaviridae
MH484324.1,Peribunyaviridae
MH484325.1,Peribunyaviridae
MH484326.1,Peribunyaviridae
MH484327.1,Peribunyaviridae
MH484328.1,Peribunyaviridae
MH484329.1,Peribunyaviridae
MH484330.1,Peribunyaviridae
MH484331.1,Peribunyaviridae
MH484332.1,Peribunyaviridae
MH484336.1,Peribunyaviridae
MH484337.1,Peribunyaviridae
MH484338.1,Peribunyaviridae
MH484339.1,Peribunyaviridae
MH484340.1,Peribunyaviridae
MH484341.1,Peribunyaviridae
MH484348.1,Peribunyaviridae
MH484349.1,Peribunyaviridae
MH484350.1,Peribunyaviridae
MH484438.1,Hepadnaviridae
MH491167.1,Autotranscriptaviridae
MH491968.1,Drexlerviridae
MH499471.2,Hantaviridae
MH499472.1,Hantaviridae
MH499473.1,Hantaviridae
MH500283.1,Smacoviridae
MH500286.1,Smacoviridae
MH500297.1,Smacoviridae
MH500298.1,Smacoviridae
MH500301.1,Smacoviridae
MH500303.1,Smacoviridae
MH500307.1,Smacoviridae
MH500349.1,Smacoviridae
MH507154.1,Peribunyaviridae
MH507155.1,Peribunyaviridae
MH507505.1,Rhabdoviridae
MH509440.2,Orthoherpesviridae
MH512890.1,Kyanoviridae
MH536506.1,Betaflexiviridae
MH536648.1,Curvulaviridae
MH536814.1,Stanwilliamsviridae
MH536824.1,Zierdtviridae
MH545499.1,Genomoviridae
MH545501.1,Genomoviridae
MH545503.1,Genomoviridae
MH545507.1,Genomoviridae
MH545509.1,Genomoviridae
MH545510.1,Genomoviridae
MH545511.1,Circoviridae
MH545516.1,Circoviridae
MH545525.1,Smacoviridae
MH545530.1,Vilyaviridae
MH545531.1,Vilyaviridae
MH545533.1,Anicreviridae
MH545536.1,Mahapunaviridae
MH552500.1,Intestiviridae
MH552505.1,Mahapunaviridae
MH560358.1,Straboviridae
MH571750.1,Andersonviridae
MH576960.1,Zierdtviridae
MH576963.1,Orlajensenviridae
MH576965.1,Stanwilliamsviridae
MH576973.1,Vilmaviridae
MH577036.1,Alphasatellitidae
MH580295.1,Adenoviridae
MH586731.1,Andersonviridae
MH587638.1,Autotranscriptaviridae
MH588544.1,Jeanschmidtviridae
MH588545.1,Jeanschmidtviridae
MH588546.1,Jeanschmidtviridae
MH588547.2,Jeanschmidtviridae
MH590597.1,Stanwilliamsviridae
MH590599.1,Stanwilliamsviridae
MH590600.1,Hodgkinviridae
MH606185.1,Herelleviridae
MH607141.1,Poxviridae
MH616644.1,Draupnirviridae
MH616647.1,Pecoviridae
MH616678.1,Bacilladnaviridae
MH616684.1,Ouroboviridae
MH616705.1,Geplanaviridae
MH616738.1,Kanorauviridae
MH616757.1,Ouroboviridae
MH616769.1,Kanorauviridae
MH616801.1,Ouroboviridae
MH616866.1,Smacoviridae
MH616869.1,Draupnirviridae
MH616917.1,Mahapunaviridae
MH616921.1,Kanorauviridae
MH616944.1,Geplanaviridae
MH616963.1,Intestiviridae
MH617097.1,Mahapunaviridae
MH617154.1,Kirkoviridae
MH617169.1,Ouroboviridae
MH617188.1,Anicreviridae
MH617295.1,Draupnirviridae
MH617332.1,Gandrviridae
MH617336.1,Ouroboviridae
MH617369.1,Kanorauviridae
MH617376.1,Mahapunaviridae
MH617385.1,Draupnirviridae
MH617406.1,Draupnirviridae
MH617453.1,Ouroboviridae
MH617488.1,Mahapunaviridae
MH617523.1,Draupnirviridae
MH617534.1,Genomoviridae
MH617562.1,Geplanaviridae
MH617563.1,Kanorauviridae
MH617639.1,Nenyaviridae
MH617692.1,Mahapunaviridae
MH617703.1,Ouroboviridae
MH617708.1,Draupnirviridae
MH617734.1,Bacilladnaviridae
MH617752.1,Ouroboviridae
MH620818.1,Chuviridae
MH629685.1,Kyanoviridae
MH631453.1,Casjensviridae
MH633484.1,Drexlerviridae
MH633485.1,Drexlerviridae
MH645040.1,Potyviridae
MH645042.1,Potyviridae
MH645904.1,Demerecviridae
MH648611.1,Mymonaviridae
MH648910.1,Anelloviridae
MH648912.1,Anelloviridae
MH648934.1,Ouroboviridae
MH648966.1,Anelloviridae
MH648972.1,Draupnirviridae
MH648982.1,Anelloviridae
MH648986.1,Anelloviridae
MH648989.1,Anelloviridae
MH649017.1,Anelloviridae
MH649029.1,Anelloviridae
MH649090.1,Draupnirviridae
MH649114.1,Anelloviridae
MH649205.1,Ouroboviridae
MH649209.1,Anelloviridae
MH649214.1,Ouroboviridae
MH651168.1,Stackebrandtviridae
MH651172.1,Stanwilliamsviridae
MH665358.1,Iridoviridae
MH669000.1,Stackebrandtviridae
MH669007.1,Zierdtviridae
MH669013.1,Zierdtviridae
MH669015.1,Stackebrandtviridae
MH674343.1,Anaerodiviridae
MH675552.1,Steigviridae
MH680824.1,Potyviridae
MH684921.1,Autonotataviridae
MH688453.1,Drexlerviridae
MH688524.1,Rhabdoviridae
MH708020.1,Aliusviridae
MH709120.1,Ackermannviridae
MH709121.1,Ackermannviridae
MH713599.1,Straboviridae
MH714707.1,Dicistroviridae
MH716805.1,Secoviridae
MH716806.1,Secoviridae
MH717098.1,Autotranscriptaviridae
MH717099.1,Autotranscriptaviridae
MH717709.1,Autotranscriptaviridae
MH717816.1,Baculoviridae
MH717874.1,Cruliviridae
MH717875.1,Cruliviridae
MH727531.1,Lebotiviridae
MH727547.1,Zierdtviridae
MH727552.1,Zierdtviridae
MH727564.1,Stanwilliamsviridae
MH727572.1,Fimoviridae
MH729818.1,Autosignataviridae
MH729819.1,Drexlerviridae
MH729874.1,Straboviridae
MH730557.1,Asemoviridae
MH732933.1,Mitoviridae
MH733496.1,Schitoviridae
MH744424.1,Zierdtviridae
MH745368.2,Demerecviridae
MH752385.1,Trautnerviridae
MH760796.1,Picornaviridae
MH766488.1,Mycoalphaviridae
MH766491.1,Fusariviridae
MH766492.1,Fusariviridae
MH766497.1,Hypoviridae
MH766498.1,Hypoviridae
MH766499.1,Hypoviridae
MH766500.1,Hypoviridae
MH766501.1,Hypoviridae
MH766502.1,Hypoviridae
MH766503.1,Hypoviridae
MH777395.1,Adenoviridae
MH778545.1,Rhabdoviridae
MH778629.1,Arenaviridae
MH779499.1,Zierdtviridae
MH779501.1,Zierdtviridae
MH779619.1,Autotranscriptaviridae
MH780154.1,Bromoviridae
MH780155.1,Bromoviridae
MH780156.1,Bromoviridae
MH782429.1,Endolinaviridae
MH782430.1,Smacoviridae
MH782431.1,Smacoviridae
MH784952.1,Tymoviridae
MH791395.1,Casjensviridae
MH791405.1,Ackermannviridae
MH807813.1,Autotranscriptaviridae
MH807817.1,Autotranscriptaviridae
MH809529.1,Herelleviridae
MH809531.1,Herelleviridae
MH809534.1,Autotranscriptaviridae
MH816966.1,Lindbergviridae
MH816996.1,Poxviridae
MH817022.1,Salasmaviridae
MH817469.1,Phenuiviridae
MH817472.1,Phenuiviridae
MH817999.1,Casjensviridae
MH822964.1,Xinmoviridae
MH822965.1,Xinmoviridae
MH822966.1,Phasmaviridae
MH822967.1,Phasmaviridae
MH823901.1,Mitoviridae
MH823902.1,Mitoviridae
MH825700.1,Orlajensenviridae
MH830339.1,Demerecviridae
MH834610.1,Casidaviridae
MH834629.1,Casidaviridae
MH837626.1,Straboviridae
MH844531.1,Drexlerviridae
MH880287.1,Orthomyxoviridae
MH880288.1,Orthomyxoviridae
MH880290.1,Orthomyxoviridae
MH880817.1,Herelleviridae
MH884513.1,Ehrlichviridae
MH892351.1,Aliceevansviridae
MH892352.1,Aliceevansviridae
MH892353.1,Aliceevansviridae
MH892354.1,Aliceevansviridae
MH892355.1,Aliceevansviridae
MH892357.1,Aliceevansviridae
MH892361.1,Aliceevansviridae
MH892362.1,Aliceevansviridae
MH892363.1,Aliceevansviridae
MH892364.1,Aliceevansviridae
MH892366.1,Aliceevansviridae
MH892373.1,Aliceevansviridae
MH892376.1,Aliceevansviridae
MH892379.1,Aliceevansviridae
MH898478.1,Secoviridae
MH898479.1,Secoviridae
MH899109.1,Rhabdoviridae
MH899110.1,Rhabdoviridae
MH899120.1,Secoviridae
MH899121.1,Secoviridae
MH900516.1,Paramyxoviridae
MH918795.1,Mesomimiviridae
MH920639.1,Kyanoviridae
MH922775.1,Tombusviridae
MH923363.1,Baculoviridae
MH925094.1,Demerecviridae
MH926057.1,Zierdtviridae
MH929319.1,Ackermannviridae
MH931195.1,Chrysoviridae
MH931196.1,Chrysoviridae
MH931197.1,Chrysoviridae
MH932584.1,Orthoherpesviridae
MH937457.1,Aliceevansviridae
MH937459.1,Aliceevansviridae
MH937461.1,Aliceevansviridae
MH937462.1,Aliceevansviridae
MH937464.1,Aliceevansviridae
MH937465.1,Aliceevansviridae
MH937467.1,Aliceevansviridae
MH937468.1,Aliceevansviridae
MH937469.1,Aliceevansviridae
MH937471.1,Aliceevansviridae
MH937472.1,Aliceevansviridae
MH937474.1,Aliceevansviridae
MH937475.1,Aliceevansviridae
MH937477.1,Aliceevansviridae
MH937478.1,Aliceevansviridae
MH937481.1,Aliceevansviridae
MH937483.1,Aliceevansviridae
MH937486.1,Aliceevansviridae
MH937487.1,Aliceevansviridae
MH937488.1,Aliceevansviridae
MH937490.1,Aliceevansviridae
MH937493.1,Aliceevansviridae
MH937495.1,Aliceevansviridae
MH937496.1,Aliceevansviridae
MH937499.1,Aliceevansviridae
MH937500.1,Aliceevansviridae
MH937504.1,Aliceevansviridae
MH937505.1,Aliceevansviridae
MH937507.1,Aliceevansviridae
MH937508.1,Aliceevansviridae
MH937510.1,Aliceevansviridae
MH938449.1,Coronaviridae
MH939361.1,Genomoviridae
MH939363.1,Genomoviridae
MH939370.1,Genomoviridae
MH939374.1,Genomoviridae
MH939377.1,Genomoviridae
MH939382.1,Genomoviridae
MH939384.1,Genomoviridae
MH939385.1,Genomoviridae
MH939417.1,Genomoviridae
MH939427.1,Genomoviridae
MH939435.1,Genomoviridae
MH939436.1,Genomoviridae
MH939438.1,Genomoviridae
MH939442.1,Genomoviridae
MH939446.1,Genomoviridae
MH972260.1,Rountreeviridae
MH973661.1,Aliceevansviridae
MH973662.1,Aliceevansviridae
MH973663.1,Aliceevansviridae
MH973741.1,Genomoviridae
MH973742.1,Redondoviridae
MH976507.1,Stackebrandtviridae
MH976508.1,Stackebrandtviridae
MH976509.1,Stackebrandtviridae
MH976510.1,Stackebrandtviridae
MH976511.1,Stackebrandtviridae
MH976513.1,Stackebrandtviridae
MH976518.1,Stackebrandtviridae
MH976519.1,Stackebrandtviridae
MH978189.1,Solemoviridae
MH982249.1,Rhabdoviridae
MH982250.1,Rhabdoviridae
MH990637.1,Amalgaviridae
MH992121.1,Straboviridae
MH992510.1,Straboviridae
MH998210.1,Secoviridae
MH998217.1,Secoviridae
MH999279.1,Guelinviridae
MK002701.1,Vertoviridae
MK005300.1,Demerecviridae
MK012336.1,Betaflexiviridae
MK012439.1,Anelloviridae
MK012442.1,Kanorauviridae
MK012443.1,Genomoviridae
MK012446.1,Anelloviridae
MK012447.1,Anelloviridae
MK012455.1,Vilyaviridae
MK012464.1,Anelloviridae
MK012467.1,Anelloviridae
MK012471.1,Anelloviridae
MK012473.1,Genomoviridae
MK012476.1,Naryaviridae
MK012494.1,Kanorauviridae
MK012497.1,Anelloviridae
MK012507.1,Kanorauviridae
MK012508.1,Draupnirviridae
MK012512.1,Kanorauviridae
MK012516.1,Anelloviridae
MK012527.1,Anelloviridae
MK014742.1,Parvoviridae
MK028683.1,Parvoviridae
MK032696.1,Genomoviridae
MK032700.1,Kanorauviridae
MK032701.1,Genomoviridae
MK032702.1,Genomoviridae
MK032703.1,Genomoviridae
MK032705.1,Genomoviridae
MK032708.1,Genomoviridae
MK032709.1,Genomoviridae
MK032712.1,Genomoviridae
MK032714.1,Genomoviridae
MK032715.1,Genomoviridae
MK032716.1,Genomoviridae
MK032717.1,Genomoviridae
MK032718.1,Genomoviridae
MK032719.1,Genomoviridae
MK032721.1,Genomoviridae
MK032723.1,Genomoviridae
MK032724.1,Genomoviridae
MK032726.1,Genomoviridae
MK032727.1,Genomoviridae
MK032731.1,Genomoviridae
MK032733.1,Genomoviridae
MK032735.1,Genomoviridae
MK032736.1,Genomoviridae
MK032737.1,Genomoviridae
MK032738.1,Genomoviridae
MK032739.1,Genomoviridae
MK032747.1,Genomoviridae
MK032748.1,Genomoviridae
MK032749.1,Genomoviridae
MK032753.1,Genomoviridae
MK032754.1,Genomoviridae
MK032755.1,Genomoviridae
MK032756.1,Genomoviridae
MK032759.1,Genomoviridae
MK033478.1,Mitoviridae
MK035728.1,Nanoviridae
MK035729.1,Nanoviridae
MK035732.1,Nanoviridae
MK039130.1,Nanoviridae
MK039132.1,Nanoviridae
MK039133.1,Nanoviridae
MK039141.1,Alphasatellitidae
MK039142.1,Alphasatellitidae
MK044821.1,Caulimoviridae
MK047717.1,Straboviridae
MK050014.1,Genomoviridae
MK050792.1,Betaflexiviridae
MK050846.2,Demerecviridae
MK053931.3,Autonotataviridae
MK059755.1,Redondoviridae
MK059756.1,Redondoviridae
MK059758.1,Redondoviridae
MK059759.1,Redondoviridae
MK059760.1,Redondoviridae
MK059761.1,Redondoviridae
MK059762.1,Redondoviridae
MK059764.1,Redondoviridae
MK059765.1,Redondoviridae
MK059766.1,Redondoviridae
MK059767.1,Redondoviridae
MK059768.1,Redondoviridae
MK059769.1,Redondoviridae
MK059770.1,Redondoviridae
MK059771.1,Redondoviridae
MK059772.1,Redondoviridae
MK061412.1,Stanwilliamsviridae
MK061413.1,Casidaviridae
MK063878.2,Rhabdoviridae
MK064563.1,Lipothrixviridae
MK064565.1,Rudiviridae
MK064567.1,Portogloboviridae
MK066243.1,Orthototiviridae
MK079847.1,Mitoviridae
MK091524.1,Parvoviridae
MK095606.1,Drexlerviridae
MK098185.1,Iridoviridae
MK101347.1,Adenoviridae
MK103419.1,Birnaviridae
MK103420.1,Birnaviridae
MK110656.1,Potyviridae
MK112503.1,Mayoviridae
MK134560.1,Autotranscriptaviridae
MK138526.1,Vandenendeviridae
MK140653.1,Phenuiviridae
MK159261.1,Rhabdoviridae
MK165653.1,Hantaviridae
MK165654.1,Hantaviridae
MK170446.1,Drexlerviridae
MK182569.1,Tobaniviridae
MK189163.1,Picornaviridae
MK189193.1,Hypoviridae
MK189195.1,Botourmiaviridae
MK202159.1,Aliceevansviridae
MK202161.1,Aliceevansviridae
MK203841.1,Autotranscriptaviridae
MK211271.1,Rhabdoviridae
MK212031.1,Anelloviridae
MK212032.1,Anelloviridae
MK214380.1,Chrysoviridae
MK214382.1,Chrysoviridae
MK214383.1,Chrysoviridae
MK214385.1,Sarkviridae
MK224498.1,Vandenendeviridae
MK227353.1,Adenoviridae
MK227779.1,Iridoviridae
MK240091.1,Rhabdoviridae
MK241979.1,Potyviridae
MK249240.1,Genomoviridae
MK249242.1,Genomoviridae
MK249245.1,Genomoviridae
MK249294.1,Genomoviridae
MK249305.1,Genomoviridae
MK250015.1,Lakviridae
MK250020.1,Lakviridae
MK250029.1,Lakviridae
MK278860.1,Straboviridae
MK278861.1,Drexlerviridae
MK279429.1,Chrysoviridae
MK279430.1,Chrysoviridae
MK279431.1,Chrysoviridae
MK279432.1,Chrysoviridae
MK279433.1,Chrysoviridae
MK279434.1,Chrysoviridae
MK279435.1,Chrysoviridae
MK279473.1,Hypoviridae
MK279475.1,Hypoviridae
MK279481.1,Botourmiaviridae
MK279488.1,Yadokariviridae
MK279500.1,Fusariviridae
MK279503.1,Fusariviridae
MK279504.1,Fusariviridae
MK279506.1,Fusariviridae
MK284526.1,Salasmaviridae
MK284527.1,Salasmaviridae
MK284528.1,Salasmaviridae
MK286375.1,Potyviridae
MK290737.1,Andersonviridae
MK295203.1,Straboviridae
MK301532.1,Autotranscriptaviridae
MK301608.1,Schitoviridae
MK305889.1,Stackebrandtviridae
MK305890.1,Tectiviridae
MK305894.1,Fimoviridae
MK310182.1,Autotranscriptaviridae
MK310226.1,Vertoviridae
MK327938.1,Chimalliviridae
MK327939.1,Straboviridae
MK327942.1,Straboviridae
MK327946.1,Straboviridae
MK330169.1,Peribunyaviridae
MK330170.1,Peribunyaviridae
MK330757.1,Phenuiviridae
MK330758.1,Phenuiviridae
MK330759.1,Peribunyaviridae
MK330760.1,Peribunyaviridae
MK330762.1,Peribunyaviridae
MK330765.1,Phenuiviridae
MK330766.1,Phenuiviridae
MK330767.1,Phenuiviridae
MK330768.1,Phenuiviridae
MK330769.1,Phenuiviridae
MK330770.1,Phenuiviridae
MK330771.2,Phenuiviridae
MK330772.1,Phenuiviridae
MK330773.1,Phenuiviridae
MK333461.1,Solemoviridae
MK340760.1,Lindbergviridae
MK345463.1,Hepadnaviridae
MK345465.1,Hepadnaviridae
MK356554.1,Leishbuviridae
MK359255.1,Coronaviridae
MK360025.1,Rountreeviridae
MK370036.1,Demerecviridae
MK371353.1,Caulimoviridae
MK372892.1,Mitoviridae
MK372894.1,Mitoviridae
MK372895.1,Mitoviridae
MK372896.1,Mitoviridae
MK372900.1,Mitoviridae
MK372901.1,Mitoviridae
MK372903.1,Mitoviridae
MK372906.1,Botourmiaviridae
MK372907.1,Botourmiaviridae
MK372908.1,Botourmiaviridae
MK372909.1,Botourmiaviridae
MK373770.1,Mktvariviridae
MK373771.1,Autosignataviridae
MK373773.1,Autosignataviridae
MK373776.1,Lindbergviridae
MK373777.1,Lindbergviridae
MK373779.1,Straboviridae
MK373781.1,Straboviridae
MK373783.1,Ackermannviridae
MK373785.1,Straboviridae
MK373787.1,Straboviridae
MK373796.1,Demerecviridae
MK373797.1,Demerecviridae
MK373798.1,Drexlerviridae
MK375261.1,Mitoviridae
MK376962.1,Zierdtviridae
MK380014.1,Autosignataviridae
MK380015.1,Autotranscriptaviridae
MK393882.1,Demerecviridae
MK415316.1,Betaflexiviridae
MK415409.1,Umezonoviridae
MK416011.1,Peduoviridae
MK416015.1,Peduoviridae
MK416018.1,Peduoviridae
MK419955.1,Baculoviridae
MK419956.1,Baculoviridae
MK422449.1,Peduoviridae
MK422453.1,Peduoviridae
MK430076.1,Genomoviridae
MK433218.1,Mahapunaviridae
MK433219.1,Mahapunaviridae
MK433226.1,Kanorauviridae
MK433230.1,Geplanaviridae
MK433234.1,Genomoviridae
MK433236.1,Genomoviridae
MK433237.1,Genomoviridae
MK433239.1,Genomoviridae
MK433240.1,Genomoviridae
MK433242.1,Genomoviridae
MK433264.1,Stackebrandtviridae
MK433272.1,Zierdtviridae
MK433578.1,Peduoviridae
MK439999.1,Nudiviridae
MK440629.1,Mymonaviridae
MK443264.1,Vandenendeviridae
MK443498.1,Polyomaviridae
MK443503.1,Picornaviridae
MK450543.1,Vertoviridae
MK455769.1,Autosignataviridae
MK460433.1,Betaflexiviridae
MK472067.1,Coronaviridae
MK472068.1,Coronaviridae
MK472070.1,Coronaviridae
MK472072.1,Adenoviridae
MK473367.1,Rhabdoviridae
MK479295.1,Sarkviridae
MK482114.1,Solemoviridae
MK482688.1,Andersonviridae
MK483072.1,Genomoviridae
MK483073.1,Genomoviridae
MK483075.1,Genomoviridae
MK483076.1,Genomoviridae
MK483078.1,Genomoviridae
MK483082.1,Genomoviridae
MK492273.1,Secoviridae
MK494112.1,Stanwilliamsviridae
MK503253.1,Phenuiviridae
MK503254.1,Phenuiviridae
MK503255.1,Phenuiviridae
MK504443.1,Herelleviridae
MK504444.1,Herelleviridae
MK504446.1,Herelleviridae
MK507958.1,Botourmiaviridae
MK509462.1,Ackermannviridae
MK511066.1,Peduoviridae
MK512531.1,Inoviridae
MK513528.1,Parvoviridae
MK513529.1,Parvoviridae
MK513533.1,Parvoviridae
MK514119.1,Peribunyaviridae
MK514125.1,Peribunyaviridae
MK514282.1,Chimalliviridae
MK514426.1,Betaflexiviridae
MK517477.2,Kitaviridae
MK517480.2,Kitaviridae
MK521904.1,Drexlerviridae
MK521905.1,Autotranscriptaviridae
MK521907.1,Demerecviridae
MK524176.1,Andersonviridae
MK524332.1,Phenuiviridae
MK524333.1,Phenuiviridae
MK524337.1,Phenuiviridae
MK524338.1,Phenuiviridae
MK524339.1,Phenuiviridae
MK524341.1,Phenuiviridae
MK524342.1,Phenuiviridae
MK524343.1,Phenuiviridae
MK524345.1,Phenuiviridae
MK524346.1,Phenuiviridae
MK524347.1,Phenuiviridae
MK524348.1,Phenuiviridae
MK524349.1,Phenuiviridae
MK524510.1,Hodgkinviridae
MK542706.1,Botourmiaviridae
MK542821.1,Autotranscriptaviridae
MK543949.1,Parvoviridae
MK552105.1,Drexlerviridae
MK552327.1,Chimalliviridae
MK558256.1,Fusariviridae
MK558257.1,Fusariviridae
MK558258.1,Fusariviridae
MK558259.1,Hypoviridae
MK558262.1,Baculoviridae
MK562505.1,Andersonviridae
MK570053.1,Thaspiviridae
MK570054.1,Thaspiviridae
MK570055.1,Thaspiviridae
MK570173.1,Geplanaviridae
MK570187.1,Kanorauviridae
MK570199.1,Mahapunaviridae
MK570200.1,Smacoviridae
MK570209.1,Genomoviridae
MK570210.1,Genomoviridae
MK570213.1,Genomoviridae
MK570217.1,Genomoviridae
MK572000.1,Alphaflexiviridae
MK572851.1,Adenoviridae
MK578530.1,Sarkviridae
MK584812.1,Chrysoviridae
MK584816.1,Chrysoviridae
MK584817.1,Chrysoviridae
MK584829.1,Mitoviridae
MK584831.1,Mitoviridae
MK584837.1,Botourmiaviridae
MK584839.1,Botourmiaviridae
MK584840.1,Botourmiaviridae
MK584841.1,Botourmiaviridae
MK584842.1,Botourmiaviridae
MK584844.1,Botourmiaviridae
MK584846.1,Botourmiaviridae
MK584847.1,Botourmiaviridae
MK584848.1,Botourmiaviridae
MK584851.1,Mymonaviridae
MK584853.1,Mymonaviridae
MK584854.1,Discoviridae
MK584858.1,Mymonaviridae
MK602171.1,Fimoviridae
MK602177.1,Fimoviridae
MK605686.1,Gammaflexiviridae
MK609920.1,Polymycoviridae
MK610268.1,Autotranscriptaviridae
MK611980.1,Arenaviridae
MK611981.1,Arenaviridae
MK611982.1,Arenaviridae
MK611984.1,Arenaviridae
MK618658.1,Autotranscriptaviridae
MK618726.1,Flaviviridae
MK620900.1,Tectiviridae
MK636874.1,Flaviviridae
MK643151.1,Parvoviridae
MK671087.1,Polyomaviridae
MK671101.1,Polyomaviridae
MK677430.1,Paramyxoviridae
MK681145.1,Solemoviridae
MK682513.1,Mitoviridae
MK682515.1,Mitoviridae
MK682516.1,Mitoviridae
MK682517.1,Mitoviridae
MK682518.1,Mitoviridae
MK682519.1,Mitoviridae
MK684348.1,Betaflexiviridae
MK685668.1,Autotranscriptaviridae
MK689364.1,Chimalliviridae
MK695679.1,Adenoviridae
MK720944.1,Coronaviridae
MK721184.1,Rountreeviridae
MK721185.1,Rountreeviridae
MK721192.1,Herelleviridae
MK721193.1,Rountreeviridae
MK721195.1,Rountreeviridae
MK721196.1,Rountreeviridae
MK721198.1,Rountreeviridae
MK728654.2,Phenuiviridae
MK728655.2,Phenuiviridae
MK728656.2,Phenuiviridae
MK728657.2,Phenuiviridae
MK728658.2,Phenuiviridae
MK728659.2,Phenuiviridae
MK728825.1,Demerecviridae
MK737937.1,Sarkviridae
MK738138.1,Vilyaviridae
MK738139.1,Vilyaviridae
MK738141.1,Genomoviridae
MK738142.1,Vilyaviridae
MK746083.1,Baculoviridae
MK757473.1,Adenoviridae
MK757580.1,Nairoviridae
MK757581.1,Nairoviridae
MK757582.1,Nairoviridae
MK770119.1,Demerecviridae
MK770410.1,Demerecviridae
MK770441.1,Betaflexiviridae
MK774519.1,Adenoviridae
MK778457.1,Drexlerviridae
MK780203.1,Rhabdoviridae
MK780821.1,Fusagraviridae
MK787250.1,Pseudototiviridae
MK796234.1,Smacoviridae
MK796236.1,Smacoviridae
MK797984.1,Arenbergviridae
MK804171.1,Kitaviridae
MK804172.1,Kitaviridae
MK813943.1,Grimontviridae
MK814761.1,Stackebrandtviridae
MK820013.2,Autosignataviridae
MK837009.1,Lindbergviridae
MK838112.1,Grimontviridae
MK838113.1,Casjensviridae
MK838115.1,Grimontviridae
MK838116.1,Chimalliviridae
MK861116.1,Cruliviridae
MK861117.1,Cruliviridae
MK863032.2,Schitoviridae
MK864264.1,Stackebrandtviridae
MK864267.1,Stackebrandtviridae
MK867354.2,Kyanoviridae
MK867835.1,Demerecviridae
MK880124.2,Casidaviridae
MK883758.1,Hantaviridae
MK883760.1,Hantaviridae
MK886800.1,Straboviridae
MK889164.1,Solemoviridae
MK895508.1,Demerecviridae
MK896430.1,Peribunyaviridae
MK896431.1,Peribunyaviridae
MK896432.1,Peribunyaviridae
MK896439.1,Peribunyaviridae
MK896440.1,Peribunyaviridae
MK896441.1,Peribunyaviridae
MK896442.1,Peribunyaviridae
MK896444.1,Peribunyaviridae
MK896445.1,Peribunyaviridae
MK896449.1,Peribunyaviridae
MK896450.1,Peribunyaviridae
MK896451.1,Peribunyaviridae
MK896452.1,Peribunyaviridae
MK896453.1,Peribunyaviridae
MK896457.1,Peribunyaviridae
MK896458.1,Peribunyaviridae
MK896459.1,Peribunyaviridae
MK896466.1,Nairoviridae
MK896467.1,Nairoviridae
MK896468.1,Nairoviridae
MK896472.1,Peribunyaviridae
MK896473.1,Peribunyaviridae
MK896474.1,Peribunyaviridae
MK896475.1,Peribunyaviridae
MK896476.1,Peribunyaviridae
MK896478.1,Peribunyaviridae
MK896479.1,Peribunyaviridae
MK896480.1,Peribunyaviridae
MK896484.1,Peribunyaviridae
MK896485.1,Peribunyaviridae
MK896486.1,Peribunyaviridae
MK896498.1,Peribunyaviridae
MK896500.1,Peribunyaviridae
MK896507.1,Peribunyaviridae
MK896508.1,Peribunyaviridae
MK896509.1,Peribunyaviridae
MK896510.1,Peribunyaviridae
MK896511.1,Peribunyaviridae
MK896516.1,Peribunyaviridae
MK896517.1,Peribunyaviridae
MK896518.1,Peribunyaviridae
MK896519.1,Peribunyaviridae
MK896520.1,Peribunyaviridae
MK896521.1,Peribunyaviridae
MK896526.1,Peribunyaviridae
MK896527.1,Peribunyaviridae
MK896534.1,Peribunyaviridae
MK896535.1,Peribunyaviridae
MK896536.1,Peribunyaviridae
MK896543.1,Peribunyaviridae
MK896544.1,Peribunyaviridae
MK896545.1,Peribunyaviridae
MK896546.1,Peribunyaviridae
MK896547.1,Peribunyaviridae
MK896548.1,Peribunyaviridae
MK896552.1,Peribunyaviridae
MK896553.1,Peribunyaviridae
MK896555.1,Peribunyaviridae
MK896556.1,Peribunyaviridae
MK896557.1,Peribunyaviridae
MK896566.1,Peribunyaviridae
MK896567.1,Peribunyaviridae
MK896568.1,Peribunyaviridae
MK896569.1,Peribunyaviridae
MK896570.1,Peribunyaviridae
MK896589.1,Peribunyaviridae
MK896590.1,Peribunyaviridae
MK896591.1,Peribunyaviridae
MK896597.1,Peribunyaviridae
MK896598.1,Peribunyaviridae
MK896599.2,Peribunyaviridae
MK896609.1,Peribunyaviridae
MK896610.1,Peribunyaviridae
MK896611.1,Peribunyaviridae
MK896612.1,Peribunyaviridae
MK896613.1,Peribunyaviridae
MK896614.1,Peribunyaviridae
MK896615.1,Peribunyaviridae
MK896617.1,Peribunyaviridae
MK896618.1,Peribunyaviridae
MK896619.1,Peribunyaviridae
MK896621.1,Peribunyaviridae
MK896622.1,Peribunyaviridae
MK896623.1,Peribunyaviridae
MK896624.1,Peribunyaviridae
MK896625.1,Peribunyaviridae
MK896626.1,Peribunyaviridae
MK896627.1,Peribunyaviridae
MK896628.1,Peribunyaviridae
MK896629.1,Peribunyaviridae
MK896633.1,Peribunyaviridae
MK896634.1,Peribunyaviridae
MK896635.1,Peribunyaviridae
MK896639.1,Peribunyaviridae
MK896640.1,Peribunyaviridae
MK896641.1,Peribunyaviridae
MK896642.1,Peribunyaviridae
MK896643.1,Peribunyaviridae
MK896644.1,Peribunyaviridae
MK896651.1,Peribunyaviridae
MK896653.1,Peribunyaviridae
MK903277.1,Autotranscriptaviridae
MK903280.1,Autonotataviridae
MK903281.1,Autotranscriptaviridae
MK903282.1,Lindbergviridae
MK903728.1,Autotranscriptaviridae
MK907226.1,Drexlerviridae
MK907237.1,Peduoviridae
MK907267.1,Demerecviridae
MK907285.1,Autotranscriptaviridae
MK907780.1,Demerecviridae
MK910227.1,Flaviviridae
MK931442.1,Drexlerviridae
MK931443.1,Drexlerviridae
MK931444.1,Drexlerviridae
MK931445.1,Drexlerviridae
MK931446.1,Sarkviridae
MK935152.1,Arenaviridae
MK935153.1,Arenaviridae
MK936476.1,Rountreeviridae
MK937603.1,Stackebrandtviridae
MK937606.1,Hodgkinviridae
MK937607.1,Stackebrandtviridae
MK937611.1,Stackebrandtviridae
MK947371.1,Circoviridae
MK947373.1,Genomoviridae
MK947376.1,Genomoviridae
MK947458.1,Demerecviridae
MK947459.1,Demerecviridae
MK956105.1,Medioniviridae
MK957246.1,Alphaflexiviridae
MK962629.1,Schitoviridae
MK962630.1,Schitoviridae
MK962631.1,Schitoviridae
MK962641.1,Schitoviridae
MK962750.1,Straboviridae
MK962751.1,Drexlerviridae
MK962757.1,Straboviridae
MK962758.1,Andersonviridae
MK967381.1,Stackebrandtviridae
MK967396.1,Stackebrandtviridae
MK967419.1,Orthototiviridae
MK967420.1,Orthototiviridae
MK967421.1,Orthototiviridae
MK971153.1,Nyamiviridae
MK972690.1,Ackermannviridae
MK972699.1,Ackermannviridae
MK972702.1,Sarkviridae
MK972707.1,Demerecviridae
MK972711.1,Peduoviridae
MK972712.1,Peduoviridae
MK972715.1,Demerecviridae
MK977699.1,Zierdtviridae
MK977702.1,Stackebrandtviridae
MK977711.1,Stanwilliamsviridae
MK984598.1,Betaflexiviridae
MK984600.1,Betaflexiviridae
MK986820.1,Circoviridae
MK988619.1,Parvoviridae
MK988620.1,Parvoviridae
MK993478.1,Orthototiviridae
MK994515.1,Chimalliviridae
MN010760.1,Stackebrandtviridae
MN013074.1,Autotranscriptaviridae
MN013075.1,Drexlerviridae
MN013076.1,Drexlerviridae
MN013078.1,Drexlerviridae
MN013079.1,Drexlerviridae
MN013080.1,Drexlerviridae
MN013082.1,Autotranscriptaviridae
MN013083.1,Drexlerviridae
MN013086.1,Felixviridae
MN013087.1,Drexlerviridae
MN013088.1,Trautnerviridae
MN013386.1,Rhabdoviridae
MN016939.1,Peduoviridae
MN017133.1,Adenoviridae
MN019128.1,Drexlerviridae
MN022787.1,Demerecviridae
MN025503.1,Rhabdoviridae
MN025520.1,Chuviridae
MN025529.1,Adenoviridae
MN026740.1,Autotranscriptaviridae
MN026741.1,Demerecviridae
MN027503.1,Herelleviridae
MN031278.1,Alphaflexiviridae
MN032614.2,Chimalliviridae
MN033100.1,Fiersviridae
MN033375.1,Fiersviridae
MN034260.1,Mymonaviridae
MN035541.1,Steitzviridae
MN035745.1,Mymonaviridae
MN043682.1,Mitoviridae
MN043729.1,Herelleviridae
MN044342.1,Phenuiviridae
MN044343.1,Phenuiviridae
MN044344.1,Phenuiviridae
MN045230.1,Ackermannviridae
MN045231.1,Mktvariviridae
MN045233.1,Nyamiviridae
MN046368.1,Potyviridae
MN046369.1,Potyviridae
MN047299.1,Betaflexiviridae
MN049932.1,Parvoviridae
MN053272.1,Betaflexiviridae
MN053720.1,Spiciviridae
MN053722.1,Inseviridae
MN053784.1,Phenuiviridae
MN053786.1,Phenuiviridae
MN055691.1,Drexlerviridae
MN058208.1,Mitoviridae
MN058214.1,Mitoviridae
MN059431.1,Alphasatellitidae
MN062091.1,Phenuiviridae
MN062189.1,Lindbergviridae
MN062720.1,Hodgkinviridae
MN067430.1,Autotranscriptaviridae
MN070121.2,Sarkviridae
MN080711.1,Autotranscriptaviridae
MN082625.1,Salasmaviridae
MN087708.1,Straboviridae
MN090155.1,Drexlerviridae
MN091929.1,Parvoviridae
MN092352.1,Peribunyaviridae
MN092353.1,Peribunyaviridae
MN092354.1,Peribunyaviridae
MN092355.1,Peribunyaviridae
MN092356.1,Peribunyaviridae
MN092357.1,Peribunyaviridae
MN095540.1,Orthomyxoviridae
MN095542.1,Orthomyxoviridae
MN096362.1,Berryhillviridae
MN096371.1,Stanwilliamsviridae
MN098325.1,Rountreeviridae
MN098329.1,Autotranscriptaviridae
MN099038.1,Parvoviridae
MN101216.1,Autotranscriptaviridae
MN101218.1,Autotranscriptaviridae
MN101227.1,Autotranscriptaviridae
MN101228.1,Demerecviridae
MN103537.1,Rhabdoviridae
MN103538.1,Circoviridae
MN103543.1,Chimalliviridae
MN106244.2,Casjensviridae
MN114634.1,Potyviridae
MN119735.1,Peribunyaviridae
MN119736.1,Peribunyaviridae
MN122072.1,Chaseviridae
MN131137.2,Chimalliviridae
MN131142.1,Lindbergviridae
MN136198.2,Chaseviridae
MN148435.1,Mktvariviridae
MN148891.1,Secoviridae
MN149903.1,Autotranscriptaviridae
MN149904.1,Autotranscriptaviridae
MN153802.1,Adenoviridae
MN153807.1,Caulimoviridae
MN161561.1,Tobaniviridae
MN161572.1,Tobaniviridae
MN163034.1,Phenuiviridae
MN163035.1,Phenuiviridae
MN163036.1,Phenuiviridae
MN163121.1,Phenuiviridae
MN163122.1,Phenuiviridae
MN163123.1,Phenuiviridae
MN163274.1,Discoviridae
MN163280.1,Demerecviridae
MN163281.1,Schitoviridae
MN164703.1,Circoviridae
MN164712.1,Circoviridae
MN165385.1,Endolinaviridae
MN166196.1,Parvoviridae
MN167499.1,Aliusviridae
MN167501.1,Phenuiviridae
MN167502.1,Phenuiviridae
MN168168.1,Phasmaviridae
MN172262.1,Hypoviridae
MN175603.1,Hodgkinviridae
MN175612.1,Parvoviridae
MN175613.1,Parvoviridae
MN175614.1,Parvoviridae
MN175615.1,Smacoviridae
MN176219.1,Trautnerviridae
MN176230.1,Ehrlichviridae
MN176574.1,Autotranscriptaviridae
MN176979.1,Hypoviridae
MN181466.1,Parvoviridae
MN183279.1,Berryhillviridae
MN184885.1,Autotranscriptaviridae
MN184886.1,Casjensviridae
MN187541.1,Amalgaviridae
MN190158.1,Parvoviridae
MN197465.1,Demerecviridae
MN200778.1,Inoviridae
MN203219.1,Alphasatellitidae
MN204612.1,Solemoviridae
MN218191.1,Demerecviridae
MN227145.1,Andersonviridae
MN228696.1,Schitoviridae
MN233792.1,Baculoviridae
MN234187.1,Vilmaviridae
MN234228.1,Vilmaviridae
MN241318.1,Herelleviridae
MN241408.1,Orthomyxoviridae
MN242366.1,Parvoviridae
MN242367.1,Parvoviridae
MN265364.1,Parvoviridae
MN265368.1,Alphaflexiviridae
MN270891.1,Andersonviridae
MN273311.1,Rhabdoviridae
MN273333.1,Nanoviridae
MN273335.1,Nanoviridae
MN273336.1,Nanoviridae
MN273337.1,Nanoviridae
MN284907.1,Stackebrandtviridae
MN295687.1,Hantaviridae
MN295964.1,Chrysoviridae
MN295968.1,Mycoalphaviridae
MN295969.1,Hypoviridae
MN296515.1,Drexlerviridae
MN316588.1,Demerecviridae
MN317029.1,Casjensviridae
MN328267.1,Kanorauviridae
MN328268.1,Kanorauviridae
MN328279.1,Kanorauviridae
MN329673.1,Stackebrandtviridae
MN329677.1,Stackebrandtviridae
MN336264.1,Sarkviridae
MN364694.1,Parvoviridae
MN369745.1,Orlajensenviridae
MN369753.1,Zierdtviridae
MN373268.1,Orthoherpesviridae
MN379588.1,Naryaviridae
MN379590.1,Naryaviridae
MN379592.1,Pecoviridae
MN379594.1,Smacoviridae
MN379595.1,Smacoviridae
MN379604.1,Genomoviridae
MN379605.1,Genomoviridae
MN379608.1,Genomoviridae
MN379609.1,Genomoviridae
MN379612.1,Genomoviridae
MN379614.1,Genomoviridae
MN379615.1,Genomoviridae
MN379619.1,Smacoviridae
MN379620.1,Smacoviridae
MN379621.1,Smacoviridae
MN379622.1,Smacoviridae
MN379623.1,Smacoviridae
MN379627.1,Smacoviridae
MN379739.1,Demerecviridae
MN379832.1,Drexlerviridae
MN384978.1,Autosignataviridae
MN385573.1,Fimoviridae
MN385577.1,Fimoviridae
MN386962.1,Botourmiaviridae
MN386963.1,Botourmiaviridae
MN386971.1,Mymonaviridae
MN393078.1,Sarkviridae
MN395286.1,Drexlerviridae
MN396757.1,Parvoviridae
MN400076.1,Mycoalphaviridae
MN412739.1,Secoviridae
MN412742.1,Solemoviridae
MN417229.1,Polyomaviridae
MN428063.1,Zierdtviridae
MN432485.1,Drexlerviridae
MN434093.1,Autotranscriptaviridae
MN434096.1,Demerecviridae
MN443993.1,Arenaviridae
MN444013.1,Arenaviridae
MN444876.1,Stanwilliamsviridae
MN445182.1,Demerecviridae
MN448505.1,Mitoviridae
MN450150.1,Autotranscriptaviridae
MN473199.1,Botourmiaviridae
MN478374.1,Casjensviridae
MN478375.1,Autonotataviridae
MN478483.1,Ackermannviridae
MN480433.1,Adenoviridae
MN481367.1,Andersonviridae
MN505213.1,Casjensviridae
MN508356.1,Schitoviridae
MN508615.2,Mktvariviridae
MN509793.1,Autonotataviridae
MN510772.2,Filoviridae
MN510773.2,Filoviridae
MN518893.2,Autotranscriptaviridae
MN518894.2,Autotranscriptaviridae
MN520414.1,Rhabdoviridae
MN520751.1,Phenuiviridae
MN520753.1,Phenuiviridae
MN520754.1,Phenuiviridae
MN520756.1,Phenuiviridae
MN520757.1,Phenuiviridae
MN520759.1,Phenuiviridae
MN524844.1,Salasmaviridae
MN524845.1,Salasmaviridae
MN532588.1,Botourmiaviridae
MN532589.1,Botourmiaviridae
MN532590.1,Botourmiaviridae
MN532592.1,Botourmiaviridae
MN532593.1,Botourmiaviridae
MN532594.1,Botourmiaviridae
MN532595.1,Botourmiaviridae
MN532596.1,Botourmiaviridae
MN532598.1,Botourmiaviridae
MN532600.1,Botourmiaviridae
MN532602.1,Botourmiaviridae
MN532604.1,Botourmiaviridae
MN532605.1,Botourmiaviridae
MN532607.1,Botourmiaviridae
MN532609.1,Botourmiaviridae
MN532610.1,Botourmiaviridae
MN532611.1,Botourmiaviridae
MN532612.1,Botourmiaviridae
MN532613.1,Botourmiaviridae
MN532614.1,Botourmiaviridae
MN532615.1,Botourmiaviridae
MN532616.1,Botourmiaviridae
MN532618.1,Botourmiaviridae
MN532619.1,Botourmiaviridae
MN532621.1,Botourmiaviridae
MN532623.1,Botourmiaviridae
MN532624.1,Botourmiaviridae
MN532625.1,Botourmiaviridae
MN532627.1,Botourmiaviridae
MN532628.1,Botourmiaviridae
MN532629.1,Botourmiaviridae
MN532631.1,Botourmiaviridae
MN532632.1,Botourmiaviridae
MN532634.1,Botourmiaviridae
MN532635.1,Botourmiaviridae
MN532636.1,Botourmiaviridae
MN532637.1,Botourmiaviridae
MN532638.1,Botourmiaviridae
MN532640.1,Botourmiaviridae
MN532641.1,Botourmiaviridae
MN532642.1,Botourmiaviridae
MN532643.1,Botourmiaviridae
MN532644.1,Botourmiaviridae
MN532645.1,Botourmiaviridae
MN532646.1,Botourmiaviridae
MN532648.1,Botourmiaviridae
MN532649.1,Botourmiaviridae
MN532650.1,Botourmiaviridae
MN532651.1,Botourmiaviridae
MN532652.1,Botourmiaviridae
MN532653.1,Botourmiaviridae
MN532654.1,Botourmiaviridae
MN532656.1,Botourmiaviridae
MN532657.1,Botourmiaviridae
MN532658.1,Botourmiaviridae
MN532659.1,Botourmiaviridae
MN532660.1,Botourmiaviridae
MN532661.1,Botourmiaviridae
MN532662.1,Botourmiaviridae
MN532663.1,Botourmiaviridae
MN532664.1,Botourmiaviridae
MN532665.1,Botourmiaviridae
MN532666.1,Botourmiaviridae
MN532668.1,Botourmiaviridae
MN532669.1,Botourmiaviridae
MN532670.1,Botourmiaviridae
MN532672.1,Botourmiaviridae
MN532673.1,Botourmiaviridae
MN532674.1,Botourmiaviridae
MN532675.1,Botourmiaviridae
MN532676.1,Botourmiaviridae
MN532677.1,Botourmiaviridae
MN532678.1,Botourmiaviridae
MN536023.1,Inoviridae
MN536026.1,Casjensviridae
MN539820.1,Splipalmiviridae
MN539821.1,Splipalmiviridae
MN539824.1,Splipalmiviridae
MN539837.1,Splipalmiviridae
MN539861.1,Fiersviridae
MN542417.1,Caulimoviridae
MN545912.1,Orthototiviridae
MN545914.1,Ootiviridae
MN545915.1,Ootiviridae
MN545971.1,Drexlerviridae
MN548734.1,Closteroviridae
MN549360.1,Pootjesviridae
MN549985.1,Potyviridae
MN551102.1,Fusariviridae
MN551105.1,Fusariviridae
MN551121.1,Yadokariviridae
MN552387.1,Botybirnaviridae
MN552388.1,Botybirnaviridae
MN552442.2,Matonaviridae
MN556995.1,Mymonaviridae
MN556997.1,Mymonaviridae
MN556998.1,Mymonaviridae
MN557001.1,Mymonaviridae
MN557002.1,Mymonaviridae
MN557004.1,Mymonaviridae
MN557005.1,Mymonaviridae
MN557006.1,Mymonaviridae
MN560974.1,Fusariviridae
MN561699.1,Paramyxoviridae
MN562221.1,Chimalliviridae
MN563785.1,Vandenendeviridae
MN563793.1,Peduoviridae
MN565689.1,Splipalmiviridae
MN567049.1,Arenaviridae
MN567061.1,Arenaviridae
MN567062.1,Arenaviridae
MN567480.1,Rhabdoviridae
MN580668.1,Straboviridae
MN582056.1,Kanorauviridae
MN582072.1,Kanorauviridae
MN582083.1,Kanorauviridae
MN582084.1,Kanorauviridae
MN582092.1,Kanorauviridae
MN582096.1,Gandrviridae
MN582106.1,Ouroboviridae
MN582110.1,Kanorauviridae
MN585201.1,Circoviridae
MN585278.1,Discoviridae
MN585282.1,Discoviridae
MN585990.1,Orlajensenviridae
MN586020.1,Hodgkinviridae
MN586026.1,Stackebrandtviridae
MN586028.1,Stackebrandtviridae
MN586042.1,Hodgkinviridae
MN586047.1,Stackebrandtviridae
MN586059.1,Hodgkinviridae
MN586595.1,Mitoviridae
MN592680.1,Potyviridae
MN599068.1,Botourmiaviridae
MN599998.1,Chuviridae
MN600000.1,Solemoviridae
MN602266.1,Naomviridae
MN603497.1,Orthototiviridae
MN604053.1,Casjensviridae
MN604230.1,Trautnerviridae
MN605467.1,Botourmiaviridae
MN605468.1,Botourmiaviridae
MN605469.1,Botourmiaviridae
MN605472.1,Botourmiaviridae
MN605473.1,Botourmiaviridae
MN605474.1,Botourmiaviridae
MN605475.1,Botourmiaviridae
MN605476.1,Botourmiaviridae
MN605477.1,Botourmiaviridae
MN605478.1,Botourmiaviridae
MN605479.1,Botourmiaviridae
MN605480.1,Botourmiaviridae
MN605481.1,Botourmiaviridae
MN605482.1,Botourmiaviridae
MN605483.1,Botourmiaviridae
MN607593.1,Rhabdoviridae
MN607594.1,Rhabdoviridae
MN611525.1,Coronaviridae
MN612758.1,Bromoviridae
MN612759.1,Bromoviridae
MN612760.1,Bromoviridae
MN614472.1,Alphasatellitidae
MN617042.1,Mymonaviridae
MN617052.1,Mymonaviridae
MN617053.1,Mymonaviridae
MN617079.1,Phenuiviridae
MN617081.1,Phenuiviridae
MN617150.1,Mymonaviridae
MN617151.1,Mymonaviridae
MN617152.1,Mymonaviridae
MN617169.1,Hypoviridae
MN617170.1,Hypoviridae
MN617762.1,Fusariviridae
MN617764.1,Fusariviridae
MN617766.1,Fusariviridae
MN617841.1,Vilmaviridae
MN619795.1,Splipalmiviridae
MN619796.1,Splipalmiviridae
MN619799.1,Splipalmiviridae
MN621468.1,Smacoviridae
MN621474.1,Vilyaviridae
MN621476.1,Pecoviridae
MN621481.1,Smacoviridae
MN625250.1,Mycoalphaviridae
MN625833.1,Chrysoviridae
MN625834.1,Chrysoviridae
MN625835.1,Chrysoviridae
MN627274.1,Botybirnaviridae
MN642089.1,Chimalliviridae
MN648195.1,Straboviridae
MN648455.1,Botourmiaviridae
MN655999.1,Andersonviridae
MN661012.1,Phenuiviridae
MN661013.1,Phenuiviridae
MN661021.1,Phasmaviridae
MN661033.1,Aliusviridae
MN661034.1,Rhabdoviridae
MN661047.1,Chrysoviridae
MN687905.1,Adenoviridae
MN689395.1,Rhabdoviridae
MN689779.1,Drexlerviridae
MN690600.1,Inoviridae
MN701059.1,Secoviridae
MN708482.1,Genomoviridae
MN708485.1,Genomoviridae
MN710383.1,Inoviridae
MN714643.1,Tymoviridae
MN714663.1,Mesoniviridae
MN714687.1,Rhabdoviridae
MN714688.1,Lispiviridae
MN715150.2,Autotranscriptaviridae
MN715356.1,Mktvariviridae
MN716856.1,Straboviridae
MN718199.1,Ackermannviridae
MN719123.1,Inoviridae
MN723850.1,Straboviridae
MN729595.1,Autotranscriptaviridae
MN732883.1,Straboviridae
MN733730.1,Adenoviridae
MN736965.2,Splipalmiviridae
MN736966.1,Botourmiaviridae
MN736968.1,Mitoviridae
MN744709.1,Phlegiviridae
MN744720.1,Fusariviridae
MN745080.1,Rhabdoviridae
MN745082.1,Inseviridae
MN745083.1,Inseviridae
MN752229.1,Phenuiviridae
MN752231.1,Phenuiviridae
MN764138.1,Spiciviridae
MN764139.1,Spiciviridae
MN765189.1,Parvoviridae
MN765191.1,Parvoviridae
MN769225.1,Anelloviridae
MN769236.1,Anelloviridae
MN769899.1,Anelloviridae
MN770091.1,Anelloviridae
MN770270.1,Anelloviridae
MN771248.1,Anelloviridae
MN773812.1,Anelloviridae
MN774927.1,Anelloviridae
MN774932.1,Anelloviridae
MN774939.1,Anelloviridae
MN774956.1,Anelloviridae
MN774989.1,Anelloviridae
MN775077.1,Anelloviridae
MN781667.1,Rhabdoviridae
MN782535.1,Straboviridae
MN783016.1,Drexlerviridae
MN784124.1,Parvoviridae
MN788417.1,Potyviridae
MN792651.1,Nairoviridae
MN792652.1,Nairoviridae
MN792653.1,Nairoviridae
MN793997.1,Tulasviridae
MN794870.1,Parvoviridae
MN803433.1,Rhabdoviridae
MN803436.1,Spiciviridae
MN803438.1,Iridoviridae
MN807240.1,Autosignataviridae
MN809923.1,Secoviridae
MN809924.1,Secoviridae
MN812428.1,Orthototiviridae
MN812687.1,Schitoviridae
MN813684.1,Hodgkinviridae
MN823639.1,Phenuiviridae
MN823640.1,Phenuiviridae
MN823668.1,Genomoviridae
MN823671.1,Genomoviridae
MN823676.1,Genomoviridae
MN832448.1,Oomyviridae
MN832782.1,Hantaviridae
MN832783.1,Hantaviridae
MN837498.1,Secoviridae
MN837499.1,Secoviridae
MN837844.1,Circoviridae
MN839447.1,Pseudototiviridae
MN840485.1,Drexlerviridae
MN850490.1,Caulimoviridae
MN850564.1,Andersonviridae
MN850566.1,Andersonviridae
MN850567.1,Drexlerviridae
MN850569.1,Drexlerviridae
MN850572.1,Drexlerviridae
MN850577.1,Andersonviridae
MN850580.1,Andersonviridae
MN850582.1,Drexlerviridae
MN850586.1,Drexlerviridae
MN850587.1,Andersonviridae
MN850591.1,Drexlerviridae
MN850594.1,Chaseviridae
MN850596.1,Drexlerviridae
MN850600.1,Drexlerviridae
MN850602.1,Drexlerviridae
MN850603.1,Andersonviridae
MN850605.1,Andersonviridae
MN850607.1,Drexlerviridae
MN850610.1,Andersonviridae
MN850611.1,Andersonviridae
MN850613.1,Drexlerviridae
MN850614.1,Andersonviridae
MN850619.1,Andersonviridae
MN850620.1,Drexlerviridae
MN850633.1,Andersonviridae
MN850635.1,Andersonviridae
MN850636.1,Andersonviridae
MN850637.1,Andersonviridae
MN850638.1,Drexlerviridae
MN850640.1,Drexlerviridae
MN850641.1,Drexlerviridae
MN850643.1,Drexlerviridae
MN850647.1,Andersonviridae
MN854830.2,Herelleviridae
MN857617.1,Salasmaviridae
MN864865.1,Straboviridae
MN871446.1,Chimalliviridae
MN871450.1,Casjensviridae
MN871491.1,Ackermannviridae
MN871495.1,Ackermannviridae
MN871498.1,Ackermannviridae
MN872813.1,Rhabdoviridae
MN873693.1,Pithoviridae
MN876841.1,Rudiviridae
MN876843.1,Rudiviridae
MN876844.1,Tristromaviridae
MN876845.1,Globuloviridae
MN882542.1,Andersonviridae
MN882610.1,Straboviridae
MN891788.1,Kanorauviridae
MN891791.1,Kanorauviridae
MN891794.1,Ouroboviridae
MN891801.1,Ouroboviridae
MN891803.1,Geplanaviridae
MN891804.1,Geplanaviridae
MN895434.1,Straboviridae
MN895437.1,Straboviridae
MN895438.1,Straboviridae
MN901521.1,Hafunaviridae
MN901968.1,Alphasatellitidae
MN905160.1,Vandenendeviridae
MN908689.1,Casidaviridae
MN908947.3,Coronaviridae
MN917146.1,Intestiviridae
MN928506.1,Circoviridae
MN928908.1,Circoviridae
MN928911.1,Genomoviridae
MN928918.1,Smacoviridae
MN928919.1,Smacoviridae
MN928928.1,Kanorauviridae
MN928931.1,Kanorauviridae
MN928932.1,Mahapunaviridae
MN928940.1,Ouroboviridae
MN928943.1,Geplanaviridae
MN928956.1,Kanorauviridae
MN944023.1,Betaflexiviridae
MN954870.1,Mahapunaviridae
MN954885.1,Quadriviridae
MN956531.1,Ootiviridae
MN958086.1,Demerecviridae
MN963996.1,Rhabdoviridae
MN963997.1,Rhabdoviridae
MN966732.1,Demerecviridae
MN970211.1,Demerecviridae
MN971591.1,Botourmiaviridae
MN971592.1,Botourmiaviridae
MN972594.1,Nairoviridae
MN972595.1,Nairoviridae
MN972596.1,Nairoviridae
MN982381.1,Spiciviridae
MN982386.1,Phasmaviridae
MN982959.1,Parvoviridae
MN986925.1,Adenoviridae
MN988483.1,Schitoviridae
MN988486.1,Pootjesviridae
MN988497.1,Schitoviridae
MN988517.1,Schitoviridae
MN988521.1,Kleczkowskaviridae
MN988525.1,Kleczkowskaviridae
MN988534.1,Pootjesviridae
MN988555.1,Schitoviridae
MN994497.1,Straboviridae
MN994498.1,Andersonviridae
MN994499.1,Andersonviridae
MN994502.1,Demerecviridae
MN994503.1,Andersonviridae
MN994504.1,Demerecviridae
MN994868.1,Polyomaviridae
MT012704.1,Orthoherpesviridae
MT012729.1,Sarkviridae
MT017861.1,Bromoviridae
MT017862.1,Bromoviridae
MT017863.1,Bromoviridae
MT024865.1,Stanwilliamsviridae
MT024868.1,Berryhillviridae
MT024872.1,Stanwilliamsviridae
MT028297.1,Grimontviridae
MT028514.1,Betaflexiviridae
MT040195.1,Baculoviridae
MT047590.1,Globuloviridae
MT050041.1,Adenoviridae
MT062420.1,Paramyxoviridae
MT062425.1,Hypoviridae
MT062429.1,Botourmiaviridae
MT062430.1,Botourmiaviridae
MT062431.1,Botourmiaviridae
MT074136.1,Steigviridae
MT074430.1,Sarkviridae
MT074431.1,Sarkviridae
MT074432.1,Sarkviridae
MT074433.1,Drexlerviridae
MT074447.1,Demerecviridae
MT074449.1,Demerecviridae
MT074450.1,Demerecviridae
MT074451.1,Sarkviridae
MT074452.1,Demerecviridae
MT074454.1,Demerecviridae
MT074455.1,Demerecviridae
MT074456.1,Demerecviridae
MT074457.1,Demerecviridae
MT074459.1,Demerecviridae
MT074460.1,Demerecviridae
MT074461.1,Demerecviridae
MT074462.1,Sarkviridae
MT074464.1,Demerecviridae
MT074465.1,Demerecviridae
MT074466.1,Demerecviridae
MT074467.1,Demerecviridae
MT074468.1,Demerecviridae
MT074469.1,Ackermannviridae
MT074470.1,Ackermannviridae
MT074471.1,Ackermannviridae
MT074472.1,Ackermannviridae
MT074473.1,Sarkviridae
MT074474.1,Ackermannviridae
MT074477.1,Ackermannviridae
MT074478.1,Ackermannviridae
MT074479.1,Ackermannviridae
MT074481.1,Sarkviridae
MT074482.1,Sarkviridae
MT074483.1,Sarkviridae
MT074484.1,Sarkviridae
MT078839.1,Arenaviridae
MT078988.1,Ackermannviridae
MT080102.1,Schitoviridae
MT080103.1,Demerecviridae
MT085340.1,Rhabdoviridae
MT090966.1,Betaflexiviridae
MT094430.1,Autonotataviridae
MT094431.1,Autotranscriptaviridae
MT104465.1,Autotranscriptaviridae
MT104466.1,Autotranscriptaviridae
MT108725.1,Mesyanzhinovviridae
MT110148.1,Potyviridae
MT112174.1,Fimoviridae
MT118289.1,Lindbergviridae
MT118293.1,Lindbergviridae
MT119374.1,Lindbergviridae
MT119377.1,Lindbergviridae
MT119378.1,Lindbergviridae
MT119676.2,Splipalmiviridae
MT127619.1,Drexlerviridae
MT129653.1,Mktvariviridae
MT129655.1,Mktvariviridae
MT129693.1,Xinmoviridae
MT129769.1,Pseudototiviridae
MT130415.1,Curvulaviridae
MT134309.1,Hepadnaviridae
MT138055.1,Ouroboviridae
MT138059.1,Ouroboviridae
MT138064.1,Endolinaviridae
MT138071.1,Draupnirviridae
MT138077.1,Smacoviridae
MT138081.1,Smacoviridae
MT138084.1,Smacoviridae
MT138098.1,Adenoviridae
MT138099.1,Adenoviridae
MT138100.1,Adenoviridae
MT138101.1,Adenoviridae
MT138103.1,Adenoviridae
MT138209.1,Parvoviridae
MT138224.1,Oomyviridae
MT138239.1,Oomyviridae
MT138244.1,Oomyviridae
MT138256.1,Parvoviridae
MT138266.1,Parvoviridae
MT138277.1,Parvoviridae
MT138301.1,Parvoviridae
MT138308.1,Oomyviridae
MT138326.1,Parvoviridae
MT138328.1,Parvoviridae
MT153362.1,Nairoviridae
MT153372.1,Rhabdoviridae
MT153376.1,Xinmoviridae
MT153384.1,Phenuiviridae
MT153386.2,Nyamiviridae
MT153397.1,Lispiviridae
MT153420.1,Phenuiviridae
MT153457.1,Lispiviridae
MT153466.1,Rhabdoviridae
MT153468.1,Phenuiviridae
MT153499.1,Lispiviridae
MT153506.1,Chuviridae
MT153521.1,Nairoviridae
MT153546.1,Lispiviridae
MT153554.1,Nairoviridae
MT157413.1,Mymonaviridae
MT157414.1,Hypoviridae
MT161386.1,Lindbergviridae
MT162466.1,Kyanoviridae
MT162467.2,Kyanoviridae
MT176424.1,Straboviridae
MT176425.1,Straboviridae
MT176426.1,Straboviridae
MT179807.1,Straboviridae
MT180123.1,Paramyxoviridae
MT181534.1,Naryaviridae
MT181545.1,Mahapunaviridae
MT181546.1,Draupnirviridae
MT185428.1,Microviridae
MT185675.1,Rhabdoviridae
MT188505.1,Discoviridae
MT188506.1,Discoviridae
MT188509.1,Discoviridae
MT188662.1,Inoviridae
MT188664.1,Inoviridae
MT188665.1,Inoviridae
MT188666.1,Inoviridae
MT188667.1,Solemoviridae
MT193890.1,Inoviridae
MT198371.1,Peribunyaviridae
MT198372.1,Peribunyaviridae
MT198373.1,Peribunyaviridae
MT224147.1,Rhabdoviridae
MT224148.1,Rhabdoviridae
MT230534.1,Chaseviridae
MT232758.1,Fusariviridae
MT234338.1,Schitoviridae
MT234342.1,Pootjesviridae
MT239398.1,Peduoviridae
MT241326.1,Amalgaviridae
MT241517.1,Phenuiviridae
MT247721.1,Potyviridae
MT247730.1,Parvoviridae
MT247759.1,Parvoviridae
MT247760.1,Parvoviridae
MT249221.1,Phenuiviridae
MT258649.1,Discoviridae
MT259204.1,Mymonaviridae
MT263282.1,Nairoviridae
MT263283.1,Nairoviridae
MT263284.1,Nairoviridae
MT263533.1,Draupnirviridae
MT263594.1,Draupnirviridae
MT263655.1,Draupnirviridae
MT269667.1,Phenuiviridae
MT269668.1,Phenuiviridae
MT269788.1,Betaflexiviridae
MT270825.1,Phenuiviridae
MT270826.1,Phenuiviridae
MT270827.1,Phenuiviridae
MT270828.1,Phenuiviridae
MT270829.1,Phenuiviridae
MT270830.1,Phenuiviridae
MT270832.1,Phenuiviridae
MT270833.1,Phenuiviridae
MT270834.1,Phenuiviridae
MT270836.1,Phenuiviridae
MT276890.1,Polyomaviridae
MT293125.1,Artiviridae
MT293410.1,Naryaviridae
MT293413.1,Naryaviridae
MT293414.1,Naryaviridae
MT293416.1,Nenyaviridae
MT293425.1,Vilyaviridae
MT293426.1,Vilyaviridae
MT293429.1,Vilyaviridae
MT293574.1,Yaraviridae
MT303062.1,Secoviridae
MT309857.1,Genomoviridae
MT310864.1,Orlajensenviridae
MT310872.1,Stackebrandtviridae
MT311645.1,Demerecviridae
MT318123.1,Anelloviridae
MT318125.1,Anelloviridae
MT319109.1,Bromoviridae
MT319110.1,Bromoviridae
MT319111.1,Bromoviridae
MT325641.1,Rhabdoviridae
MT328775.1,Nairoviridae
MT328776.1,Nairoviridae
MT328777.1,Nairoviridae
MT334602.1,Solemoviridae
MT334618.1,Kitaviridae
MT334619.1,Kitaviridae
MT334620.1,Kitaviridae
MT341473.1,Parvoviridae
MT348706.1,Secoviridae
MT348710.1,Secoviridae
MT350293.1,Autotranscriptaviridae
MT353902.1,Phenuiviridae
MT353903.1,Phenuiviridae
MT353904.1,Phenuiviridae
MT354565.1,Mymonaviridae
MT360681.1,Drexlerviridae
MT360682.2,Drexlerviridae
MT362605.1,Kitaviridae
MT367282.1,Endolinaviridae
MT374855.1,Peduoviridae
MT374858.1,Peduoviridae
MT375547.1,Secoviridae
MT375548.1,Secoviridae
MT380195.1,Demerecviridae
MT381995.1,Rhabdoviridae
MT393593.1,Parvoviridae
MT409176.1,Andersonviridae
MT418680.1,Mimiviridae
MT419366.1,Autotranscriptaviridae
MT422786.1,Ehrlichviridae
MT425185.1,Autotranscriptaviridae
MT431699.1,Autotranscriptaviridae
MT447187.1,Mymonaviridae
MT457878.1,Smacoviridae
MT457879.1,Smacoviridae
MT457880.1,Smacoviridae
MT457881.1,Smacoviridae
MT459794.1,Salasmaviridae
MT460514.1,Demerecviridae
MT460515.1,Demerecviridae
MT460516.1,Demerecviridae
MT472637.1,Kitaviridae
MT472638.1,Kitaviridae
MT473961.1,Betaflexiviridae
MT478515.1,Draupnirviridae
MT478518.1,Draupnirviridae
MT478527.1,Draupnirviridae
MT478552.1,Draupnirviridae
MT478555.1,Draupnirviridae
MT491204.1,Lindbergviridae
MT495635.1,Inoviridae
MT496969.1,Autotranscriptaviridae
MT496971.1,Autosignataviridae
MT498035.1,Stackebrandtviridae
MT498036.1,Stackebrandtviridae
MT498065.1,Orlajensenviridae
MT498813.1,Phenuiviridae
MT498815.1,Phenuiviridae
MT498816.1,Phenuiviridae
MT498817.1,Phenuiviridae
MT498818.1,Phenuiviridae
MT498824.1,Parvoviridae
MT506024.1,Mitoviridae
MT507290.1,Secoviridae
MT507291.1,Secoviridae
MT511058.1,Drexlerviridae
MT511667.1,Paramyxoviridae
MT513101.1,Potyviridae
MT514532.1,Ehrlichviridae
MT520144.1,Fusagraviridae
MT520166.1,Solemoviridae
MT521733.1,Secoviridae
MT521990.1,Orlajensenviridae
MT521998.1,Stackebrandtviridae
MT533598.1,Betaflexiviridae
MT533610.1,Potyviridae
MT536978.1,Solemoviridae
MT537977.1,Anelloviridae
MT537993.1,Anelloviridae
MT537996.1,Anelloviridae
MT537999.1,Anelloviridae
MT538011.1,Anelloviridae
MT538013.1,Anelloviridae
MT538017.1,Anelloviridae
MT538020.1,Anelloviridae
MT538033.1,Anelloviridae
MT538050.1,Anelloviridae
MT538062.1,Anelloviridae
MT538083.1,Anelloviridae
MT538084.1,Anelloviridae
MT538089.1,Anelloviridae
MT538124.1,Anelloviridae
MT538127.1,Anelloviridae
MT538131.1,Anelloviridae
MT538139.1,Anelloviridae
MT538175.1,Anelloviridae
MT542512.1,Autotranscriptaviridae
MT543041.1,Autotranscriptaviridae
MT551010.1,Botourmiaviridae
MT577844.1,Demerecviridae
MT580795.1,Parvoviridae
MT596500.1,Rountreeviridae
MT597419.1,Autotranscriptaviridae
MT610105.1,Circoviridae
MT610106.1,Circoviridae
MT625440.1,Autotranscriptaviridae
MT639640.1,Stackebrandtviridae
MT639651.1,Stackebrandtviridae
MT639653.1,Casidaviridae
MT646386.1,Mymonaviridae
MT646406.1,Mymonaviridae
MT649486.1,Genomoviridae
MT653143.1,Demerecviridae
MT653146.1,Demerecviridae
MT657341.1,Vilmaviridae
MT658802.1,Vilmaviridae
MT658803.1,Vilmaviridae
MT659125.2,Alternaviridae
MT662115.1,Peduoviridae
MT663534.1,Allomimiviridae
MT664722.1,Grimontviridae
MT664984.1,Mesyanzhinovviridae
MT670417.1,Vandenendeviridae
MT670418.1,Vandenendeviridae
MT670419.1,Vandenendeviridae
MT670420.1,Vandenendeviridae
MT670421.1,Vandenendeviridae
MT670422.1,Vandenendeviridae
MT671987.1,Mahapunaviridae
MT674683.1,Adenoviridae
MT675124.1,Casjensviridae
MT675125.1,Casjensviridae
MT676452.1,Mitoviridae
MT677933.1,Sarkviridae
MT677934.1,Sarkviridae
MT680615.1,Autosignataviridae
MT682386.1,Autonotataviridae
MT682390.1,Autonotataviridae
MT682706.1,Drexlerviridae
MT682707.1,Autotranscriptaviridae
MT682708.1,Schitoviridae
MT682712.1,Straboviridae
MT682713.1,Straboviridae
MT684598.1,Stanwilliamsviridae
MT700412.1,Ehrlichviridae
MT701590.1,Chimalliviridae
MT701591.1,Peduoviridae
MT706025.1,Mycoalphaviridae
MT708549.1,Lindbergviridae
MT711370.1,Fervensviridae
MT711889.1,Autotranscriptaviridae
MT711976.1,Stanwilliamsviridae
MT723934.1,Stackebrandtviridae
MT723937.1,Stackebrandtviridae
MT723941.1,Stackebrandtviridae
MT732432.1,Pervagoviridae
MT732443.1,Assiduviridae
MT732445.1,Obscuriviridae
MT732450.1,Molycolviridae
MT732451.1,Molycolviridae
MT732457.1,Aggregaviridae
MT732458.1,Forsetiviridae
MT732463.1,Forsetiviridae
MT732473.1,Helgolandviridae
MT732474.1,Pachyviridae
MT732687.1,Rhabdoviridae
MT733014.1,Parvoviridae
MT733015.1,Parvoviridae
MT733016.1,Parvoviridae
MT733017.1,Parvoviridae
MT733018.1,Parvoviridae
MT733019.1,Parvoviridae
MT733023.1,Parvoviridae
MT733025.1,Parvoviridae
MT733028.1,Parvoviridae
MT733038.1,Parvoviridae
MT733039.1,Parvoviridae
MT733040.1,Parvoviridae
MT733041.1,Parvoviridae
MT733047.1,Parvoviridae
MT733049.1,Parvoviridae
MT734804.1,Parvoviridae
MT734805.1,Parvoviridae
MT734806.1,Parvoviridae
MT734807.1,Parvoviridae
MT734808.1,Parvoviridae
MT734813.1,Draupnirviridae
MT734816.1,Draupnirviridae
MT740244.1,Grimontviridae
MT740291.1,Sarkviridae
MT740307.1,Vandenendeviridae
MT740728.1,Autonotataviridae
MT740748.1,Autotranscriptaviridae
MT757161.1,Solemoviridae
MT757399.1,Rountreeviridae
MT757670.1,Secoviridae
MT758688.1,Vilmaviridae
MT766309.1,Circoviridae
MT766312.1,Circoviridae
MT770849.1,Parvoviridae
MT771343.1,Stackebrandtviridae
MT774255.1,Orthomyxoviridae
MT774257.1,Orthomyxoviridae
MT774375.1,Suoliviridae
MT774376.1,Suoliviridae
MT774377.1,Intestiviridae
MT774378.1,Steigviridae
MT774379.1,Suoliviridae
MT774380.1,Suoliviridae
MT774381.1,Intestiviridae
MT774382.1,Suoliviridae
MT774383.1,Intestiviridae
MT774384.1,Intestiviridae
MT774385.1,Steigviridae
MT774386.1,Intestiviridae
MT774388.1,Steigviridae
MT774389.1,Steigviridae
MT774391.1,Steigviridae
MT774392.1,Steigviridae
MT774395.1,Suoliviridae
MT774396.1,Suoliviridae
MT774398.1,Suoliviridae
MT774400.1,Suoliviridae
MT774401.1,Suoliviridae
MT774402.1,Suoliviridae
MT774403.1,Suoliviridae
MT774404.1,Suoliviridae
MT774405.1,Suoliviridae
MT774406.1,Suoliviridae
MT774407.1,Suoliviridae
MT774409.1,Suoliviridae
MT774410.1,Suoliviridae
MT774411.1,Suoliviridae
MT776811.1,Berryhillviridae
MT777452.1,Salasmaviridae
MT778837.1,Pootjesviridae
MT778839.1,Pootjesviridae
MT790493.1,Potyviridae
MT813140.1,Autotranscriptaviridae
MT813141.1,Autotranscriptaviridae
MT813142.1,Autotranscriptaviridae
MT815972.1,Parvoviridae
MT815980.1,Draupnirviridae
MT815981.1,Draupnirviridae
MT822288.1,Autotranscriptaviridae
MT823459.1,Paramyxoviridae
MT823463.1,Paramyxoviridae
MT833282.1,Andersonviridae
MT833283.1,Demerecviridae
MT843274.1,Demerecviridae
MT844067.1,Baculoviridae
MT856905.1,Herelleviridae
MT860232.1,Nyamiviridae
MT860240.1,Phenuiviridae
MT860256.1,Phenuiviridae
MT862163.1,Orthoherpesviridae
MT862763.1,Autotranscriptaviridae
MT863715.1,Connertonviridae
MT863729.1,Connertonviridae
MT875151.1,Rhabdoviridae
MT876189.1,Megatotiviridae
MT876190.1,Fusagraviridae
MT876192.1,Yadokariviridae
MT879190.1,Fimoviridae
MT887289.1,Andersonviridae
MT889375.1,Casidaviridae
MT889376.1,Casidaviridae
MT894005.1,Drexlerviridae
MT897906.1,Casidaviridae
MT900475.1,Orthoherpesviridae
MT901800.1,Inoviridae
MT907511.1,Roniviridae
MT909815.1,Herelleviridae
MT922050.1,Secoviridae
MT922051.1,Secoviridae
MT932329.1,Connertonviridae
MT941682.1,Autosignataviridae
MT952005.1,Casjensviridae
MT966040.1,Solemoviridae
MT966041.1,Solemoviridae
MT966872.1,Autotranscriptaviridae
MT975991.1,Inoviridae
MT995746.1,Botourmiaviridae
MT997159.1,Tobaniviridae
MT997160.1,Tobaniviridae
MW006478.1,Demerecviridae
MW006479.1,Demerecviridae
MW006481.1,Demerecviridae
MW012634.1,Salasmaviridae
MW014292.1,Rhabdoviridae
MW015081.1,Kyanoviridae
MW017456.1,Botourmiaviridae
MW017457.1,Botourmiaviridae
MW018138.1,Mamonoviridae
MW021764.1,Drexlerviridae
MW025466.1,Orthototiviridae
MW039254.1,Aliusviridae
MW039256.1,Aliusviridae
MW039257.1,Chuviridae
MW039259.1,Nyamiviridae
MW039260.1,Rhabdoviridae
MW039261.1,Crepuscuviridae
MW039262.1,Phasmaviridae
MW042787.1,Autotranscriptaviridae
MW042790.1,Autotranscriptaviridae
MW042791.1,Autotranscriptaviridae
MW042792.1,Autotranscriptaviridae
MW042800.1,Autotranscriptaviridae
MW042802.1,Drexlerviridae
MW042804.1,Autotranscriptaviridae
MW042806.1,Autotranscriptaviridae
MW042807.1,Autotranscriptaviridae
MW042808.1,Autotranscriptaviridae
MW046350.1,Oomyviridae
MW046411.1,Oomyviridae
MW046412.1,Oomyviridae
MW046452.1,Oomyviridae
MW046453.1,Oomyviridae
MW046457.1,Oomyviridae
MW046458.1,Oomyviridae
MW046460.1,Parvoviridae
MW046474.1,Oomyviridae
MW046476.1,Oomyviridae
MW046477.1,Oomyviridae
MW046478.1,Oomyviridae
MW046479.1,Oomyviridae
MW046481.1,Oomyviridae
MW046538.1,Oomyviridae
MW046577.1,Parvoviridae
MW052080.1,Lispiviridae
MW055910.1,Casidaviridae
MW057854.1,Autotranscriptaviridae
MW057857.1,Demerecviridae
MW057933.1,Connertonviridae
MW072790.1,Peduoviridae
MW074124.1,Connertonviridae
MW074125.1,Connertonviridae
MW074885.1,Autotranscriptaviridae
MW082583.1,Sarkviridae
MW091472.1,Arenaviridae
MW093492.1,Filoviridae
MW117965.1,Kyanoviridae
MW117966.1,Kyanoviridae
MW145136.1,Autonotataviridae
MW145139.1,Casjensviridae
MW147277.1,Xinmoviridae
MW147367.1,Kyanoviridae
MW147598.1,Chaseviridae
MW147599.1,Chaseviridae
MW147601.1,Chaseviridae
MW149273.1,Demerecviridae
MW149275.1,Demerecviridae
MW165064.1,Potyviridae
MW174763.1,Orthototiviridae
MW175491.1,Vandenendeviridae
MW175880.1,Pseudototiviridae
MW176107.1,Betaflexiviridae
MW183070.1,Smacoviridae
MW183072.1,Smacoviridae
MW183073.1,Smacoviridae
MW201959.1,Sarkviridae
MW202411.1,Kanorauviridae
MW202436.1,Kanorauviridae
MW202443.1,Kanorauviridae
MW202452.1,Geplanaviridae
MW202570.1,Gandrviridae
MW202578.1,Kanorauviridae
MW202635.1,Ouroboviridae
MW202638.1,Kanorauviridae
MW202677.1,Draupnirviridae
MW202684.1,Ouroboviridae
MW202688.1,Ouroboviridae
MW202695.1,Ouroboviridae
MW202708.1,Geplanaviridae
MW202729.1,Gandrviridae
MW202764.1,Draupnirviridae
MW202799.1,Ouroboviridae
MW202813.1,Kanorauviridae
MW202822.1,Gandrviridae
MW202831.1,Kanorauviridae
MW202840.1,Geplanaviridae
MW202851.1,Gandrviridae
MW202873.1,Kanorauviridae
MW206381.1,Demerecviridae
MW208811.1,Rhabdoviridae
MW227222.1,Spiciviridae
MW227223.1,Spiciviridae
MW249058.1,Orthototiviridae
MW251502.1,Solemoviridae
MW256666.1,Lispiviridae
MW256667.1,Lispiviridae
MW258709.1,Autotranscriptaviridae
MW258947.1,Fusagraviridae
MW269554.1,Casjensviridae
MW274737.1,Phasmaviridae
MW274740.1,Phasmaviridae
MW274741.1,Phasmaviridae
MW274743.1,Phasmaviridae
MW281483.1,Iflaviridae
MW288166.1,Lispiviridae
MW288170.1,Lispiviridae
MW288203.1,Lispiviridae
MW288216.1,Lispiviridae
MW288226.1,Xinmoviridae
MW289236.1,Secoviridae
MW289237.1,Secoviridae
MW291695.1,Chuviridae
MW291945.1,Phenuiviridae
MW296865.1,Andersonviridae
MW296877.1,Autotranscriptaviridae
MW306771.1,Parvoviridae
MW306775.1,Parvoviridae
MW311372.1,Andersonviridae
MW314718.1,Rhabdoviridae
MW314849.1,Stackebrandtviridae
MW315101.1,Nairoviridae
MW315107.1,Nairoviridae
MW323519.1,Betaflexiviridae
MW344054.1,Demerecviridae
MW345254.1,Autotranscriptaviridae
MW346688.1,Geplanaviridae
MW347479.1,Kanorauviridae
MW347481.1,Kanorauviridae
MW348917.1,Salasmaviridae
MW355461.1,Sarkviridae
MW355465.1,Sarkviridae
MW355479.1,Casjensviridae
MW358928.1,Autotranscriptaviridae
MW363799.1,Rountreeviridae
MW365733.1,Connertonviridae
MW367418.1,Autotranscriptaviridae
MW368831.1,Phenuiviridae
MW368832.1,Phenuiviridae
MW380865.1,Adenoviridae
MW380983.1,Chaseviridae
MW391928.1,Nairoviridae
MW391929.1,Nairoviridae
MW394388.1,Schitoviridae
MW394391.1,Chimalliviridae
MW394467.1,Ehrlichviridae
MW411578.1,Demerecviridae
MW415980.1,Peribunyaviridae
MW415981.1,Peribunyaviridae
MW415982.1,Peribunyaviridae
MW417503.1,Drexlerviridae
MW419775.2,Salasmaviridae
MW423797.1,Andersonviridae
MW423801.1,Mymonaviridae
MW423802.1,Botourmiaviridae
MW423803.1,Botourmiaviridae
MW434619.1,Peribunyaviridae
MW434620.1,Peribunyaviridae
MW434660.1,Phasmaviridae
MW434675.1,Phasmaviridae
MW434703.1,Phasmaviridae
MW434768.1,Rhabdoviridae
MW434775.1,Rhabdoviridae
MW435855.1,Vilmaviridae
MW460246.1,Lindbergviridae
MW471133.1,Cystoviridae
MW480851.1,Rhabdoviridae
MW481326.1,Andersonviridae
MW491753.2,Rhabdoviridae
MW491754.1,Rhabdoviridae
MW491755.1,Rhabdoviridae
MW491756.1,Rhabdoviridae
MW491757.1,Rhabdoviridae
MW491758.2,Rhabdoviridae
MW491759.1,Rhabdoviridae
MW491760.2,Rhabdoviridae
MW495044.2,Schitoviridae
MW503935.1,Rhabdoviridae
MW507125.1,Stackebrandtviridae
MW526258.1,Lindbergviridae
MW544066.1,Schitoviridae
MW557336.1,Rhabdoviridae
MW557651.1,Paramyxoviridae
MW557853.1,Pleolipoviridae
MW561977.1,Tobaniviridae
MW562321.1,Anicreviridae
MW562325.1,Ouroboviridae
MW567727.1,Demerecviridae
MW579552.1,Solemoviridae
MW579555.1,Solemoviridae
MW579602.1,Paramyxoviridae
MW579753.1,Bromoviridae
MW579754.1,Bromoviridae
MW579755.1,Bromoviridae
MW582785.1,Secoviridae
MW588065.1,Parvoviridae
MW588078.1,Ouroboviridae
MW588080.1,Draupnirviridae
MW588082.1,Ouroboviridae
MW588087.1,Ouroboviridae
MW588088.1,Ouroboviridae
MW598258.1,Drexlerviridae
MW598459.1,Straboviridae
MW601217.1,Hodgkinviridae
MW601223.1,Berryhillviridae
MW601953.1,Pecoviridae
MW618650.1,Parnassusviridae
MW620877.1,Endolinaviridae
MW623430.1,Rountreeviridae
MW630115.1,Schitoviridae
MW633168.1,Herelleviridae
MW645030.1,Chuviridae
MW645368.1,Baculoviridae
MW648446.1,Fiersviridae
MW648481.1,Mymonaviridae
MW655991.1,Drexlerviridae
MW656214.1,Caulimoviridae
MW671054.1,Autotranscriptaviridae
MW672037.1,Drexlerviridae
MW678790.1,Phenuiviridae
MW678791.1,Phenuiviridae
MW678792.1,Phenuiviridae
MW678879.1,Naryaviridae
MW678915.1,Geplanaviridae
MW678986.1,Naryaviridae
MW678988.1,Draupnirviridae
MW678989.1,Naryaviridae
MW678993.1,Kanorauviridae
MW678995.1,Kanorauviridae
MW678996.1,Smacoviridae
MW678999.1,Kanorauviridae
MW679000.1,Smacoviridae
MW685514.1,Peribunyaviridae
MW685515.1,Peribunyaviridae
MW686208.1,Circoviridae
MW697472.1,Draupnirviridae
MW697481.1,Ouroboviridae
MW697497.1,Kanorauviridae
MW697509.1,Kanorauviridae
MW697516.1,Kanorauviridae
MW697518.1,Kanorauviridae
MW697525.1,Kanorauviridae
MW697535.1,Geplanaviridae
MW697536.1,Geplanaviridae
MW697550.1,Kanorauviridae
MW697552.1,Kanorauviridae
MW697555.1,Kanorauviridae
MW699041.1,Inseviridae
MW713578.1,Demerecviridae
MW721934.1,Rhabdoviridae
MW722081.1,Drexlerviridae
MW731536.1,Rhabdoviridae
MW741894.1,Phenuiviridae
MW741895.1,Phenuiviridae
MW748991.1,Autotranscriptaviridae
MW749004.1,Andersonviridae
MW749010.1,Andersonviridae
MW752165.1,Mymonaviridae
MW775011.1,Filoviridae
MW798173.1,Rhabdoviridae
MW811138.2,Pistolviridae
MW814911.1,Parvoviridae
MW815121.1,Guelinviridae
MW826429.1,Blumeviridae
MW826497.1,Lispiviridae
MW826525.1,Rhabdoviridae
MW831865.1,Autonotataviridae
MW842780.1,Phenuiviridae
MW842781.1,Phenuiviridae
MW862981.1,Casidaviridae
MW862982.1,Berryhillviridae
MW864073.1,Lispiviridae
MW864602.1,Lispiviridae
MW864603.1,Lispiviridae
MW864604.1,Rhabdoviridae
MW876471.1,Autotranscriptaviridae
MW881235.1,Circoviridae
MW882933.1,Autonotataviridae
MW883060.1,Autotranscriptaviridae
MW888422.1,Bromoviridae
MW888424.1,Bromoviridae
MW890015.1,Rhabdoviridae
MW896845.1,Arenaviridae
MW896846.1,Arenaviridae
MW897022.1,Mymonaviridae
MW897033.1,Rhabdoviridae
MW897039.2,Rhabdoviridae
MW897041.1,Mymonaviridae
MW915584.1,Parvoviridae
MW922438.1,Rhabdoviridae
MW922439.1,Rhabdoviridae
MW960036.1,Schitoviridae
MW960043.1,Autonotataviridae
MW965453.2,Autonotataviridae
MW972223.1,Potyviridae
MW980066.1,Schitoviridae
MW980071.1,Schitoviridae
MZ004649.1,Sarkviridae
MZ005682.1,Casidaviridae
MZ028627.1,Kruegerviridae
MZ065536.1,Arenaviridae
MZ065537.1,Arenaviridae
MZ065541.1,Arenaviridae
MZ089730.1,Lindbergviridae
MZ089736.1,Lindbergviridae
MZ089978.1,Tectiviridae
MZ089979.1,Tectiviridae
MZ100069.1,Parvoviridae
MZ130474.1,Intestiviridae
MZ130475.1,Suoliviridae
MZ130476.1,Intestiviridae
MZ130477.1,Suoliviridae
MZ130478.1,Steigviridae
MZ130479.1,Intestiviridae
MZ130481.1,Intestiviridae
MZ130483.1,Steigviridae
MZ130485.1,Steigviridae
MZ130486.1,Intestiviridae
MZ130487.1,Crevaviridae
MZ130488.1,Intestiviridae
MZ130489.1,Crevaviridae
MZ130490.1,Crevaviridae
MZ130491.1,Suoliviridae
MZ130493.1,Suoliviridae
MZ130494.1,Suoliviridae
MZ130495.1,Suoliviridae
MZ130496.1,Suoliviridae
MZ130497.1,Suoliviridae
MZ130498.1,Suoliviridae
MZ130499.1,Suoliviridae
MZ130500.1,Suoliviridae
MZ150758.1,Andersonviridae
MZ152915.1,Rountreeviridae
MZ170697.1,Bromoviridae
MZ171369.1,Pungoviridae
MZ172460.1,Drexlerviridae
MZ189739.1,Betaflexiviridae
MZ202269.1,Phasmaviridae
MZ202270.1,Phasmaviridae
MZ202272.1,Phasmaviridae
MZ202273.1,Phasmaviridae
MZ209613.1,Lispiviridae
MZ209652.1,Lispiviridae
MZ209654.1,Lispiviridae
MZ209657.1,Rhabdoviridae
MZ209673.1,Xinmoviridae
MZ209674.1,Lispiviridae
MZ209737.1,Rhabdoviridae
MZ209771.1,Lispiviridae
MZ209782.1,Lispiviridae
MZ209891.1,Fiersviridae
MZ209903.1,Nyamiviridae
MZ209914.1,Xinmoviridae
MZ209930.1,Duinviridae
MZ209931.1,Duinviridae
MZ209987.1,Phasmaviridae
MZ210001.1,Duinviridae
MZ210007.1,Fiersviridae
MZ210010.1,Phasmaviridae
MZ210011.1,Phasmaviridae
MZ210012.1,Phasmaviridae
MZ210020.1,Fiersviridae
MZ210022.1,Lispiviridae
MZ210030.1,Xinmoviridae
MZ210031.1,Xinmoviridae
MZ220766.1,Autotranscriptaviridae
MZ221764.1,Drexlerviridae
MZ223858.1,Autotranscriptaviridae
MZ234011.1,Autotranscriptaviridae
MZ234012.1,Autosignataviridae
MZ234017.1,Mktvariviridae
MZ234019.1,Autosignataviridae
MZ234021.1,Autotranscriptaviridae
MZ234028.1,Mktvariviridae
MZ234048.1,Sarkviridae
MZ234049.1,Autosignataviridae
MZ274225.1,Sarkviridae
MZ311577.1,Nudiviridae
MZ312420.1,Paramyxoviridae
MZ312422.1,Paramyxoviridae
MZ312424.1,Paramyxoviridae
MZ312426.1,Paramyxoviridae
MZ325520.1,Secoviridae
MZ325762.1,Secoviridae
MZ326854.1,Autonotataviridae
MZ326856.1,Schitoviridae
MZ326857.1,Schitoviridae
MZ326858.1,Autonotataviridae
MZ326861.1,Schitoviridae
MZ326863.1,Autonotataviridae
MZ327261.1,Andersonviridae
MZ327262.1,Andersonviridae
MZ328277.1,Paramyxoviridae
MZ328278.1,Paramyxoviridae
MZ328279.1,Paramyxoviridae
MZ328280.1,Paramyxoviridae
MZ328283.1,Paramyxoviridae
MZ328284.1,Paramyxoviridae
MZ328285.1,Paramyxoviridae
MZ328287.1,Paramyxoviridae
MZ328288.1,Paramyxoviridae
MZ328290.1,Paramyxoviridae
MZ328291.1,Rhabdoviridae
MZ328293.1,Rhabdoviridae
MZ334501.1,Hafunaviridae
MZ334513.1,Hafunaviridae
MZ334521.1,Hafunaviridae
MZ334522.1,Hafunaviridae
MZ334525.1,Soleiviridae
MZ334526.1,Haloferuviridae
MZ334527.1,Pyrstoviridae
MZ334528.1,Suolaviridae
MZ336020.1,Chaseviridae
MZ343361.1,Hantaviridae
MZ343362.1,Hantaviridae
MZ348421.1,Schitoviridae
MZ348422.1,Chimalliviridae
MZ348423.1,Straboviridae
MZ350964.1,Circoviridae
MZ350965.1,Circoviridae
MZ350966.1,Circoviridae
MZ350967.1,Circoviridae
MZ350968.1,Circoviridae
MZ350969.1,Circoviridae
MZ350973.1,Circoviridae
MZ357124.1,Parvoviridae
MZ357148.1,Anelloviridae
MZ357157.1,Anelloviridae
MZ357183.1,Secoviridae
MZ358387.1,Schitoviridae
MZ359091.1,Rountreeviridae
MZ359670.1,Autotranscriptaviridae
MZ361924.1,Solemoviridae
MZ382570.1,Circoviridae
MZ382572.1,Circoviridae
MZ382573.1,Circoviridae
MZ389235.1,Potyviridae
MZ391827.1,Fimoviridae
MZ393519.1,Hepadnaviridae
MZ398242.1,Drexlerviridae
MZ398243.1,Mktvariviridae
MZ398244.1,Autosignataviridae
MZ398246.1,Demerecviridae
MZ398247.1,Autotranscriptaviridae
MZ401005.1,Guelinviridae
MZ401008.1,Guelinviridae
MZ420230.2,Peduoviridae
MZ424865.1,Autotranscriptaviridae
MZ428221.1,Drexlerviridae
MZ428222.1,Drexlerviridae
MZ428224.1,Drexlerviridae
MZ428225.1,Drexlerviridae
MZ428226.1,Drexlerviridae
MZ428227.1,Drexlerviridae
MZ428228.1,Drexlerviridae
MZ428229.1,Autotranscriptaviridae
MZ447858.1,Schitoviridae
MZ484467.1,Artoviridae
MZ501051.1,Drexlerviridae
MZ501053.1,Drexlerviridae
MZ501055.1,Autotranscriptaviridae
MZ501058.1,Demerecviridae
MZ501059.1,Drexlerviridae
MZ501064.1,Autotranscriptaviridae
MZ501072.1,Demerecviridae
MZ501074.1,Demerecviridae
MZ501075.1,Demerecviridae
MZ501076.1,Demerecviridae
MZ501077.1,Drexlerviridae
MZ501078.1,Autotranscriptaviridae
MZ501079.1,Drexlerviridae
MZ501080.1,Drexlerviridae
MZ501081.1,Autotranscriptaviridae
MZ501085.1,Drexlerviridae
MZ501086.1,Andersonviridae
MZ501087.1,Drexlerviridae
MZ501092.1,Drexlerviridae
MZ501099.1,Drexlerviridae
MZ501103.1,Demerecviridae
MZ501105.1,Demerecviridae
MZ501108.1,Demerecviridae
MZ501109.1,Demerecviridae
MZ501267.1,Chimalliviridae
MZ501272.1,Autotranscriptaviridae
MZ502383.1,Botourmiaviridae
MZ507556.1,Adenoviridae
MZ508290.1,Cruliviridae
MZ508291.1,Cruliviridae
MZ520833.1,Peduoviridae
MZ556147.1,Geplanaviridae
MZ556154.1,Mahapunaviridae
MZ556184.1,Mahapunaviridae
MZ556194.1,Mahapunaviridae
MZ556204.1,Geplanaviridae
MZ558516.1,Cystoviridae
MZ562791.1,Adenoviridae
MZ570151.1,Demerecviridae
MZ571143.1,Solemoviridae
MZ571828.1,Demerecviridae
MZ571830.1,Demerecviridae
MZ571831.1,Drexlerviridae
MZ571832.1,Autotranscriptaviridae
MZ571833.1,Drexlerviridae
MZ571834.1,Drexlerviridae
MZ574407.1,Paramyxoviridae
MZ574409.1,Paramyxoviridae
MZ598515.1,Drexlerviridae
MZ599588.1,Mymonaviridae
MZ604582.1,Circoviridae
MZ604590.1,Circoviridae
MZ605293.1,Vandenendeviridae
MZ616364.1,Demerecviridae
MZ622179.1,Hodgkinviridae
MZ634344.1,Demerecviridae
MZ634346.1,Drexlerviridae
MZ634348.1,Drexlerviridae
MZ634351.1,Drexlerviridae
MZ648035.1,Hodgkinviridae
MZ648214.1,Mktvariviridae
MZ648215.1,Autotranscriptaviridae
MZ664274.1,Flaviviridae
MZ666388.1,Polyomaviridae
MZ667220.1,Parvoviridae
MZ679463.1,Steitzviridae
MZ679465.1,Steitzviridae
MZ679468.1,Steitzviridae
MZ679469.1,Steitzviridae
MZ679471.1,Steitzviridae
MZ679472.1,Steitzviridae
MZ679475.1,Steitzviridae
MZ679477.1,Steitzviridae
MZ679478.1,Steitzviridae
MZ679482.1,Atkinsviridae
MZ679485.1,Steitzviridae
MZ679486.1,Fiersviridae
MZ679489.1,Steitzviridae
MZ679490.1,Steitzviridae
MZ679491.1,Steitzviridae
MZ679492.1,Steitzviridae
MZ679494.1,Steitzviridae
MZ679496.1,Steitzviridae
MZ679497.1,Steitzviridae
MZ679498.1,Steitzviridae
MZ679501.1,Steitzviridae
MZ679502.1,Steitzviridae
MZ679503.1,Steitzviridae
MZ679504.1,Steitzviridae
MZ679508.1,Steitzviridae
MZ679510.1,Steitzviridae
MZ679512.1,Steitzviridae
MZ679513.1,Steitzviridae
MZ679514.1,Steitzviridae
MZ679515.1,Steitzviridae
MZ679516.1,Steitzviridae
MZ679517.1,Steitzviridae
MZ679518.1,Steitzviridae
MZ679520.1,Steitzviridae
MZ679522.1,Steitzviridae
MZ679523.1,Steitzviridae
MZ679524.1,Fiersviridae
MZ679526.1,Steitzviridae
MZ679528.1,Atkinsviridae
MZ679530.1,Steitzviridae
MZ679531.1,Steitzviridae
MZ679532.1,Atkinsviridae
MZ679533.1,Steitzviridae
MZ679535.1,Steitzviridae
MZ679536.1,Steitzviridae
MZ679537.1,Steitzviridae
MZ679540.1,Steitzviridae
MZ679543.1,Steitzviridae
MZ679544.1,Steitzviridae
MZ679545.1,Fiersviridae
MZ679546.1,Steitzviridae
MZ679547.1,Steitzviridae
MZ679548.1,Steitzviridae
MZ679550.1,Blumeviridae
MZ679551.1,Steitzviridae
MZ679552.1,Steitzviridae
MZ679553.1,Steitzviridae
MZ679555.1,Steitzviridae
MZ679557.1,Steitzviridae
MZ679558.1,Steitzviridae
MZ679560.1,Steitzviridae
MZ679561.1,Steitzviridae
MZ679563.1,Steitzviridae
MZ679564.1,Steitzviridae
MZ679565.1,Steitzviridae
MZ679567.1,Steitzviridae
MZ679569.1,Steitzviridae
MZ679572.1,Steitzviridae
MZ679575.1,Steitzviridae
MZ679576.1,Steitzviridae
MZ679578.1,Steitzviridae
MZ679579.1,Steitzviridae
MZ679580.1,Steitzviridae
MZ679582.1,Steitzviridae
MZ679585.1,Atkinsviridae
MZ679586.1,Steitzviridae
MZ679589.1,Fiersviridae
MZ679592.1,Steitzviridae
MZ679594.1,Fiersviridae
MZ679595.1,Steitzviridae
MZ679596.1,Steitzviridae
MZ679597.1,Steitzviridae
MZ679601.1,Steitzviridae
MZ679605.1,Steitzviridae
MZ679606.1,Steitzviridae
MZ679611.1,Steitzviridae
MZ679612.1,Steitzviridae
MZ679615.1,Steitzviridae
MZ679616.1,Fiersviridae
MZ679617.1,Steitzviridae
MZ679618.1,Steitzviridae
MZ679619.1,Atkinsviridae
MZ679620.1,Steitzviridae
MZ679624.1,Steitzviridae
MZ679625.1,Steitzviridae
MZ679627.1,Steitzviridae
MZ679628.1,Fiersviridae
MZ679632.1,Steitzviridae
MZ679633.1,Fiersviridae
MZ679634.1,Steitzviridae
MZ679636.1,Steitzviridae
MZ679638.1,Atkinsviridae
MZ679641.1,Fiersviridae
MZ679644.1,Steitzviridae
MZ679645.1,Steitzviridae
MZ679648.1,Steitzviridae
MZ679649.1,Steitzviridae
MZ679650.1,Steitzviridae
MZ679652.1,Steitzviridae
MZ679653.1,Steitzviridae
MZ679655.1,Fiersviridae
MZ679656.1,Steitzviridae
MZ679659.1,Steitzviridae
MZ679660.1,Steitzviridae
MZ679661.1,Steitzviridae
MZ679663.1,Steitzviridae
MZ679665.1,Fiersviridae
MZ679666.1,Steitzviridae
MZ679669.1,Steitzviridae
MZ679670.1,Steitzviridae
MZ679671.1,Steitzviridae
MZ679678.1,Steitzviridae
MZ679679.1,Steitzviridae
MZ679680.1,Steitzviridae
MZ679681.1,Steitzviridae
MZ679684.1,Steitzviridae
MZ679685.1,Steitzviridae
MZ679686.1,Steitzviridae
MZ679687.1,Atkinsviridae
MZ679691.1,Steitzviridae
MZ679695.1,Steitzviridae
MZ679696.1,Atkinsviridae
MZ679697.1,Steitzviridae
MZ679699.1,Steitzviridae
MZ679700.1,Steitzviridae
MZ679702.1,Atkinsviridae
MZ679704.1,Steitzviridae
MZ679706.1,Fiersviridae
MZ679708.1,Fiersviridae
MZ679710.1,Steitzviridae
MZ679711.1,Steitzviridae
MZ679712.1,Atkinsviridae
MZ679713.1,Steitzviridae
MZ679714.1,Atkinsviridae
MZ679716.1,Steitzviridae
MZ679718.1,Steitzviridae
MZ679720.1,Steitzviridae
MZ679721.1,Steitzviridae
MZ679722.1,Steitzviridae
MZ679724.1,Steitzviridae
MZ679725.1,Steitzviridae
MZ679726.1,Steitzviridae
MZ679731.1,Fiersviridae
MZ679734.1,Steitzviridae
MZ679735.1,Steitzviridae
MZ679736.1,Steitzviridae
MZ679738.1,Steitzviridae
MZ679739.1,Steitzviridae
MZ679741.1,Steitzviridae
MZ679745.1,Steitzviridae
MZ679747.1,Steitzviridae
MZ679752.1,Atkinsviridae
MZ679753.1,Steitzviridae
MZ679754.1,Steitzviridae
MZ679755.1,Steitzviridae
MZ679756.1,Fiersviridae
MZ679757.1,Steitzviridae
MZ679759.1,Steitzviridae
MZ679760.1,Steitzviridae
MZ679762.1,Steitzviridae
MZ679764.1,Steitzviridae
MZ679766.1,Fiersviridae
MZ679767.1,Steitzviridae
MZ679769.1,Steitzviridae
MZ679770.1,Steitzviridae
MZ679771.1,Atkinsviridae
MZ679772.1,Steitzviridae
MZ679773.1,Steitzviridae
MZ679774.1,Atkinsviridae
MZ679776.1,Steitzviridae
MZ679778.1,Steitzviridae
MZ679779.1,Fiersviridae
MZ679782.1,Fiersviridae
MZ679783.1,Steitzviridae
MZ679784.1,Steitzviridae
MZ679785.1,Fiersviridae
MZ679792.1,Atkinsviridae
MZ679793.1,Fiersviridae
MZ679794.1,Steitzviridae
MZ679795.1,Steitzviridae
MZ679796.1,Steitzviridae
MZ679797.1,Steitzviridae
MZ679798.1,Steitzviridae
MZ679799.1,Fiersviridae
MZ679800.1,Steitzviridae
MZ679803.1,Steitzviridae
MZ679804.1,Steitzviridae
MZ679805.1,Steitzviridae
MZ679806.1,Steitzviridae
MZ679808.1,Steitzviridae
MZ679809.1,Steitzviridae
MZ679810.1,Steitzviridae
MZ679812.1,Steitzviridae
MZ679813.1,Fiersviridae
MZ679814.1,Steitzviridae
MZ679816.1,Steitzviridae
MZ679820.1,Steitzviridae
MZ679823.1,Steitzviridae
MZ679824.1,Duinviridae
MZ679825.1,Steitzviridae
MZ679827.1,Steitzviridae
MZ679828.1,Fiersviridae
MZ679831.1,Steitzviridae
MZ680326.1,Steitzviridae
MZ680327.1,Steitzviridae
MZ680331.1,Steitzviridae
MZ680332.1,Steitzviridae
MZ680334.1,Atkinsviridae
MZ680335.1,Duinviridae
MZ680336.1,Steitzviridae
MZ680339.1,Steitzviridae
MZ680340.1,Steitzviridae
MZ680341.1,Steitzviridae
MZ680342.1,Steitzviridae
MZ680343.1,Steitzviridae
MZ680345.1,Steitzviridae
MZ682351.1,Betaflexiviridae
MZ682616.1,Rhabdoviridae
MZ703097.1,Phenuiviridae
MZ703098.1,Phenuiviridae
MZ703099.1,Phenuiviridae
MZ710934.1,Circoviridae
MZ710935.1,Circoviridae
MZ726791.1,Andersonviridae
MZ736512.1,Fusagraviridae
MZ747522.1,Berryhillviridae
MZ753810.1,Paramyxoviridae
MZ766431.1,Baculoviridae
MZ773648.1,Schitoviridae
MZ773933.1,Rhabdoviridae
MZ802804.1,Paramyxoviridae
MZ813278.1,Parvoviridae
MZ822104.1,Rhabdoviridae
MZ822106.1,Rhabdoviridae
MZ826138.1,Caulimoviridae
MZ826350.1,Vandenendeviridae
MZ851152.1,Autotranscriptaviridae
MZ868713.1,Vandenendeviridae
MZ868719.1,Pseudototiviridae
MZ911846.1,Caulimoviridae
MZ923531.2,Autotranscriptaviridae
MZ926778.1,Paramyxoviridae
MZ955866.1,Sarkviridae
MZ955867.1,Schitoviridae
MZ965076.1,Solemoviridae
MZ969066.1,Mymonaviridae
MZ983390.1,Rhabdoviridae
MZ995503.1,Autotranscriptaviridae
MZ997838.1,Sarkviridae
MZ997840.1,Autosignataviridae
MZ997841.1,Autosignataviridae
OK018136.1,Autonotataviridae
OK032418.1,Betaflexiviridae
OK040171.1,Vandenendeviridae
OK040225.1,Secoviridae
OK040777.1,Casidaviridae
OK042080.1,Autotranscriptaviridae
OK044775.1,Paramyxoviridae
OK073976.1,Chaseviridae
OK086698.1,Rhabdoviridae
OK094519.1,Autotranscriptaviridae
OK108608.1,Sarkviridae
OK108609.1,Sarkviridae
OK128265.1,Rhabdoviridae
OK138555.1,Drexlerviridae
OK143207.1,Demerecviridae
OK148439.1,Chaseviridae
OK149171.2,Schitoviridae
OK149215.1,Autotranscriptaviridae
OK169616.1,Sarkviridae
OK210074.1,Autotranscriptaviridae
OK236393.1,Parvoviridae
OK254197.1,Demerecviridae
OK258138.1,Autonotataviridae
OK272472.1,Andersonviridae
OK272477.1,Demerecviridae
OK272479.1,Drexlerviridae
OK272480.1,Demerecviridae
OK272483.1,Drexlerviridae
OK275492.1,Mesyanzhinovviridae
OK300052.1,Polyomaviridae
OK319016.1,Autonotataviridae
OK481552.1,Alternaviridae
OK490494.1,Autonotataviridae
OK491485.1,Nyamiviridae
OK491501.1,Rhabdoviridae
OK491502.1,Rhabdoviridae
OK499973.1,Drexlerviridae
OK499984.1,Drexlerviridae
OK523999.1,Autotranscriptaviridae
OK524200.1,Mymonaviridae
OK539826.1,Vandenendeviridae
OK539833.1,Andersonviridae
OK539913.1,Andersonviridae
OK558607.1,Skuldviridae
OK570184.1,Autosignataviridae
OK623353.1,Paramyxoviridae
OK623354.1,Paramyxoviridae
OK623355.1,Paramyxoviridae
OK623356.1,Paramyxoviridae
OK623359.1,Paramyxoviridae
OK623360.1,Paramyxoviridae
OK623361.1,Paramyxoviridae
OK623362.1,Paramyxoviridae
OK623363.1,Paramyxoviridae
OK623365.1,Paramyxoviridae
OK624603.1,Caulimoviridae
OK625527.1,Autosignataviridae
OK626440.1,Kitaviridae
OK626447.1,Kitaviridae
OK626448.1,Kitaviridae
OK626451.1,Kitaviridae
OK626452.1,Kitaviridae
OK632024.1,Potyviridae
OK634395.1,Botourmiaviridae
OK634396.1,Botourmiaviridae
OK663600.1,Autotranscriptaviridae
OK665488.1,Schitoviridae
OK665835.1,Demerecviridae
OK666835.1,Bromoviridae
OK666836.1,Bromoviridae
OK666837.1,Bromoviridae
OK721096.1,Betaflexiviridae
OK999980.1,Berryhillviridae
OL312763.1,Potyviridae
OL348188.1,Peduoviridae
OL362270.1,Autonotataviridae
OL362272.1,Autosignataviridae
OL362281.1,Autotranscriptaviridae
OL362282.1,Autotranscriptaviridae
OL377732.1,Lispiviridae
OL396571.1,Felixviridae
OL409034.1,Autotranscriptaviridae
OL409126.1,Paramyxoviridae
OL439478.1,Rhabdoviridae
OL451868.1,Caulimoviridae
OL451946.1,Demerecviridae
OL455896.1,Casidaviridae
OL455900.1,Casidaviridae
OL471344.1,Solemoviridae
OL471978.1,Fimoviridae
OL472057.1,Bromoviridae
OL472058.1,Bromoviridae
OL472059.1,Bromoviridae
OL472060.1,Bromoviridae
OL472061.1,Bromoviridae
OL472062.1,Bromoviridae
OL472112.1,Rhabdoviridae
OL472114.1,Rhabdoviridae
OL472117.1,Rhabdoviridae
OL472118.1,Rhabdoviridae
OL472119.1,Rhabdoviridae
OL472125.1,Rhabdoviridae
OL472126.1,Rhabdoviridae
OL472403.1,Lispiviridae
OL472404.1,Lispiviridae
OL472405.1,Lispiviridae
OL472406.1,Lispiviridae
OL472411.1,Lispiviridae
OL472416.1,Lispiviridae
OL472418.1,Artoviridae
OL473597.1,Kyanoviridae
OL474141.1,Andersonviridae
OL502173.1,Demerecviridae
OL512807.1,Inoviridae
OL519843.1,Sarkviridae
OL539443.1,Drexlerviridae
OL539448.1,Drexlerviridae
OL539450.1,Drexlerviridae
OL539459.1,Drexlerviridae
OL539460.1,Drexlerviridae
OL539462.1,Drexlerviridae
OL539467.1,Drexlerviridae
OL539723.1,Bromoviridae
OL539724.1,Bromoviridae
OL539725.1,Bromoviridae
OL549188.1,Casidaviridae
OL549189.1,Casidaviridae
OL549191.1,Casidaviridae
OL549192.1,Casidaviridae
OL581612.1,Autonotataviridae
OL630968.1,Caulimoviridae
OL630969.1,Paramyxoviridae
OL674249.1,Drexlerviridae
OL674541.1,Mesyanzhinovviridae
OL685370.1,Baculoviridae
OL686893.1,Baculoviridae
OL691920.1,Autotranscriptaviridae
OL692338.1,Adenoviridae
OL700091.1,Rhabdoviridae
OL700136.1,Rhabdoviridae
OL702938.1,Drexlerviridae
OL704826.1,Circoviridae
OL704827.1,Circoviridae
OL704828.1,Circoviridae
OL704833.1,Circoviridae
OL704835.1,Draupnirviridae
OL704855.1,Kanorauviridae
OL739567.1,Caulimoviridae
OL741059.1,Chaseviridae
OL742560.1,Berryhillviridae
OL744210.1,Drexlerviridae
OL744212.1,Autotranscriptaviridae
OL744213.1,Drexlerviridae
OL744215.1,Autosignataviridae
OL744217.1,Autotranscriptaviridae
OL770365.1,Chaseviridae
OL774829.1,Rhabdoviridae
OL774846.1,Peribunyaviridae
OL774847.1,Peribunyaviridae
OL774848.1,Peribunyaviridae
OL799260.1,Herelleviridae
OL799327.1,Grimontviridae
OL799328.1,Autotranscriptaviridae
OL800603.1,Autotranscriptaviridae
OL800604.1,Demerecviridae
OL800605.1,Autotranscriptaviridae
OL800606.1,Andersonviridae
OL800706.1,Drexlerviridae
OL825705.1,Andersonviridae
OL828819.1,Dishuiviroviridae
OL829978.1,Stanwilliamsviridae
OL856139.1,Autotranscriptaviridae
OL865411.1,Drexlerviridae
OL890646.1,Botourmiaviridae
OL960574.1,Chaseviridae
OL960578.1,Drexlerviridae
OL960579.1,Drexlerviridae
OL960582.1,Drexlerviridae
OL964098.1,Bromoviridae
OL964099.1,Bromoviridae
OL964100.1,Bromoviridae
OL964756.1,Chimalliviridae
OL979628.1,Alphaflexiviridae
OL979629.1,Secoviridae
OL989991.1,Straboviridae
OM030289.1,Rhabdoviridae
OM030290.1,Rhabdoviridae
OM030292.1,Rhabdoviridae
OM030297.1,Hepadnaviridae
OM030305.1,Hantaviridae
OM030306.1,Hantaviridae
OM030311.1,Hantaviridae
OM030312.1,Hantaviridae
OM030314.1,Paramyxoviridae
OM030316.1,Paramyxoviridae
OM030321.1,Nairoviridae
OM030322.1,Nairoviridae
OM030323.1,Nairoviridae
OM030330.1,Paramyxoviridae
OM030331.1,Paramyxoviridae
OM030332.1,Paramyxoviridae
OM030333.1,Paramyxoviridae
OM030334.1,Paramyxoviridae
OM030336.1,Paramyxoviridae
OM032871.1,Drexlerviridae
OM046626.1,Peduoviridae
OM046627.1,Peduoviridae
OM046628.1,Peduoviridae
OM049502.1,Mymonaviridae
OM095377.1,Kirkoviridae
OM095401.1,Peduoviridae
OM140653.1,Peduoviridae
OM141115.1,Betaflexiviridae
OM154927.1,Vilyaviridae
OM154940.1,Bacilladnaviridae
OM154943.1,Bacilladnaviridae
OM154945.1,Bacilladnaviridae
OM154946.1,Bacilladnaviridae
OM154947.1,Bacilladnaviridae
OM154948.1,Bacilladnaviridae
OM154949.1,Bacilladnaviridae
OM154950.1,Bacilladnaviridae
OM158235.1,Schitoviridae
OM256482.1,Autotranscriptaviridae
OM258170.1,Drexlerviridae
OM262451.1,Circoviridae
OM262453.1,Circoviridae
OM262456.1,Circoviridae
OM262457.1,Circoviridae
OM262458.1,Circoviridae
OM263475.1,Potyviridae
OM272933.1,Gammaormycoviridae
OM291373.1,Sarkviridae
OM304382.1,Peduoviridae
OM317910.1,Drexlerviridae
OM323988.1,Solemoviridae
OM339548.1,Sarkviridae
OM355495.1,Autotranscriptaviridae
OM367996.1,Adenoviridae
OM386660.1,Demerecviridae
OM386661.1,Andersonviridae
OM386663.1,Andersonviridae
OM386664.1,Andersonviridae
OM456564.1,Arenaviridae
OM457002.1,Autotranscriptaviridae
OM469121.1,Parvoviridae
OM471789.1,Autotranscriptaviridae
OM475429.1,Peduoviridae
OM514449.1,Atkinsviridae
OM514450.1,Atkinsviridae
OM514453.1,Fiersviridae
OM514455.1,Fiersviridae
OM514459.1,Fiersviridae
OM514462.1,Fiersviridae
OM514464.1,Fiersviridae
OM514467.1,Fiersviridae
OM514471.1,Fiersviridae
OM514474.1,Fiersviridae
OM514476.1,Fiersviridae
OM514480.1,Fiersviridae
OM514486.1,Fiersviridae
OM514496.1,Fiersviridae
OM514500.1,Fiersviridae
OM514501.1,Fiersviridae
OM514504.1,Fiersviridae
OM514506.1,Fiersviridae
OM514507.1,Fiersviridae
OM514508.1,Fiersviridae
OM514509.1,Fiersviridae
OM514514.1,Fiersviridae
OM514515.1,Fiersviridae
OM514517.1,Fiersviridae
OM514518.1,Fiersviridae
OM514519.1,Fiersviridae
OM514520.1,Fiersviridae
OM514521.1,Fiersviridae
OM514524.1,Fiersviridae
OM514525.1,Fiersviridae
OM514526.1,Fiersviridae
OM514529.1,Fiersviridae
OM514530.1,Fiersviridae
OM514532.1,Fiersviridae
OM514533.1,Fiersviridae
OM514534.1,Fiersviridae
OM514538.1,Fiersviridae
OM514539.1,Fiersviridae
OM514540.1,Fiersviridae
OM523356.1,Rhabdoviridae
OM525829.1,Betaflexiviridae
OM540428.1,Caulimoviridae
OM638103.1,Straboviridae
OM638104.1,Guelinviridae
OM638608.1,Peduoviridae
OM638609.1,Peduoviridae
OM638611.1,Peduoviridae
OM645180.1,Nairoviridae
OM645181.1,Nairoviridae
OM645182.1,Nairoviridae
OM654404.1,Autonotataviridae
OM687517.1,Fimoviridae
OM716005.1,Autotranscriptaviridae
OM735686.1,Autonotataviridae
OM735690.1,Drexlerviridae
OM777135.1,Secoviridae
OM801008.1,Secoviridae
OM810291.1,Chaseviridae
OM810292.1,Chimalliviridae
OM837804.1,Splipalmiviridae
OM849239.1,Smacoviridae
OM867525.1,Asemoviridae
OM869484.1,Vilyaviridae
OM869486.1,Vilyaviridae
OM869487.1,Vilyaviridae
OM869490.1,Vilyaviridae
OM869491.1,Vilyaviridae
OM869583.1,Vilyaviridae
OM869595.1,Circoviridae
OM869597.1,Circoviridae
OM869600.1,Naryaviridae
OM869615.1,Vilyaviridae
OM869619.1,Naryaviridae
OM870967.1,Vandenendeviridae
OM870969.1,Vandenendeviridae
OM870970.1,Vandenendeviridae
OM892344.1,Smacoviridae
OM892349.1,Smacoviridae
OM892350.1,Smacoviridae
OM892351.1,Smacoviridae
OM892352.1,Smacoviridae
OM892353.1,Smacoviridae
OM892354.1,Smacoviridae
OM892355.1,Smacoviridae
OM892357.1,Smacoviridae
OM892358.1,Smacoviridae
OM892362.1,Smacoviridae
OM908436.1,Autotranscriptaviridae
OM920501.1,Parvoviridae
OM937123.1,Autotranscriptaviridae
OM938991.1,Drexlerviridae
OM938992.1,Drexlerviridae
OM953433.1,Andersonviridae
OM954003.1,Oomyviridae
OM966901.1,Herelleviridae
OM982620.1,Vandenendeviridae
ON005621.1,Mesyanzhinovviridae
ON024087.1,Nairoviridae
ON024088.1,Nairoviridae
ON024089.1,Nairoviridae
ON024117.1,Parvoviridae
ON042750.1,Salasmaviridae
ON073823.1,Rhabdoviridae
ON081052.1,Drexlerviridae
ON082763.1,Lispiviridae
ON087563.1,Sarkviridae
ON113168.1,Herelleviridae
ON113169.1,Herelleviridae
ON113170.1,Herelleviridae
ON125307.1,Herelleviridae
ON137710.1,Solemoviridae
ON137711.1,Tombusviridae
ON148527.1,Autosignataviridae
ON148528.1,Autotranscriptaviridae
ON156476.1,Phenuiviridae
ON162450.1,Steitzviridae
ON162538.1,Steitzviridae
ON162661.1,Fiersviridae
ON162760.1,Fiersviridae
ON162890.1,Atkinsviridae
ON163065.1,Fiersviridae
ON163172.1,Fiersviridae
ON163206.1,Fiersviridae
ON163346.1,Fiersviridae
ON163534.1,Blumeviridae
ON163786.1,Fiersviridae
ON163828.1,Fiersviridae
ON163884.1,Fiersviridae
ON163913.1,Fiersviridae
ON164096.1,Atkinsviridae
ON164208.1,Fiersviridae
ON164258.1,Steitzviridae
ON164284.1,Fiersviridae
ON164474.1,Fiersviridae
ON169972.1,Vandenendeviridae
ON184084.1,Nairoviridae
ON184085.1,Nairoviridae
ON184086.1,Nairoviridae
ON185580.1,Autosignataviridae
ON185589.1,Drexlerviridae
ON185810.1,Rhabdoviridae
ON189047.1,Mesyanzhinovviridae
ON210137.1,Lindbergviridae
ON210138.1,Andersonviridae
ON210144.1,Autosignataviridae
ON217544.1,Adenoviridae
ON239128.1,Andersonviridae
ON240063.1,Betaflexiviridae
ON240064.1,Betaflexiviridae
ON241319.1,Betaflexiviridae
ON241320.1,Betaflexiviridae
ON241321.1,Betaflexiviridae
ON241323.1,Betaflexiviridae
ON246246.1,Rhabdoviridae
ON287378.1,Autotranscriptaviridae
ON324069.1,Circoviridae
ON324071.1,Circoviridae
ON324103.1,Circoviridae
ON324104.1,Circoviridae
ON324106.1,Circoviridae
ON324118.1,Parvoviridae
ON331942.1,Mesyanzhinovviridae
ON361135.1,Vandenendeviridae
ON365567.2,Autonotataviridae
ON366412.2,Salasmaviridae
ON366507.1,Discoviridae
ON375541.1,Parvoviridae
ON375839.1,Lindbergviridae
ON381477.1,Arenaviridae
ON381478.1,Arenaviridae
ON381479.1,Arenaviridae
ON392159.1,Stackebrandtviridae
ON408166.1,Rhabdoviridae
ON408171.1,Rhabdoviridae
ON409569.1,Sarkviridae
ON409991.1,Rhabdoviridae
ON416859.1,Solemoviridae
ON428226.2,Potyviridae
ON456337.1,Stackebrandtviridae
ON456901.1,Nairoviridae
ON470592.1,Peduoviridae
ON506927.1,Herelleviridae
ON506928.1,Herelleviridae
ON526839.1,Autosignataviridae
ON526840.1,Demerecviridae
ON528933.2,Casidaviridae
ON529850.1,Jeanschmidtviridae
ON529851.1,Jeanschmidtviridae
ON529852.1,Jeanschmidtviridae
ON529854.1,Mesyanzhinovviridae
ON529855.1,Jeanschmidtviridae
ON529857.1,Jeanschmidtviridae
ON529858.1,Jeanschmidtviridae
ON529861.1,Lindbergviridae
ON529868.1,Autonotataviridae
ON555767.1,Solemoviridae
ON556610.1,Anelloviridae
ON556611.1,Anelloviridae
ON556612.1,Anelloviridae
ON556613.1,Anelloviridae
ON556614.1,Anelloviridae
ON565072.1,Solemoviridae
ON568193.1,Autotranscriptaviridae
ON571554.1,Autotranscriptaviridae
ON595961.1,Hantaviridae
ON595962.1,Hantaviridae
ON596195.1,Circoviridae
ON596196.1,Circoviridae
ON596197.1,Circoviridae
ON602044.1,Phenuiviridae
ON602045.1,Phenuiviridae
ON602733.1,Autotranscriptaviridae
ON602735.1,Drexlerviridae
ON602741.1,Drexlerviridae
ON602742.1,Autotranscriptaviridae
ON602750.1,Drexlerviridae
ON602753.1,Autotranscriptaviridae
ON602755.1,Autotranscriptaviridae
ON602765.1,Autosignataviridae
ON604651.1,Autotranscriptaviridae
ON637170.1,Demerecviridae
ON637250.1,Autotranscriptaviridae
ON642070.1,Peduoviridae
ON642334.1,Adenoviridae
ON648824.1,Arenaviridae
ON649698.1,Yanlukaviridae
ON649699.1,Yangangviridae
ON649700.1,Yangangviridae
ON649701.1,Yangangviridae
ON649702.1,Aoguangviridae
ON677309.1,Circoviridae
ON677538.1,Saffermanviridae
ON684361.1,Rhabdoviridae
ON684369.1,Nyamiviridae
ON715521.2,Autotranscriptaviridae
ON720976.1,Sarkviridae
ON720977.1,Sarkviridae
ON746412.1,Mymonaviridae
ON746413.1,Mymonaviridae
ON746518.1,Rhabdoviridae
ON746519.1,Rhabdoviridae
ON746520.1,Rhabdoviridae
ON746521.1,Rhabdoviridae
ON746523.1,Rhabdoviridae
ON746524.1,Rhabdoviridae
ON746525.1,Rhabdoviridae
ON746527.1,Rhabdoviridae
ON746531.1,Rhabdoviridae
ON754979.1,Autotranscriptaviridae
ON755176.1,Autonotataviridae
ON755186.1,Stackebrandtviridae
ON762421.1,Rhabdoviridae
ON773439.1,Caulimoviridae
ON778463.1,Chaseviridae
ON803509.1,Baculoviridae
ON828429.1,Solemoviridae
ON843719.1,Adenoviridae
ON843764.1,Mymonaviridae
ON843766.1,Bromoviridae
ON843767.1,Bromoviridae
ON855038.1,Andersonviridae
ON855039.1,Demerecviridae
ON855040.1,Drexlerviridae
ON857938.1,Lindbergviridae
ON868915.1,Andersonviridae
ON871623.1,Secoviridae
ON871624.1,Secoviridae
ON872562.1,Xinmoviridae
ON872573.1,Artoviridae
ON872782.1,Smacoviridae
ON880501.1,Autotranscriptaviridae
ON881905.1,Drexlerviridae
ON887156.1,Amalgaviridae
ON897768.1,Autotranscriptaviridae
ON911539.2,Autonotataviridae
ON932078.1,Autonotataviridae
ON932079.1,Mesyanzhinovviridae
ON932080.1,Mesyanzhinovviridae
ON932081.1,Autonotataviridae
ON932083.1,Autonotataviridae
ON932434.1,Bromoviridae
ON932435.1,Bromoviridae
ON932436.1,Bromoviridae
ON955142.1,Rhabdoviridae
ON955143.1,Rhabdoviridae
ON970568.1,Casidaviridae
ON970578.1,Kruegerviridae
ON970616.1,Casidaviridae
ON993219.1,Alphaflexiviridae
ON995367.1,Autotranscriptaviridae
ON996339.1,Sarkviridae
OP012469.1,Pleolipoviridae
OP013026.1,Autotranscriptaviridae
OP018999.1,Autosignataviridae
OP019481.1,Secoviridae
OP021638.1,Parvoviridae
OP022426.1,Guelinviridae
OP030734.1,Umezonoviridae
OP030742.1,Umezonoviridae
OP030766.1,Umezonoviridae
OP030816.1,Umezonoviridae
OP030874.1,Umezonoviridae
OP030894.1,Umezonoviridae
OP030930.1,Toyamaviridae
OP030980.1,Umezonoviridae
OP030994.1,Umezonoviridae
OP031003.1,Umezonoviridae
OP031033.1,Umezonoviridae
OP031048.1,Umezonoviridae
OP031061.1,Konodaiviridae
OP031074.1,Umezonoviridae
OP031095.1,Umezonoviridae
OP031115.1,Umezonoviridae
OP031127.1,Umezonoviridae
OP045498.1,Demerecviridae
OP056089.1,Chaseviridae
OP056300.1,Saffermanviridae
OP066307.1,Betaflexiviridae
OP067680.1,Solemoviridae
OP068342.1,Stackebrandtviridae
OP072217.1,Toyamaviridae
OP072219.1,Umezonoviridae
OP072241.1,Umezonoviridae
OP072320.1,Umezonoviridae
OP072332.1,Konodaiviridae
OP072369.1,Umezonoviridae
OP072371.1,Umezonoviridae
OP072391.1,Umezonoviridae
OP072408.1,Umezonoviridae
OP072470.1,Umezonoviridae
OP072486.1,Umezonoviridae
OP072489.1,Umezonoviridae
OP072491.1,Umezonoviridae
OP072506.1,Umezonoviridae
OP072523.1,Umezonoviridae
OP072555.1,Umezonoviridae
OP072603.1,Umezonoviridae
OP072641.1,Umezonoviridae
OP072662.1,Umezonoviridae
OP072690.1,Umezonoviridae
OP072697.1,Umezonoviridae
OP072718.1,Umezonoviridae
OP072766.1,Umezonoviridae
OP072785.1,Umezonoviridae
OP072788.1,Umezonoviridae
OP072800.1,Umezonoviridae
OP072826.1,Umezonoviridae
OP072827.1,Umezonoviridae
OP072845.1,Umezonoviridae
OP072856.1,Umezonoviridae
OP072867.1,Umezonoviridae
OP072884.1,Umezonoviridae
OP072887.1,Umezonoviridae
OP073416.1,Konodaiviridae
OP074812.1,Toyamaviridae
OP079918.1,Autosignataviridae
OP087422.1,Autonotataviridae
OP103962.1,Amalgaviridae
OP122168.1,Solemoviridae
OP171943.1,Demerecviridae
OP172796.1,Andersonviridae
OP180101.1,Rhabdoviridae
OP185508.1,Autotranscriptaviridae
OP191655.1,Arenaviridae
OP191656.1,Arenaviridae
OP256049.1,Guelinviridae
OP263037.1,Peribunyaviridae
OP263038.1,Peribunyaviridae
OP267563.1,Drexlerviridae
OP292294.1,Secoviridae
OP292295.1,Secoviridae
OP292674.1,Drexlerviridae
OP297535.1,Kruegerviridae
OP310979.1,Lindbergviridae
OP313011.1,Rhabdoviridae
OP313012.1,Rhabdoviridae
OP313018.1,Lispiviridae
OP324809.1,Kitaviridae
OP324810.1,Kitaviridae
OP324811.1,Kitaviridae
OP328249.1,Secoviridae
OP331230.1,Autotranscriptaviridae
OP352608.1,Lindbergviridae
OP352885.1,Rhabdoviridae
OP361299.1,Mesyanzhinovviridae
OP374158.1,Secoviridae
OP374159.1,Secoviridae
OP380269.1,Mesyanzhinovviridae
OP380926.1,Potyviridae
OP389270.1,Sarkviridae
OP389993.1,Solemoviridae
OP413828.1,Autosignataviridae
OP413830.1,Autosignataviridae
OP413838.1,Ahpuchviridae
OP413839.1,Itzamnaviridae
OP413840.1,Ahmunviridae
OP413841.1,Chaacviridae
OP433492.1,Salasmaviridae
OP436269.1,Parvoviridae
OP436270.1,Parvoviridae
OP455115.1,Drexlerviridae
OP456085.1,Solemoviridae
OP484843.1,Peduoviridae
OP484850.1,Sarkviridae
OP490597.1,Lindbergviridae
OP491958.1,Grimontviridae
OP514653.1,Nairoviridae
OP515798.1,Andersonviridae
OP518027.1,Rhabdoviridae
OP533794.1,Secoviridae
OP548052.1,Autonotataviridae
OP548099.1,Chaacviridae
OP548100.1,Chaacviridae
OP548620.1,Rhabdoviridae
OP549838.1,Mahapunaviridae
OP566533.1,Mymonaviridae
OP583591.1,Autonotataviridae
OP583594.1,Autonotataviridae
OP588643.1,Mestraviridae
OP589309.1,Saffermanviridae
OP590147.1,Saffermanviridae
OP595144.1,Chaseviridae
OP595146.1,Andersonviridae
OP611406.1,Drexlerviridae
OP617742.1,Drexlerviridae
OP620754.2,Autotranscriptaviridae
OP620756.2,Autotranscriptaviridae
OP627658.1,Rhabdoviridae
OP628074.1,Inoviridae
OP629190.1,Anelloviridae
OP629191.1,Anelloviridae
OP629194.1,Anelloviridae
OP629196.1,Anelloviridae
OP629199.1,Anelloviridae
OP660857.1,Solemoviridae
OP722874.1,Leishbuviridae
OP745619.1,Sarkviridae
OP764599.1,Autotranscriptaviridae
OP775654.1,Arenaviridae
OP775655.1,Arenaviridae
OP775658.1,Arenaviridae
OP775659.1,Arenaviridae
OP775660.1,Arenaviridae
OP775661.1,Arenaviridae
OP784575.1,Vandenendeviridae
OP792756.2,Casjensviridae
OP794357.1,Secoviridae
OP794358.1,Secoviridae
OP797796.1,Autonotataviridae
OP804625.1,Nairoviridae
OP804628.1,Nairoviridae
OP807964.1,Fimoviridae
OP819285.1,Autonotataviridae
OP820474.1,Casidaviridae
OP875100.2,Vandenendeviridae
OP875101.1,Vandenendeviridae
OP880252.1,Ekchuahviridae
OP880253.1,Ekchuahviridae
OP880254.1,Itzamnaviridae
OP880301.3,Peduoviridae
OP880302.2,Peduoviridae
OP894050.1,Parvoviridae
OP894055.1,Guelinviridae
OP902293.1,Andersonviridae
OP902295.1,Andersonviridae
OP917825.1,Autotranscriptaviridae
OP924544.1,Autotranscriptaviridae
OP934204.1,Circoviridae
OP946510.1,Hantaviridae
OP946511.1,Hantaviridae
OP947225.2,Autotranscriptaviridae
OP970826.1,Autotranscriptaviridae
OP985600.1,Berryhillviridae
OQ025076.1,Mktvariviridae
OQ025560.1,Peduoviridae
OQ030201.1,Paramyxoviridae
OQ031071.1,Drexlerviridae
OQ031074.1,Autotranscriptaviridae
OQ031075.1,Demerecviridae
OQ031076.1,Autotranscriptaviridae
OQ031273.1,Peribunyaviridae
OQ031274.1,Peribunyaviridae
OQ031275.1,Peribunyaviridae
OQ077989.1,Rhabdoviridae
OQ081771.1,Adenoviridae
OQ087134.1,Secoviridae
OQ087135.1,Secoviridae
OQ101836.1,Parvoviridae
OQ135102.1,Autonotataviridae
OQ135104.1,Autonotataviridae
OQ137559.1,Autonotataviridae
OQ137560.1,Autonotataviridae
OQ148665.1,Potyviridae
OQ164637.1,Vandenendeviridae
OQ174504.1,Andersonviridae
OQ174507.1,Andersonviridae
OQ186623.1,Filoviridae
OQ198120.1,Parvoviridae
OQ198121.1,Parvoviridae
OQ198124.1,Parvoviridae
OQ198126.1,Parvoviridae
OQ198128.1,Parvoviridae
OQ198134.1,Parvoviridae
OQ198137.1,Parvoviridae
OQ198141.1,Parvoviridae
OQ198151.1,Parvoviridae
OQ198154.1,Parvoviridae
OQ198157.1,Parvoviridae
OQ198159.1,Parvoviridae
OQ198160.1,Oomyviridae
OQ198162.1,Oomyviridae
OQ198179.1,Smacoviridae
OQ198180.1,Smacoviridae
OQ198181.1,Smacoviridae
OQ198183.1,Smacoviridae
OQ198185.1,Smacoviridae
OQ198247.1,Smacoviridae
OQ198250.1,Smacoviridae
OQ198717.1,Steigviridae
OQ198718.1,Steigviridae
OQ198719.1,Intestiviridae
OQ200059.1,Vandenendeviridae
OQ207701.1,Nairoviridae
OQ207702.1,Nairoviridae
OQ207703.1,Nairoviridae
OQ223306.1,Drexlerviridae
OQ225162.1,Vandenendeviridae
OQ225163.1,Vandenendeviridae
OQ236117.1,Paramyxoviridae
OQ243221.1,Drexlerviridae
OQ256237.1,Rhabdoviridae
OQ256238.1,Bromoviridae
OQ256240.1,Bromoviridae
OQ267592.1,Drexlerviridae
OQ291025.1,Autosignataviridae
OQ295988.1,Phenuiviridae
OQ295989.1,Deltaflexiviridae
OQ319936.1,Vandenendeviridae
OQ338185.1,Autotranscriptaviridae
OQ341635.1,Demerecviridae
OQ348136.1,Arenaviridae
OQ348139.1,Arenaviridae
OQ348154.1,Arenaviridae
OQ359885.1,Drexlerviridae
OQ359889.1,Demerecviridae
OQ359890.1,Demerecviridae
OQ362005.1,Demerecviridae
OQ368743.1,Rhabdoviridae
OQ368744.1,Rhabdoviridae
OQ383618.1,Peduoviridae
OQ383620.1,Demerecviridae
OQ383621.1,Demerecviridae
OQ438284.1,Paramyxoviridae
OQ438285.1,Paramyxoviridae
OQ438286.1,Paramyxoviridae
OQ438287.1,Paramyxoviridae
OQ438288.1,Paramyxoviridae
OQ438289.1,Paramyxoviridae
OQ442952.1,Rhabdoviridae
OQ463847.1,Mymonaviridae
OQ463851.1,Mymonaviridae
OQ513277.1,Phenuiviridae
OQ513279.1,Phenuiviridae
OQ515481.1,Connertonviridae
OQ540978.1,Mktvariviridae
OQ579023.1,Autotranscriptaviridae
OQ579027.1,Autotranscriptaviridae
OQ579029.1,Autotranscriptaviridae
OQ579030.1,Autotranscriptaviridae
OQ579031.1,Autotranscriptaviridae
OQ579032.1,Autotranscriptaviridae
OQ594353.1,Andersonviridae
OQ594965.1,Lindbergviridae
OQ599922.1,Circoviridae
OQ599924.1,Circoviridae
OQ622005.1,Autotranscriptaviridae
OQ622093.1,Autotranscriptaviridae
OQ622254.1,Autotranscriptaviridae
OQ674103.1,Demerecviridae
OQ680138.1,Autotranscriptaviridae
OQ680478.1,Demerecviridae
OQ680481.1,Demerecviridae
OQ689734.1,Mktvariviridae
OQ703102.1,Autotranscriptaviridae
OQ709203.1,Casidaviridae
OQ709208.1,Zierdtviridae
OQ709212.1,Casidaviridae
OQ709216.1,Casidaviridae
OQ709218.1,Casidaviridae
OQ715590.1,Artoviridae
OQ715673.1,Rhabdoviridae
OQ715674.1,Rhabdoviridae
OQ715675.1,Rhabdoviridae
OQ715680.1,Rhabdoviridae
OQ715681.1,Rhabdoviridae
OQ715683.1,Rhabdoviridae
OQ715689.1,Rhabdoviridae
OQ715690.1,Rhabdoviridae
OQ715691.1,Rhabdoviridae
OQ715697.1,Rhabdoviridae
OQ716796.1,Autotranscriptaviridae
OQ721911.1,Straboviridae
OQ721915.1,Vandenendeviridae
OQ729741.1,Autosignataviridae
OQ737697.1,Guelinviridae
OQ743992.1,Andersonviridae
OQ745668.1,Autosignataviridae
OQ790080.1,Autotranscriptaviridae
OQ792214.1,Adenoviridae
OQ818670.1,Autotranscriptaviridae
OQ828305.1,Autotranscriptaviridae
OQ828306.1,Autotranscriptaviridae
OQ829281.1,Grimontviridae
OQ831730.1,Lindbergviridae
OQ836152.1,Gulliviroviridae
OQ845959.1,Andersonviridae
OQ846916.1,Mazoviaviridae
OQ860967.1,Autotranscriptaviridae
OQ860979.1,Autotranscriptaviridae
OQ860980.1,Autotranscriptaviridae
OQ860981.1,Autotranscriptaviridae
OQ860982.1,Autotranscriptaviridae
OQ862540.1,Splipalmiviridae
OQ864999.1,Connertonviridae
OQ865609.1,Alphaflexiviridae
OQ870566.1,Mktvariviridae
OQ870567.1,Autotranscriptaviridae
OQ871555.1,Andersonviridae
OQ871563.1,Autotranscriptaviridae
OQ921101.1,Autotranscriptaviridae
OQ921102.1,Autotranscriptaviridae
OQ921332.1,Mktvariviridae
OQ927981.1,Rhabdoviridae
OQ938592.1,Casidaviridae
OQ939567.1,Autotranscriptaviridae
OQ980202.1,Splipalmiviridae
OQ986611.1,Adenoviridae
OQ990757.1,Splipalmiviridae
OR001909.1,Vandenendeviridae
OR039325.1,Alphaflexiviridae
OR050820.1,Autotranscriptaviridae
OR067836.1,Autotranscriptaviridae
OR077279.1,Peribunyaviridae
OR077281.1,Peribunyaviridae
OR077282.1,Peribunyaviridae
OR077283.1,Peribunyaviridae
OR077284.1,Peribunyaviridae
OR077286.1,Peribunyaviridae
OR077287.1,Peribunyaviridae
OR077288.1,Peribunyaviridae
OR077290.1,Peribunyaviridae
OR090884.1,Rhabdoviridae
OR105945.1,Autotranscriptaviridae
OR120048.1,Filamentoviridae
OR146996.1,Leishbuviridae
OR159674.1,Hodgkinviridae
OR204650.1,Autotranscriptaviridae
OR204651.1,Autotranscriptaviridae
OR209256.1,Autonotataviridae
OR228483.1,Autotranscriptaviridae
OR233592.1,Adenoviridae
OR240084.1,Alphaflexiviridae
OR256026.1,Autotranscriptaviridae
OR256027.1,Autotranscriptaviridae
OR260090.1,Autonotataviridae
OR261031.1,Autonotataviridae
OR296322.1,Autotranscriptaviridae
OR335651.1,Rhabdoviridae
OR338916.1,Ehrlichviridae
OR352958.1,Lindbergviridae
OR365538.1,Hantaviridae
OR387886.1,Autotranscriptaviridae
OR413567.1,Secoviridae
OR416239.1,Picornaviridae
OR439368.1,Secoviridae
OR439369.1,Secoviridae
OR475274.1,Berryhillviridae
OR475280.1,Hodgkinviridae
OR479699.1,Rhabdoviridae
OR489165.1,Rhabdoviridae
OR500437.1,Vandenendeviridae
OR521058.1,Berryhillviridae
OR521060.1,Casidaviridae
OR521074.1,Stackebrandtviridae
OR529407.1,Adenoviridae
OR536958.1,Rhabdoviridae
OR544055.1,Secoviridae
OR544056.1,Secoviridae
OR545379.1,Autotranscriptaviridae
OR553090.1,Circoviridae
OR553881.1,Rhabdoviridae
OR553895.1,Casidaviridae
OR575930.1,Vandenendeviridae
OR610327.1,Konkoviridae
OR613467.1,Casidaviridae
OR659471.1,Secoviridae
OR670591.1,Ehrlichviridae
OR687644.2,Andersonviridae
OR700523.1,Hantaviridae
OR757434.1,Mktvariviridae
OR769218.1,Lakviridae
OR769219.1,Lakviridae
OR769222.1,Lakviridae
OR769223.1,Epsomviridae
OR779982.1,Anelloviridae
OR798392.1,Autosignataviridae
OR805296.1,Lindbergviridae
OR822025.1,Autotranscriptaviridae
OR844394.1,Arenaviridae
OR844405.1,Arenaviridae
OR855706.1,Autotranscriptaviridae
OR863078.1,Apasviridae
OR868933.1,Rhabdoviridae
OR869044.1,Rhabdoviridae
OR871063.1,Rhabdoviridae
OR871655.1,Adenoviridae
OR879085.1,Potyviridae
OR887735.1,Closteroviridae
OR892555.1,Andersonviridae
OR896841.1,Autotranscriptaviridae
OR896851.1,Autotranscriptaviridae
OR896852.1,Autotranscriptaviridae
OR947508.1,Secoviridae
OR951388.1,Rhabdoviridae
OR997970.1,Autotranscriptaviridae
OR998962.1,Adenoviridae
OU230765.1,Phenuiviridae
OU230767.1,Phenuiviridae
OU466880.1,Fimoviridae
OU734268.1,Drexlerviridae
OU784549.1,Peduoviridae
OU784746.1,Peduoviridae
OU784750.1,Peduoviridae
OV054445.1,Peribunyaviridae
OV054446.1,Peribunyaviridae
OV054447.1,Peribunyaviridae
OV192280.1,Peduoviridae
OV696611.1,Peduoviridae
OW251746.1,Drexlerviridae
OW528630.1,Rhabdoviridae
OW528632.1,Rhabdoviridae
OW988864.1,Hydriviridae
OX016465.1,Andersonviridae
OX335359.1,Autotranscriptaviridae
OX335370.1,Drexlerviridae
OX335378.1,Autotranscriptaviridae
OX335381.1,Drexlerviridae
OX335382.1,Autosignataviridae
OX335383.1,Drexlerviridae
OX335386.1,Drexlerviridae
OX335387.1,Drexlerviridae
OX335389.1,Autotranscriptaviridae
OX335390.1,Autotranscriptaviridae
OX335395.1,Drexlerviridae
OX335398.1,Autotranscriptaviridae
OX335409.1,Autotranscriptaviridae
OX335417.1,Drexlerviridae
OX335418.1,Autotranscriptaviridae
OX335419.1,Autotranscriptaviridae
OX335420.1,Autotranscriptaviridae
OX335421.1,Drexlerviridae
OX335422.1,Drexlerviridae
OX335426.1,Autotranscriptaviridae
OX335430.1,Drexlerviridae
OX335437.1,Autotranscriptaviridae
OX335438.1,Autotranscriptaviridae
OX335443.1,Autotranscriptaviridae
OX359472.1,Autotranscriptaviridae
OX365879.1,Speroviridae
OX380363.1,Rhabdoviridae
OX380364.1,Rhabdoviridae
OX380442.1,Secoviridae
OX380465.1,Secoviridae
OX380478.1,Secoviridae
OX380481.1,Secoviridae
OX380490.1,Secoviridae
OX411436.1,Rhabdoviridae
OX460914.1,Autotranscriptaviridae
OX461104.1,Autotranscriptaviridae
OY734801.1,Filamentoviridae
OY757061.1,Autotranscriptaviridae
OY757063.1,Autonotataviridae
OY757090.1,Autotranscriptaviridae
OY976565.1,Autotranscriptaviridae
OY976571.1,Autotranscriptaviridae
OY977469.1,Autotranscriptaviridae
OY978798.1,Autotranscriptaviridae
OY978816.1,Autotranscriptaviridae
OY978822.1,Autotranscriptaviridae
OY978834.1,Autotranscriptaviridae
OY978857.1,Autosignataviridae
OY978870.1,Autotranscriptaviridae
OY979392.1,Autotranscriptaviridae
OY979398.1,Autosignataviridae
OY979415.1,Autotranscriptaviridae
PP066244.1,Parvoviridae
PP079413.1,Autonotataviridae
PP079414.1,Autonotataviridae
PP079415.1,Autonotataviridae
PP079416.1,Autonotataviridae
PP079417.1,Autonotataviridae
PP097219.1,Alphaflexiviridae
PP098964.1,Adenoviridae
PP105577.1,Autotranscriptaviridae
PP115950.1,Alphaflexiviridae
PP208921.1,Casidaviridae
PP208923.1,Casidaviridae
PP226939.1,Autotranscriptaviridae
PP328844.1,Autotranscriptaviridae
PP356685.1,Autotranscriptaviridae
PP357453.1,Autotranscriptaviridae
PP357455.1,Autotranscriptaviridae
PP357456.1,Autotranscriptaviridae
PP357457.1,Autotranscriptaviridae
PP357466.1,Autotranscriptaviridae
PP357468.1,Autotranscriptaviridae
PP357472.1,Autotranscriptaviridae
PP357474.1,Autotranscriptaviridae
PP357477.1,Autotranscriptaviridae
PP357480.1,Autotranscriptaviridae
PP382205.1,Potyviridae
PP434896.1,Hantaviridae
PP453689.1,Autonotataviridae
PP467599.1,Kunpengviridae
PP467601.1,Fuxiviridae
PP467602.1,Chiyouviridae
PP496414.1,Vandenendeviridae
PP496415.1,Vandenendeviridae
PP496417.1,Vandenendeviridae
PP497039.1,Krittikaviridae
PP497040.1,Satyavativiridae
PP537962.1,Kruegerviridae
PP537965.1,Usuviridae
PP551948.2,Vandenendeviridae
PP579741.1,Demerecviridae
PP590693.1,Arenaviridae
PP590769.1,Arenaviridae
PP693361.1,Paulinoviridae
PP711183.1,Bornaviridae
PP711818.1,Adenoviridae
PP754928.1,Ludisviridae
PP754929.1,Alisviridae
PP754930.1,Alisviridae
PP754931.1,Nixviridae
PP790224.1,Anelloviridae
PP790225.1,Anelloviridae
PP790227.1,Anelloviridae
PP790229.1,Anelloviridae
PP790230.1,Anelloviridae
PP790231.1,Anelloviridae
PP790232.1,Anelloviridae
PP790249.1,Anelloviridae
PP790254.1,Anelloviridae
PP790255.1,Anelloviridae
PP790261.1,Anelloviridae
PP790267.1,Anelloviridae
PP790268.1,Anelloviridae
PP790269.1,Anelloviridae
PP790279.1,Anelloviridae
PP790288.1,Anelloviridae
PP790292.1,Anelloviridae
PP905731.1,Hantaviridae
PP934563.1,Felixviridae
PQ167755.1,Eurekaviridae
PQ415717.1,Picornaviridae
PQ415718.1,Picornaviridae
QMYA01000001.1,Huangdiviridae
QUVN01000024.1,Peduoviridae
S43937.1,Alphatetraviridae
S45208.1,Picornaviridae
S46028.1,Tombusviridae
S47716.1,Hantaviridae
S48091.1,Tospoviridae
S51557.1,Mayoviridae
S55890.1,Mayoviridae
S63913.1,Partitiviridae
S73580.1,Alphaflexiviridae
U01059.1,Monocitiviridae
U01060.1,Orthototiviridae
U01834.1,Papillomaviridae
U01866.1,Retroviridae
U03387.1,Virgaviridae
U03563.1,Tombusviridae
U03982.1,Retroviridae
U04327.1,Retroviridae
U04608.1,Bornaviridae
U05876.1,Picornaviridae
U07551.1,Barnaviridae
U08999.1,Pseudototiviridae
U09509.1,Potyviridae
U15146.1,Arteriviridae
U15440.1,Closteroviridae
U15441.1,Closteroviridae
U15728.1,Bromoviridae
U15729.1,Bromoviridae
U15730.1,Bromoviridae
U16304.1,Closteroviridae
U16731.1,Alphasatellitidae
U16733.1,Nanoviridae
U16734.1,Nanoviridae
U16735.1,Alphasatellitidae
U17389.1,Bromoviridae
U17390.1,Bromoviridae
U17391.1,Bromoviridae
U17726.1,Bromoviridae
U18059.1,Flaviviridae
U18101.2,Rhabdoviridae
U18246.1,Alphatetraviridae
U18466.2,Asfarviridae
U19239.1,Poxviridae
U19287.1,Potyviridae
U21941.1,Papillomaviridae
U22303.1,Flaviviridae
U22304.1,Flaviviridae
U22521.1,Picornaviridae
U23414.1,Alphaflexiviridae
U24159.1,Peduoviridae
U26342.1,Parvoviridae
U27495.1,Flaviviridae
U27809.1,Tospoviridae
U30944.1,Virgaviridae
U31778.1,Papillomaviridae
U31779.1,Papillomaviridae
U31782.1,Papillomaviridae
U31783.1,Papillomaviridae
U31784.1,Papillomaviridae
U31785.1,Papillomaviridae
U31786.1,Papillomaviridae
U31787.1,Papillomaviridae
U31788.1,Papillomaviridae
U31789.1,Papillomaviridae
U31790.1,Papillomaviridae
U31792.1,Papillomaviridae
U31793.1,Papillomaviridae
U31794.1,Papillomaviridae
U31989.1,Peribunyaviridae
U32108.1,Pseudototiviridae
U32983.1,Phycodnaviridae
U34050.1,Bromoviridae
U34248.1,Arenaviridae
U35145.1,Bromoviridae
U36801.1,Hantaviridae
U37488.1,Papillomaviridae
U40839.3,Adenoviridae
U41071.1,Arenaviridae
U41345.2,Pseudototiviridae
U41758.1,Microviridae
U42555.1,Tospoviridae
U42596.1,Potyviridae
U44402.1,Flaviviridae
U45966.1,Flaviviridae
U46933.1,Adenoviridae
U47034.1,Virgaviridae
U47137.1,Peribunyaviridae
U50869.1,Secoviridae
U51931.1,Closteroviridae
U53224.1,Phenuiviridae
U53466.2,Baculoviridae
U55002.1,Tombusviridae
U57046.1,Bromoviridae
U57047.1,Bromoviridae
U57305.1,Tombusviridae
U57648.1,Bromoviridae
U58771.1,Potyviridae
U59461.2,Baculoviridae
U59751.1,Caulimoviridae
U60315.1,Poxviridae
U60650.1,Birnaviridae
U61228.1,Potyviridae
U62546.1,Tombusviridae
U62963.1,Alphaflexiviridae
U63715.1,Flaviviridae
U64512.1,Virgaviridae
U66714.1,Spinareoviridae
U67839.1,Secoviridae
U70866.1,Secoviridae
U72332.1,Tombusviridae
U73034.2,Arenaviridae
U75538.1,Bromoviridae
U75930.2,Baculoviridae
U76874.2,Caliciviridae
U77082.1,Adenoviridae
U80934.1,Bromoviridae
U82447.1,Phenuiviridae
U83594.1,Papillomaviridae
U85399.1,Bromoviridae
U87392.3,Arteriviridae
U87411.1,Flaviviridae
U87832.1,Tymoviridae
U88410.1,Nairoviridae
U88536.1,Flaviviridae
U88974.1,Aliceevansviridae
U89243.1,Alphaflexiviridae
U90136.1,Narnaviridae
U93192.1,Bromoviridae
U93193.1,Bromoviridae
U93194.1,Bromoviridae
U94421.1,Flaviviridae
U94514.1,Retroviridae
U95208.2,Caulimoviridae
U95995.1,Partitiviridae
U97553.2,Orthoherpesviridae
UPSH01000001.1,Mimiviridae
V00603.1,Orthomyxoviridae
V00604.2,Inoviridae
V00642.1,Fiersviridae
V00657.1,Microviridae
V01108.1,Polyomaviridae
V01116.1,Papillomaviridae
V01146.1,Autotranscriptaviridae
V01150.1,Picornaviridae
V01201.1,Retroviridae
V01408.1,Virgaviridae
V01460.1,Hepadnaviridae
X00203.1,Papillomaviridae
X00206.1,Secoviridae
X00435.1,Bromoviridae
X00595.1,Picornaviridae
X00729.1,Secoviridae
X00925.1,Picornaviridae
X01572.1,Bromoviridae
X01678.1,Bromoviridae
X02316.1,Picornaviridae
X02346.1,Papillomaviridae
X02380.1,Bromoviridae
X02763.1,Hepadnaviridae
X03700.1,Flaviviridae
X03711.1,Retroviridae
X03854.1,Virgaviridae
X03869.1,Fiersviridae
X04062.1,Secoviridae
X04083.1,Potyviridae
X04370.1,Orthoherpesviridae
X04658.1,Caulimoviridae
X05015.1,Papillomaviridae
X05690.1,Picornaviridae
X05817.1,Papillomaviridae
X06166.1,Caulimoviridae
X06728.1,Alphaflexiviridae
X07234.1,Fuselloviridae
X07441.1,Tymoviridae
X07755.1,Flaviviridae
X08021.1,Tombusviridae
X12456.1,Potyviridae
X13063.1,Solemoviridae
X14006.1,Virgaviridae
X14037.1,Metaviridae
X14336.1,Inoviridae
X14736.2,Tombusviridae
X14855.1,Tristromaviridae
X15346.1,Secoviridae
X15511.1,Tombusviridae
X15828.2,Caulimoviridae
X16415.1,Potyviridae
X16907.1,Secoviridae
X17219.1,Metaviridae
X51344.1,Plectroviridae
X51828.1,Virgaviridae
X52107.1,Inoviridae
X52505.1,Tobaniviridae
X52506.1,Tobaniviridae
X52938.1,Caulimoviridae
X53459.3,Arteriviridae
X53563.1,Phenuiviridae
X54354.1,Tymoviridae
X54482.1,Retroviridae
X54529.1,Tymoviridae
X55129.1,Hantaviridae
X55901.1,Hantaviridae
X55964.1,Papillomaviridae
X55965.1,Papillomaviridae
X56147.1,Papillomaviridae
X56492.1,Hantaviridae
X57559.1,Paramyxoviridae
X57924.1,Caulimoviridae
X60213.1,Hepadnaviridae
X60322.1,Microviridae
X60323.1,Microviridae
X62493.1,Tombusviridae
X62843.1,Papillomaviridae
X62844.1,Papillomaviridae
X63630.1,Potyviridae
X64275.1,Paramyxoviridae
X64346.1,Orthoherpesviridae
X64886.1,Secoviridae
X66972.1,Tospoviridae
X67673.1,Potyviridae
X68414.1,Phenuiviridae
X70827.1,Papillomaviridae
X70828.1,Papillomaviridae
X70829.1,Papillomaviridae
X73476.1,Closteroviridae
X73487.1,Adenoviridae
X74463.1,Papillomaviridae
X74464.1,Papillomaviridae
X74465.1,Papillomaviridae
X74466.1,Papillomaviridae
X74468.1,Papillomaviridae
X74469.1,Papillomaviridae
X74471.1,Papillomaviridae
X74473.1,Papillomaviridae
X74474.1,Papillomaviridae
X74475.1,Papillomaviridae
X74476.1,Papillomaviridae
X74477.1,Papillomaviridae
X74478.1,Papillomaviridae
X74479.1,Papillomaviridae
X74480.1,Papillomaviridae
X74482.1,Papillomaviridae
X74483.1,Papillomaviridae
X74945.1,Parvoviridae
X75448.1,Betaflexiviridae
X75657.1,Hepadnaviridae
X76931.1,Solemoviridae
X76993.1,Bromoviridae
X77858.1,Papillomaviridae
X78602.1,Virgaviridae
X79047.1,Picornaviridae
X79270.1,Betaflexiviridae
X80059.1,Picornaviridae
X80191.1,Fiersviridae
X80480.1,Spinareoviridae
X80481.1,Spinareoviridae
X80879.1,Alphasatellitidae
X82130.1,Virgaviridae
X82547.1,Betaflexiviridae
X83110.1,Solemoviridae
X83413.2,Orthoherpesviridae
X83964.1,Tombusviridae
X84035.1,Birnaviridae
X84981.1,Picornaviridae
X85215.3,Tombusviridae
X85989.1,Tombusviridae
X86352.1,Bromoviridae
X86557.1,Caliciviridae
X86784.1,Flaviviridae
X87115.1,Tombusviridae
X89628.1,Phenuiviridae
X90904.1,Potyviridae
X92760.1,Birnaviridae
X92761.1,Birnaviridae
X93218.1,Tospoviridae
X93507.1,Metaviridae
X94164.1,Papillomaviridae
X94165.1,Papillomaviridae
X94346.1,Bromoviridae
X94347.1,Bromoviridae
X95908.1,Metaviridae
X96871.1,Picornaviridae
X96987.2,Salasmaviridae
X97918.2,Trautnerviridae
X98291.3,Paramyxoviridae
X98991.1,Alphaflexiviridae
X99149.1,Virgaviridae
Y00302.1,Retroviridae
Y07863.1,Flaviviridae
Y08851.1,Retroviridae
Y09598.1,Adenoviridae
Y09762.1,Rhabdoviridae
Y09854.1,Potyviridae
Y10237.1,Closteroviridae
Y10973.1,Potyviridae
Y11530.1,Solemoviridae
Y12083.1,Flaviviridae
Y13184.1,Flaviviridae
Y13463.1,Tombusviridae
Y15173.1,Papillomaviridae
Y15174.1,Papillomaviridae
Y15175.1,Papillomaviridae
Y15176.1,Papillomaviridae
Y15936.2,Astroviridae
Y15937.2,Astroviridae
Y16104.1,Tymoviridae
Y17873.1,Orthomyxoviridae
Y18263.1,Rhabdoviridae
Z11866.1,Metaviridae
Z17327.1,Pseudoviridae
Z21647.1,Alphaflexiviridae
Z25771.1,Astroviridae
Z26920.1,Potyviridae
Z36974.2,Virgaviridae
Z46351.1,Virgaviridae
Z46353.1,Virgaviridae
Z47794.1,Madridviridae
Z48506.1,Potyviridae
Z48630.1,Solemoviridae
Z69620.1,Caliciviridae
Z69910.1,Tombusviridae
Z69993.1,Hantaviridae
Z73124.1,Potyviridae
Z97873.1,Virgaviridae
